ClassifierNetwork,
784,32,32,16,10,
-0.152853,-0.112288,0.0216484,0.252167,-0.0630942,0.0324986,0.190665,0.173772,-0.213863,-0.031979,0.0661644,0.0145879,-0.122361,0.0656157,-0.0339623,0.0244573,0.221979,-0.159201,0.0139289,0.0581396,0.0528134,-0.0612345,-0.0826553,0.0258118,-0.0621831,-0.0133424,0.049064,-0.0211602,-0.164338,-0.205424,0.0595723,-0.0101241,
-0.275092,-0.240179,0.0933852,0.175164,-0.0620224,0.0376031,-0.0552641,-0.035415,0.199638,-0.235947,-0.122568,0.102853,-0.0779073,-0.124196,0.0962809,0.0709295,-0.0430234,-0.0937119,-0.0373468,-0.0946508,0.000129056,0.0479914,0.120565,-0.0378205,-0.0863469,-0.00947996,0.0285082,-0.0428619,0.0935768,0.0408633,0.111993,-0.00628635,
0.162764,0.00613038,-0.119739,-0.0219957,0.087732,-0.185943,0.0132351,0.0984661,0.0560302,0.173275,0.0263011,-0.020601,-0.0461978,0.0608322,0.0226368,0.142561,0.138648,0.0830782,0.0379021,0.0515127,-0.0646846,0.00986238,-0.0173183,0.091152,0.120437,-0.0770474,0.198146,-0.0730254,-0.19508,-0.0149257,-0.00578973,-0.106261,
-0.0303765,-0.0040413,-0.0447557,-0.0901468,0.130783,0.0218838,0.0357068,0.0898119,0.120697,-0.102195,-0.0955816,-0.0407002,-0.063009,0.16473,-0.0517194,-0.00127236,-0.0477987,0.166716,0.0244145,0.000758736,0.0904677,0.0261722,-0.0368665,0.287816,-0.0284925,0.0321918,0.0109504,0.0835829,0.0278016,0.130536,-0.0531132,0.170554,
-0.0040426,-0.101377,-0.0821185,-0.0295616,0.0106283,-0.156984,0.152228,-0.145377,-0.0907828,0.0449436,-0.112695,0.0894414,-0.0955509,0.0826558,0.1495,-0.021644,0.0627071,-0.0600175,-0.0343318,0.10316,0.0517633,0.225489,-0.189038,-0.00626656,-0.021301,-0.149666,-0.0281737,-0.0105427,0.0584878,0.0038756,-0.115333,0.208632,
0.0541868,-0.0466226,-0.233895,-0.10298,-0.068773,-0.123302,0.0602496,-0.0579784,0.294747,-0.160131,0.00249117,-0.0501283,-0.0126863,0.080063,-0.139784,0.13243,0.0110617,0.039825,0.0259166,0.0771152,-0.0566722,0.291903,0.0943775,-0.0821609,-0.10801,-0.0774962,-0.133927,0.0174731,0.0706579,0.0167109,-0.152388,0.106069,
0.166183,0.258212,-0.120772,0.0526337,0.117081,-0.0840225,0.0966143,0.263099,-0.0953241,-0.0455695,0.0340293,-0.0882594,-0.212018,-0.0792414,-0.112485,0.166538,-0.0382706,0.0277577,-0.0416127,-0.00845033,0.090988,0.0777953,0.0493622,-0.0737121,-0.156062,-0.103346,-0.0383985,-0.0679895,-0.0223779,0.0163514,-0.0233686,0.221139,
0.0227921,-0.0526667,0.0817565,0.0432792,0.0227046,0.110332,0.267213,-0.00948149,0.0306187,0.0180946,-0.116661,-0.0560052,0.116313,0.078498,-0.0399967,0.0531364,-0.152359,-0.00481938,0.13572,0.179876,0.100973,0.0707304,0.0449093,-0.201084,9.36718e-05,0.0821586,0.000939234,0.0945031,-0.00873925,-0.0413714,-0.082304,0.100306,
0.015549,-0.0621139,0.0915318,0.0199782,-0.10795,-0.157624,-0.0789288,0.0691114,-0.0604402,0.137971,0.0573798,-0.0324636,-0.0882394,-0.0305746,-0.0278259,0.0268753,-0.0902577,-0.025328,0.0571634,-0.0903034,-0.129617,-0.0647595,-0.0670266,0.110322,-0.1125,0.00194066,0.143197,0.0541005,-0.0743496,0.0338214,0.00620133,-0.0673454,
-0.0400309,0.0535007,0.0931486,0.0293957,0.0321001,-0.163396,0.0906504,0.0432886,0.0429159,0.0677316,0.140421,-0.0207389,0.0684223,0.211484,-0.0730071,0.140514,0.194869,0.0110082,0.0824877,-0.0331971,0.0346265,-0.166484,-0.0192616,0.160544,-0.1074,0.0433472,-0.0401401,0.0440371,0.00230702,0.102953,0.153597,-0.164988,
0.0635638,0.0756583,-0.00722761,0.229361,0.00481359,0.00165769,0.0101185,0.207965,-0.0514139,0.078523,-0.0491892,-0.0793194,-0.0421734,-0.0897511,-0.0669524,-0.228917,0.0428707,-0.0469509,0.0327629,-0.112626,-0.0456209,-0.067896,0.0905275,-0.0238309,0.00451459,-0.0834517,0.113705,-0.0530303,0.0665975,0.062135,-0.121655,0.00528626,
0.145286,0.114223,-0.101841,0.124534,0.0649007,-0.0324901,-0.110598,0.0403907,0.0634067,0.193838,-0.000465288,-0.122823,0.0551683,0.150269,0.0940018,-0.172756,0.00200004,0.0947013,0.0231117,-0.116773,0.0444233,-0.0671491,-0.00322067,0.195889,-0.190664,-0.0714608,-0.14787,0.0147665,0.0211964,0.0940606,0.100258,0.025157,
-0.103288,0.0944027,-0.0755978,-0.0871424,-0.159569,-0.0405509,0.155665,0.0596929,0.00202814,-0.112156,-0.0690809,-0.116352,-0.102097,-0.152759,-0.0968186,-0.28481,-0.0395127,-0.0738518,-0.040631,0.0418436,-0.117596,0.00388986,0.00274786,-0.00920167,0.194485,0.0182046,-0.145516,0.00781496,0.0833314,0.0275734,0.0727511,-0.0110092,
0.0821681,-0.0965885,-0.0346224,-0.0224937,0.141496,0.0511263,-0.0352107,0.127372,0.0349572,-0.0849501,0.0860689,-0.284785,-0.0970691,0.0127603,0.0535531,-0.0211259,-0.00247917,0.0645316,-0.022151,-0.109199,-0.0261816,0.107196,-0.0182227,-0.04623,-0.113822,-0.0677526,0.0799806,0.00973893,-0.0129157,0.0406561,0.109691,0.034879,
0.0736976,-0.0416135,0.0148117,-0.0701804,0.0443513,0.0508259,-0.0205254,0.0660086,-0.133113,-0.111848,-0.0477209,0.114394,0.0216518,0.105603,0.126699,0.0509985,-0.0656984,0.0458136,0.201336,-0.0501415,0.0101011,0.0673564,0.0328543,0.0256458,-0.106245,-0.144162,0.0142254,0.214295,-0.0220534,0.148635,0.128693,-0.0655167,
0.0751175,0.0162475,0.175738,0.0416886,-0.0428363,0.0183423,-0.0776215,0.146519,0.000267289,0.170111,-0.15415,-0.0136258,-0.173182,0.0865405,0.0271845,-0.0114854,0.143743,-0.165092,-0.136455,-0.181056,0.0160566,0.112021,-0.016625,-0.165183,-0.0606508,0.0461387,0.11254,-3.50875e-06,-0.0815915,0.0680475,-0.126668,-0.0400213,
0.0151901,0.0700532,0.0794081,0.0530079,0.0715692,0.0496255,0.0922517,0.171136,0.105607,-0.0117018,-0.0250463,0.0350639,0.00272896,-0.0885932,0.103764,-0.0795716,0.155764,0.0628735,-0.0544584,0.0368882,0.120898,-0.0677289,-0.0248708,-0.103446,-0.19335,-0.0148442,0.11741,0.0474621,0.0263332,0.0294608,-0.117327,0.0780923,
0.044722,0.0411372,-0.0853695,0.126816,-0.0556657,-0.0355085,0.064844,-0.154969,0.0763692,-0.157257,0.0578393,0.120755,-0.0957475,0.0628775,-0.0326118,0.131166,0.0316877,-0.226369,0.11847,0.075318,0.00837017,-0.0488766,-0.00711324,-0.124946,-0.0919431,0.150115,-0.0215402,-0.158613,0.020144,-0.0584121,-0.0707035,-0.148522,
0.217479,-0.0327502,-0.0107526,-0.0991288,-0.130451,-0.00927873,-0.00958335,0.0730833,0.0342678,-0.194638,-0.0628865,-0.0700034,-0.181127,0.0328214,0.14812,0.0450617,-0.116331,-0.0440382,-0.049795,0.0802812,0.00469318,-0.113945,-0.00722408,0.212746,0.17021,-0.105134,0.00652356,0.0216698,-0.033442,0.0400306,-0.160813,-0.0141243,
0.100124,0.0496837,-0.140846,-0.0377419,0.0301117,0.0877142,0.0140694,0.0135132,0.0198031,0.0656259,-0.0612166,0.108265,0.0461822,0.0399944,-0.0496671,0.0153262,-0.0962669,0.093594,0.0923845,-0.223238,0.0198571,-0.14912,0.0128001,0.18346,-0.0127357,0.0349755,-0.01668,0.102916,-0.108234,-0.00158479,-0.109412,0.153061,
0.0272389,-0.0935624,-0.0590288,0.128228,-0.0903493,-0.0142628,-0.225247,-0.0668445,-0.0687378,0.0698517,0.10749,0.167996,-0.0465459,0.0300925,0.120125,-0.0968292,-0.0309262,-0.0514618,-0.137508,0.127426,0.0327114,-0.0596409,0.224023,0.117508,-0.101119,0.00493616,-0.0244719,-0.059441,0.117246,0.114805,0.0582959,0.140452,
0.0270807,0.0751915,-0.0242454,-0.0967795,-0.167081,-0.220441,-0.00410902,-0.113592,-0.0941761,0.0383445,0.081014,-0.10445,0.0531512,-0.0549968,-0.192606,-0.0225791,-0.123568,-0.122785,-0.0692047,0.0583923,-0.0995029,0.0927831,0.0977942,-0.0603252,0.0260503,0.131661,-0.0276754,-0.127214,-0.164722,0.0205775,0.159066,-0.0532901,
0.0359806,-0.0830326,-0.107418,0.00341066,0.0977757,0.0517797,0.094287,-0.0945412,0.0310027,0.0347434,0.0145169,0.00873664,0.020076,0.0116258,0.00361988,-0.0465931,-0.00228223,0.128518,0.0142576,-0.00466094,0.0798021,-0.165626,0.0913699,0.0555034,-0.0642218,0.16753,-0.010528,-0.165763,-0.0543037,-0.00108593,0.0668438,-0.099262,
-0.0957669,0.163962,-0.0072412,0.101249,0.0524678,0.0514535,0.024696,-0.115319,-0.181496,-0.173248,0.0612069,0.0826189,0.134594,-0.0242521,-0.047147,0.111228,-0.115817,0.137299,-0.0909811,0.11194,-0.0541976,0.0785781,-0.00987118,0.0569654,0.0149415,-0.077228,-0.0692922,-0.105112,0.186085,0.120249,-0.0115832,-0.0413922,
0.0920612,-0.0970837,-0.107182,0.0865054,-0.0311338,0.0146773,0.0181366,-0.156926,0.0754232,0.0732394,0.064799,0.0781088,0.0280408,-0.0519249,0.0219682,0.128528,-0.0338801,-0.0180778,0.0644351,0.163735,-0.172078,-0.0185792,-0.0542636,0.0110092,-0.0643164,0.0306309,0.000388632,-0.0207182,0.176245,-0.128463,-0.184357,0.0137675,
0.103093,-0.0344396,-0.0774509,0.0347573,-0.153458,0.179087,-0.217894,-0.0526897,-0.161939,-0.0122788,0.0160912,0.0441696,-0.0979626,-0.0271877,0.227858,0.0812242,-0.128507,-0.2123,-0.12028,-0.0613705,-0.164321,0.0391752,0.0338798,0.194511,-0.000933664,-0.102572,0.00733332,0.0440607,0.0807303,0.190502,0.0567847,-0.102673,
0.0204736,-0.0481631,0.0282858,0.0620142,0.0942592,-0.0397365,-0.203835,0.0427435,-0.00336564,-0.0409196,-0.0622054,-0.0281048,-0.0463697,0.133134,-0.0736569,-0.0938717,0.0824941,0.121345,-0.0775329,0.119044,0.0064243,0.0338534,-0.109868,0.144834,0.215891,-0.0388848,-0.145723,0.0700306,0.0638571,0.045383,-0.0887848,-0.110266,
0.078812,0.0213959,-0.121258,0.07918,-0.0296296,-0.0454408,0.0135481,-0.0888642,-0.0376843,0.0111793,0.139142,-0.0525926,0.0544548,0.10239,-0.0688519,-0.0395231,0.163824,0.0176414,-0.0312784,-0.02165,-0.114938,0.153968,0.0449449,-0.0475436,0.0703966,0.129113,0.090007,-0.0419614,-0.20532,-0.000747133,-0.0458026,0.0923568,
-0.0571195,0.00351092,0.0783009,-0.149774,0.173115,-0.0477907,-0.10822,0.0723558,0.0214522,0.000536292,-0.184324,-0.211708,0.105743,0.0147187,-0.0957502,0.0129313,-0.0162514,0.0687794,-0.103953,0.151949,0.0550346,-0.00484077,0.00268665,-0.128542,0.0963428,0.185635,0.0270182,-0.0827844,0.0743297,-0.0303044,-0.133469,-0.122274,
-0.16808,0.0954326,0.0395653,0.0398182,0.0189504,-0.0469339,0.2078,-0.0558567,0.121642,0.0170392,-0.00999469,0.0320646,-0.0146553,-0.00883605,0.0784837,0.0940529,0.12922,-0.23203,-0.276296,0.0337929,0.171128,-0.178596,-0.215015,0.0832685,-0.0352151,-0.213753,0.158663,0.101016,0.0149561,0.0330793,-0.0461077,0.156384,
0.171752,0.0540864,0.0580168,-0.0311249,0.0281061,-0.145855,0.103279,0.110179,-0.0830937,-0.018845,-0.0361226,0.0420358,0.0165011,0.132524,-0.0315513,-0.0898964,-0.066964,0.0203821,-0.0113061,-0.0372151,0.186467,0.00183137,-0.0178553,0.028388,-0.0561679,0.0278071,-0.0308946,-0.262039,-0.17506,-0.00957249,0.121476,-0.0243657,
0.145573,0.13475,-0.0693641,0.0174929,-0.0173857,0.0460991,-0.0580782,0.0147861,-0.0515077,0.0493955,-0.0182589,-0.150813,0.0813028,-0.0463922,0.0627306,0.0414082,0.028327,0.0562471,-0.24494,-0.0581048,0.0469438,0.0823102,0.00929538,-0.201085,0.0620922,-0.107921,0.143777,-0.0736197,-0.12076,-0.0213921,-0.0531425,0.044188,
-0.10585,-0.00429767,-0.16098,-0.0911474,0.0350291,0.135384,-0.117367,-0.0563605,0.0321097,-0.0803168,-0.108428,0.0242411,-0.0454539,0.0292261,0.118534,0.0181566,-0.117553,0.00520099,-0.0129906,-0.233196,0.0672036,0.00699243,0.157094,-0.0853603,-0.103605,0.0754141,0.169177,0.0294228,-0.111532,-0.173199,-0.00307273,-0.0526867,
-0.105388,-0.101452,-0.14555,-0.141653,0.0118279,-0.00860007,0.0698689,0.0619596,-0.143687,-0.261303,0.0310779,0.00917611,-0.249454,-0.00179784,-0.16595,-0.0716116,-0.0590926,0.0520832,-0.0394817,0.00752696,0.0724809,-0.00277998,-0.000604458,0.0175623,0.0462223,-0.0331961,0.0291016,0.0601744,-0.0327667,0.061963,-0.0618345,0.107787,
0.116021,-0.0554056,-0.0436339,-0.0344179,-0.0521356,0.092764,-0.140495,-0.00524802,-0.274313,-0.0420038,-0.0113109,-0.0632557,0.00318375,0.201499,0.182789,-0.160187,-0.0956293,0.105335,-0.059149,0.00970053,0.129907,-0.198589,-0.105512,-0.268503,0.115247,0.0631569,-0.0157335,0.209641,0.0632286,0.0773365,0.1027,0.0212137,
-0.0327262,0.014747,-0.11826,-0.0611963,0.0478094,-0.107665,0.00337783,-0.0807739,-0.0840612,0.0370183,-0.0240232,0.196711,0.0951665,0.0136709,0.0772261,-0.0547456,0.00342117,-0.0716809,0.269003,-0.102026,0.138076,0.0326305,-0.103931,0.133227,-0.0304193,0.146872,-0.0889352,-0.0455352,-0.0332675,0.0448875,0.0258857,0.0293643,
0.112596,0.092912,0.179076,0.00702031,-0.00347932,-0.0200626,0.122638,0.0232079,-0.105883,0.0317433,-0.0715639,0.0563238,-0.0580284,-0.0796663,-0.0213523,-0.0106697,0.0162188,-0.0386844,-0.173607,0.0182846,0.049927,0.093262,-0.165665,0.0957486,-0.0407293,-0.156923,0.0657564,-0.0228091,0.0748651,-0.172398,0.129854,-0.15114,
0.035711,0.0550075,0.0683028,0.0247536,0.0196799,0.130842,-0.0592248,-0.128285,0.107882,-0.0287163,0.109166,0.00141041,0.0160727,0.161902,0.000386632,0.111753,-0.00428001,0.129898,-0.0562095,-0.0661371,-0.0312945,-0.108253,0.153882,-0.114665,-0.00728917,0.0960141,-0.0538783,0.132246,0.108302,-0.139081,-0.167071,-0.0093381,
0.0318616,0.0417966,-0.0181724,0.00232441,-0.0380957,0.0247597,-0.0744162,-0.0637907,-0.279269,-0.059082,-0.151317,0.0377516,-0.0496929,0.0795555,-0.128644,0.0166065,0.226462,0.0952785,-0.0192808,0.0883475,-0.116516,-0.109488,0.022718,-0.0465643,-0.150144,0.144244,0.0676355,-0.158024,-0.0546279,0.117639,-0.0573,0.0253012,
0.140443,0.0315617,-0.203415,-0.131084,-0.0293555,-0.09928,-0.0998895,-0.141543,-0.0895471,-0.0492082,-0.0439262,0.16094,0.139234,0.111129,-0.0321733,-0.180379,0.102912,-0.0943698,-0.000214745,-0.0784008,0.0784672,-0.145279,-0.192363,0.212656,-0.100485,0.0191861,-0.0401908,-0.0270977,0.120325,0.0155822,-0.149028,-0.317079,
-0.0050172,-0.0310472,-0.0334466,0.0168763,-0.109413,-0.0701635,0.154506,0.155733,-0.0130233,0.0159794,0.0847054,-0.0828093,0.0839977,0.162873,-0.0612248,0.147996,-0.0567631,0.0318616,0.17042,-0.0183895,0.0547729,0.0988627,-0.146871,-0.0121164,-0.00639571,-0.00731936,0.0583276,0.0324406,-0.047869,-0.0044994,0.0509761,-0.205525,
0.0862283,-0.135744,0.0777845,-0.0245884,-0.0190228,-0.029142,-0.199265,0.0101566,-0.0674286,0.0865982,0.0253357,-0.192335,0.0606014,-0.0913221,0.0323512,0.0229042,0.1531,-0.0115489,0.0889404,0.176711,-0.0356086,-0.0389556,0.174203,-0.199171,-0.152775,-0.0463971,-0.0940204,0.022252,0.0916852,0.122123,-0.00404579,-0.118933,
-0.111188,-0.106427,0.0699406,-0.201497,-0.0309727,0.0517521,-0.0524525,0.0983435,-0.00634237,0.0298014,-0.0529583,0.0549345,0.0878473,0.0150407,0.00700196,0.115243,0.197404,-0.0612887,0.0622321,0.00439613,-0.102383,0.136843,0.0415707,-0.114113,-0.00623224,-0.0355673,0.0711805,0.133308,0.239526,0.134784,-0.0761449,-0.0239682,
-0.132521,-0.0883907,0.0737424,-0.0419164,-0.142933,-0.138856,0.168612,-0.0115378,0.129265,-0.154142,0.0137029,0.17238,-0.00408963,-0.039473,-0.021691,0.0468806,0.171867,0.00868725,-0.154422,-0.0543266,0.0771575,-0.108965,-0.134402,-0.0906913,-0.0591515,0.139227,-0.183103,-0.0999811,-0.0324919,0.0053563,-0.119048,0.0163907,
0.0970203,0.176733,0.0743445,0.0793762,-0.146086,-0.164495,-0.0885685,-0.076134,-0.0446682,-0.132887,0.00379809,0.137526,-0.0513825,0.018256,-0.11259,-0.0279273,-0.0359018,0.00810989,-0.129046,-0.0420554,0.119229,1.93911e-05,-0.132572,0.105255,0.0246416,-0.0178555,0.132797,-0.060908,0.0112117,-0.0363688,-0.0605199,0.171013,
-0.0139177,-0.0116526,0.0125779,-0.201577,-0.0382848,0.0256723,0.0167991,0.113269,0.23344,0.160502,-0.0752937,-0.0894962,-0.133223,-0.13436,-0.233812,-0.00743299,0.00540623,-0.15543,-0.188507,-0.0230278,-0.182077,-0.0807749,0.0634906,-0.0352595,0.080807,-0.0245718,-0.155529,0.0573689,-0.0877425,-0.104107,0.0243821,0.0423827,
-0.0885427,-0.0878983,0.0812867,-0.176345,0.0336851,-0.14614,0.0482212,-0.200353,-0.182068,-0.116534,-0.0362021,0.0529339,0.102698,-0.014442,0.236178,-0.00770196,0.0666506,0.109236,0.0315009,-0.111993,0.0950901,-0.228145,0.167398,-0.0691323,-0.0813105,-0.0717942,-0.0820269,-0.0239298,0.0299632,-0.0781624,-0.0890462,-0.00694575,
-0.00129557,-0.0861195,0.207324,0.0796584,0.0392314,0.0920261,-0.0125904,0.0347412,-0.0274936,-0.0707937,0.0883674,0.0659078,-0.0682301,-0.140165,0.0657495,0.0650754,-0.0135265,-0.12186,0.0564374,-0.087833,-0.0995598,-0.0997347,0.0861678,-0.0326191,-0.0814687,-0.0917763,-0.0122498,-0.0575754,0.0297883,-0.0200377,0.0932041,-0.0146061,
-0.0816279,-0.196148,0.127299,0.00657398,-0.00892322,0.0223886,0.101339,-0.117043,0.0259622,-0.13977,0.0449036,-0.0230473,0.0104709,-0.164187,-0.0436196,-0.184428,0.0494519,0.13183,0.0628086,-0.00888434,0.011773,0.0621061,-0.0881693,0.0329761,-0.0333002,0.0218495,-0.0840824,-0.202115,-0.0894444,0.0893225,-0.00890802,-0.058019,
-0.064242,-0.0572356,-0.101772,-0.0610914,0.110255,0.103227,-0.118157,-0.0279727,0.00149718,0.0572192,0.0468027,0.0590232,-0.0204354,0.04454,0.124624,-0.0171653,0.0684596,-0.117748,-0.0749425,0.16272,0.0386227,-0.108813,0.107626,-0.076862,-0.100208,-0.110549,-0.0776417,-0.0854351,-0.0619719,0.0060151,-0.111558,0.0457985,
-0.0676471,-0.143632,-0.0329364,0.0454654,-0.00972233,-0.222802,0.151249,-0.0583873,-0.0164329,0.104568,0.105792,0.0446709,-0.202708,0.0344608,-0.0754393,0.184311,0.0183312,-0.0479554,-0.0243397,-0.141293,-0.039825,-0.0267562,0.0742932,-0.0985811,-0.0545599,0.0390285,0.0051154,0.00395181,0.0947019,0.291665,-0.145112,0.140408,
-0.0468433,0.0614006,0.133503,-0.160148,-0.0682679,-0.118509,-0.0318066,0.0246465,0.133547,-0.243651,-0.0721273,0.018031,0.0270894,0.0537104,0.10725,0.0121142,0.0679312,-0.0549139,0.149775,0.172193,-0.0475115,-0.171221,-0.123386,0.0414465,-0.0257346,0.0323682,-0.121505,0.0202521,-0.0888018,-0.0589427,0.0736377,0.0528801,
0.149308,0.0460911,-0.101242,0.0412605,0.145958,-0.112037,-0.0600719,0.106029,0.15094,0.0263377,0.0077617,0.0797149,0.222186,0.132248,0.000933657,-0.0934399,0.0814943,0.0200026,-0.0399045,-0.0373769,0.187902,-0.120933,0.0198762,-0.0785335,0.0553056,0.14373,0.0550945,-0.0212425,-0.16817,0.0440348,-0.0537859,-0.0351929,
0.13009,0.0788489,-0.152326,0.0256811,-0.04981,-0.0314139,-0.0178391,-0.223833,0.0857529,-0.0870851,0.147612,-0.086553,-0.0530233,0.072941,-0.0453519,0.0691462,0.0315746,-0.125347,-0.108794,0.0393043,-0.0852848,-0.0322513,-0.0751582,0.000759141,0.0896687,-0.102553,0.079341,-0.0182901,0.0715454,0.0794898,0.030916,-0.0848908,
-0.105738,0.0341393,0.295428,-0.0719947,0.0857528,-0.0411853,-0.213901,-0.0799193,-0.00253719,-0.0310038,0.0581549,-0.067388,0.137506,-0.057817,0.0128056,-0.158466,-0.0626766,0.134837,0.0273419,-0.102677,0.014381,-0.0363057,-0.174138,-0.0251043,0.00327305,-0.0932747,0.0551306,0.059127,0.155989,0.068279,0.00382388,-0.0278757,
-0.00119974,-0.221129,-0.11154,-0.0696718,-0.0489623,-0.00504639,0.0602851,-0.0359202,0.132766,-0.220138,0.163386,-0.00542539,-0.0768533,-0.0356182,-0.000512257,-0.0255374,-0.0757322,-0.0296563,0.0309217,-0.0662584,-0.118689,-0.0471821,0.140307,-0.0143866,-0.0202842,-0.100537,-0.00415644,0.056382,0.0166363,-0.0934553,0.135497,-0.0457327,
0.0381002,-0.117873,-0.0401775,0.0808819,0.112215,0.0511202,-0.00696179,-0.0327913,0.190505,0.119237,-0.23875,-0.0576315,-0.243197,-0.0798194,0.00985138,-0.0152302,0.0433239,-0.0138662,0.187459,0.0154461,0.0127402,0.0224917,0.130055,0.121169,0.0215349,0.0528204,-0.0909044,-0.197512,0.05347,0.068656,-0.0349467,0.0442282,
-0.0603744,0.0415275,0.0475001,-0.0327542,-0.0177406,0.108411,-0.134204,-0.0275176,-0.11708,-0.0715764,-0.0370714,-0.0748741,-0.0582481,-0.0264247,-0.0127525,0.166789,0.0134403,-0.160207,-0.160021,0.0117379,0.0397082,0.112952,-0.0110228,0.0154649,-0.0435571,0.0722293,-0.0364699,0.0318284,-0.248995,0.114787,-0.125766,-0.063426,
0.0111008,-0.0886463,0.100924,-0.0564233,0.0130629,0.0774016,0.093007,-0.0578645,0.017241,0.0449603,0.0301731,0.0373995,0.155896,-0.0747085,0.00870059,-0.0877919,-0.0357864,-0.0665226,-0.103452,-0.0253324,-0.00487243,-0.0179485,0.301119,0.0240754,0.00384119,0.0296222,0.0952625,0.083487,-0.132579,-0.0850038,0.0868098,0.0616755,
-0.0312829,-0.0844178,0.0823774,-0.0339267,0.00724841,0.0128709,0.0820226,-0.0563826,-0.0373101,-0.103599,0.00970449,-0.0988413,-0.0186094,0.00657071,-0.028873,-0.0859199,0.0039627,-0.0704595,-0.125022,0.0600047,0.0776843,0.0934169,-0.108065,0.0247033,-0.125307,-0.219575,-0.0391643,-0.00254604,-0.0786936,-0.018431,-0.028479,-0.0195145,
-0.00135269,0.0331481,-0.04652,-0.0848784,0.0154661,-0.0663283,-0.00383636,0.0800022,-0.0846775,-0.129089,0.000364408,-0.0181468,-0.0919832,0.084676,-0.0554308,0.21159,-0.0928198,0.0129027,0.110916,0.0632875,0.13931,0.00219823,-0.0674806,-0.0198405,-0.0279069,0.0171604,0.0592601,0.068818,-0.0933023,-0.0795481,-0.0759357,-0.129729,
-0.157448,0.0451763,0.05122,-0.0782462,-0.0573096,-0.00248881,0.110413,-0.0480075,-0.0515398,0.0375027,-0.000702037,0.278361,-0.177006,0.0708393,-0.0119171,0.152271,-0.023693,0.073827,-0.00325684,0.0107954,0.119765,0.0354643,0.0166155,-0.139559,-0.113604,0.0961875,-0.010868,-0.0250777,-0.011194,-0.0441674,0.10691,-0.0501135,
0.0662832,0.019744,-0.0301184,-0.114161,0.0902507,-0.122434,-0.038121,-0.0467512,0.0200329,0.0161756,0.00737251,-0.0932307,-0.0825129,-0.0523073,-0.0122341,-0.0974864,-0.0875013,-0.0371028,-0.0962991,-0.285327,-0.00123164,-0.0188942,0.164534,0.127747,-0.0970348,0.0328685,0.0323912,-0.0948047,0.0397685,-0.0209425,0.0758637,0.149687,
0.0135325,-0.15253,0.0377318,-0.209944,-0.153091,0.00143247,-0.0335008,-0.0687978,0.114756,0.0989546,-0.120593,0.140648,0.084981,-0.0865768,0.147557,0.01696,0.0318893,0.0489962,0.0574657,-0.0579221,-0.170637,-0.0269255,0.00573586,0.0428154,-0.0626789,-0.0943852,0.00719255,0.285847,0.0330928,-0.0135264,-0.0625114,-0.0769344,
-0.0317073,0.128416,0.110373,0.00237608,-0.0333314,-0.105268,-0.106043,-0.00411321,0.0248355,0.0181022,0.216282,-0.120553,0.240032,0.0587615,0.194247,0.0585726,-0.0049934,-0.0848472,-0.066787,0.0153936,0.101213,0.116534,-0.124717,-0.0474454,-0.0397761,0.0284789,0.133054,0.002496,0.146485,-0.0981932,0.0978504,0.0711421,
0.013829,0.0979998,-0.0824717,-0.0471987,0.0788832,-0.0140682,-0.143979,-0.024769,-0.026092,0.0925016,0.0662521,-0.0121517,-0.0262579,0.0459437,-0.197426,0.0868826,0.0969818,0.0394972,0.130033,0.097182,0.0493439,0.226442,0.0890719,-0.141431,-0.0734451,-0.0530159,-0.1633,-0.105024,-0.0116506,0.057487,-0.117134,0.0818975,
-0.00443289,0.11089,0.0953189,-0.0408874,-0.0606888,0.0268162,0.113438,0.0377502,0.033941,0.0732729,0.160875,0.0879525,0.0649889,0.140739,-0.08431,0.15697,-0.00890414,0.030186,0.0484808,0.0569543,-0.064535,-0.106898,-0.0581591,0.12103,0.21668,-0.0798932,0.126669,-0.0755042,-0.0441221,0.175137,-0.0133338,0.0921038,
-0.204314,0.043226,0.229124,-0.0175282,-0.0840966,0.140879,-0.0255588,0.122732,-0.0380453,-0.00561231,0.166224,0.159336,0.145422,-0.0648847,-0.0204855,-0.0680333,-0.256783,0.0133932,-0.0441338,-0.0115031,-0.0796667,0.0135305,-0.00394573,0.0624303,-0.0565959,-0.102594,-0.0915479,0.131067,-0.0590259,0.0600382,0.0208339,-0.0131781,
0.232565,-0.0479617,-0.0957239,-0.0610178,0.071473,0.120432,0.0552451,-0.0249183,0.114853,0.173839,-0.098731,-0.268219,0.0481834,-0.0826173,0.245042,0.190283,-0.0973024,-0.0030297,0.101621,-0.0786089,-0.0620324,-0.145611,-0.0610743,0.016832,-0.106114,0.0762488,-0.0110006,-0.0807647,0.0991148,0.161183,0.0466194,-0.147851,
0.132679,0.118807,0.160866,0.0407083,0.178795,-0.172595,-0.045208,0.123008,0.130758,-0.0695316,-0.0674036,-0.0655865,0.279457,-0.0844185,-0.144784,-0.0337421,0.0476518,-0.173192,-0.159256,-0.0879424,-0.079072,0.128018,-0.0864533,-0.162793,-0.0251717,0.0469648,-0.0302356,-0.219348,0.0311799,0.188404,-0.150522,0.0128714,
0.106421,-0.0317943,-0.00763937,0.0161798,-0.0735612,0.109764,0.0499082,-0.0330753,-0.169095,-0.232104,-0.0204452,0.0384344,-0.011629,0.142331,0.105844,-0.0874828,0.034148,0.0379878,-0.0973678,0.0493505,-0.0175335,0.149716,0.0444301,0.0951323,-0.115191,0.0240463,0.224746,-0.144142,0.0228392,0.101724,0.0371263,0.134713,
0.0426326,0.208267,0.00593664,-0.0201228,0.0787406,0.0517755,0.0893291,-0.0639941,0.0980822,0.251817,-0.127035,-0.037762,0.122206,0.165999,0.131908,0.0499441,-0.104586,0.0726612,-0.127233,0.0161518,-0.193613,0.0153097,-0.0485704,0.0255559,0.150955,0.0724204,-0.208543,-0.0390961,-0.150794,-0.0534983,0.00786026,0.0833701,
0.0650932,-0.152568,0.025759,-0.00883577,-0.0800365,-0.0118744,-0.00184255,0.0583168,-0.00196345,0.0434538,0.0330825,-0.142203,-0.265328,-0.010454,-0.0557612,-0.151293,-0.020178,0.0585944,-0.0237537,-0.0153611,-0.0358884,-0.0564988,-0.131696,-0.0111211,0.21166,0.145231,0.0199574,-0.0275515,0.172303,0.0600925,0.0647003,0.209728,
-0.123125,0.137493,-0.0188302,0.0413121,0.0458286,-0.117943,-0.218998,-0.131891,-0.0140391,0.00473773,-0.00727832,-0.0578774,0.0228413,0.0538274,0.110749,-0.0151032,-0.1132,-0.0435026,0.0602272,0.0499311,0.039986,0.152106,0.0703075,-0.113759,-0.190773,-0.125218,0.0574815,-0.143821,-0.132804,-0.0473011,-0.0892389,0.016141,
0.0389372,0.0837461,-0.136563,-0.070508,0.0248847,0.280441,0.0532758,-0.0775402,-0.0698707,0.0359852,0.0147781,-0.143348,-0.157725,-0.18834,-0.13502,-0.0295113,0.0160464,-0.117934,0.102785,-0.0514957,-0.0342151,0.0320795,-0.128704,-0.0185098,-0.0259503,-0.0041889,0.0830225,-0.042655,-0.0141909,-0.123994,-0.0238258,0.191808,
-0.0993746,0.150823,-0.17345,-0.0614075,0.0414373,-0.172694,-0.146602,0.158542,-0.213455,-0.0434509,0.0392404,0.130069,0.0401499,0.0820781,-0.0163148,0.139801,0.0931767,-0.0114731,-0.0454253,-0.0302208,-0.052426,0.074118,-0.0293338,-0.140073,-0.0152365,-0.016552,0.0174258,-0.00811077,0.0582207,0.0738042,0.158075,0.0346107,
0.0498766,-0.137983,-0.139344,0.00734698,0.158907,-0.118921,-0.134404,-0.202941,-0.0700884,-0.0861961,-0.0623553,-0.074905,0.254322,0.0687153,-0.296775,0.118397,-0.00965159,0.0532683,-0.172199,0.131435,0.108611,-0.0130082,0.0807116,-0.0220912,0.231654,-0.0704897,-0.0975322,-0.16179,0.10351,-0.0237856,-0.0126951,-0.0459002,
-0.106143,-0.0146633,-0.0536453,-0.112032,0.0431971,0.0138553,-0.0769005,0.0700919,0.11108,0.150988,0.195391,0.0519512,0.0285083,-0.0629204,-0.0602282,-0.0282922,0.0478477,-0.0867944,0.0438885,0.0846388,0.00357026,-0.0558163,0.1854,0.0237903,-0.0815534,0.0208143,0.148539,-0.137209,0.0279911,-0.0391134,-0.0950402,0.0622466,
0.0933133,-0.152225,0.0925839,0.102567,0.214266,0.143622,-0.00940329,0.118251,-0.0290216,0.18664,-0.15622,0.015236,-0.133902,-0.213514,-0.0250737,-0.168312,0.0597821,0.0492517,0.195938,-0.00114892,0.0844636,0.112209,-0.218868,0.0881894,0.0196588,-0.114185,0.0606313,-0.0754752,0.095293,0.0202579,0.0477741,-0.109463,
0.125883,0.181237,0.00365292,-0.0637593,0.173821,-0.082016,-0.110572,0.10501,-0.0757164,-0.138935,-0.112498,0.111851,-0.0593897,-0.021306,0.00969107,0.0380095,0.117585,-0.0407722,0.0231108,0.138396,0.208676,-0.087934,0.0833209,-0.0743502,-0.106489,-0.193395,0.187942,0.0326228,-0.0139605,-0.0209241,0.123685,-0.12126,
-0.170538,-0.071771,-0.0302198,0.106132,-0.1916,-0.092938,-0.168861,-0.0199035,0.00677145,-0.0694254,-0.0471205,0.103431,0.0117509,0.084832,-0.130314,-0.0239209,0.0230712,-0.0152042,0.0216679,-0.0619238,0.0079093,0.0489734,-0.113232,-0.20497,0.0334845,0.0981624,0.145196,-0.297319,-0.0020362,-0.051027,0.0636336,-0.000990927,
-0.302112,-0.0397488,-0.0392954,-0.135213,0.0989288,0.0190773,-0.0456022,-0.0592834,-0.0492039,0.0300753,0.0111638,-0.0315576,0.0389876,0.189776,0.11908,0.0535209,0.158593,-0.0326435,-0.143635,0.177637,-0.125749,-0.0409331,0.12498,-0.0973144,-0.0744649,-0.0239129,-0.026917,0.0191928,-0.0401555,-0.041039,0.197592,-0.0395122,
0.127173,0.0123687,0.182608,-0.0545806,-0.00707134,0.0302009,-0.0827233,0.0508193,0.103234,-0.0235168,-0.0120615,-0.196898,0.0438251,-0.107484,-0.0443006,0.135034,0.0260962,0.130839,0.111142,-0.0958488,0.122566,-0.0747403,-0.134926,-0.0692091,0.0147513,-0.00814979,-0.00466003,0.0827462,0.0175195,0.116059,-0.0209915,-0.151159,
-0.00538319,-0.0830074,0.0602278,-0.0668496,-0.0812788,-0.0106214,0.0223483,0.0164877,4.89972e-05,0.0373773,-0.0503966,0.200473,-0.0119486,-0.0926836,0.0292609,-0.0263607,0.188315,-0.0816036,-0.0133689,0.0378913,-0.0535512,0.0761998,0.0669057,0.0332031,-0.100593,-0.0860802,-0.0646058,0.122883,-0.0873092,-0.183503,0.0602467,0.145217,
0.115834,-0.151109,-0.0564208,-0.161968,-0.100483,-0.0659004,0.0671066,0.0592015,0.0596427,-0.0280679,-0.0162509,0.0301421,-0.0307883,0.116074,0.045458,0.117986,-0.179816,0.166207,0.0249879,0.047701,-0.00619336,0.0226789,-0.0847486,-0.0257379,-0.0340328,-0.0208978,-0.11854,0.0409831,0.0323691,-0.0504855,0.0618741,0.0226308,
-0.0256175,-0.0597843,0.0785472,-0.0190104,-0.0140245,-0.0715353,-0.0918947,-0.0710667,-0.0936091,-0.017567,0.00175877,0.0102983,0.0242755,0.0669277,-0.143347,-0.0894168,-0.00330128,0.157949,0.0819533,0.0415342,0.160455,-0.10691,-0.205244,-0.0754103,0.035794,0.0416872,-0.00701,0.00148488,0.0127152,-0.037822,0.0352317,-0.293504,
-0.0443444,0.0702547,-0.00529692,-0.251246,0.000583171,-0.0278076,0.0443967,-0.164625,0.118856,0.136225,-0.0436537,-0.110516,0.0151449,0.0310089,-0.106786,-0.146049,-0.0459721,0.0301105,0.111905,0.191525,0.0616409,0.00247857,0.0781494,0.0378901,0.0961353,0.185801,-0.0581459,-0.00679574,-0.045548,0.052772,0.0540301,-0.0412025,
-0.018731,0.0868196,0.117241,-0.0563091,-0.00576353,-0.211821,-0.0199573,0.0500287,-0.0117517,-0.0145887,-0.0123022,-0.0685323,0.0663005,-0.00359386,-0.0451775,0.0682784,0.0923897,0.0782256,0.0996701,-0.0088646,-0.00948658,0.114596,-0.185236,0.261833,-0.00549422,0.0467384,0.191288,-0.147015,0.15458,-0.104382,-0.00036202,-0.000877572,
0.12449,-0.0128631,0.154072,0.118215,0.0446866,-0.00109693,0.0635691,-0.126281,-0.0543799,0.0434687,-0.117647,-0.159198,0.10565,-0.0593584,0.102876,0.0136961,0.140294,0.103207,-0.120383,-0.186305,-0.0614211,-0.0367316,0.0577042,-0.00775187,0.199976,-0.321721,0.0440754,0.0788236,0.101466,-0.105322,-0.177702,0.093594,
-0.0810436,-0.0892219,-0.0404642,0.00232118,-0.0619376,-0.0679674,-0.0797049,-0.158027,0.0317607,0.0114107,0.00946194,0.0908059,0.159481,0.0314975,0.16617,0.100973,0.157249,0.0284854,0.0661263,0.0355404,0.0541866,0.147947,0.0750854,0.137976,-0.133364,0.0360484,-0.100048,-0.0423637,0.0780522,-0.0227973,-0.0492408,-0.0777373,
0.00980975,-0.0329132,0.130472,0.138258,-0.00691018,0.0527161,-0.13188,-0.129157,-0.0389449,0.0740679,0.00470804,0.10456,0.0855862,-0.0538617,-0.0978834,0.104729,-0.0245066,-0.0425429,-0.0185514,0.000133868,0.0475913,-0.152185,-0.0219284,0.0520175,-0.0619061,-0.038521,-0.0420396,0.0400813,0.00281502,-0.265081,-0.00426593,-0.0944877,
-0.0988026,-0.0270479,0.0415659,0.0652,0.0244294,0.136438,0.129219,-0.0438553,-0.061374,0.0500973,0.0287916,-0.0720804,0.0361287,0.0608237,-0.0330242,-0.158884,0.163658,-0.182853,0.0406119,0.0212673,-0.0996263,-0.100261,-0.0419647,-0.133361,-0.0841021,0.0301511,-0.0866445,0.00923202,0.0214121,0.030284,-0.0983332,0.00576004,
-0.00844885,-0.0276558,0.0549297,0.074904,0.0374511,-0.0121621,-0.00492959,0.0677346,0.192133,0.254501,0.0399642,-0.0548978,0.0700235,-0.0313118,0.0700926,0.219527,-0.0168527,-0.179909,0.00906226,0.0228942,0.105296,0.00777522,-0.193078,0.0894553,0.212644,-0.136655,-0.122173,0.0754502,-0.037143,0.0429626,0.14747,0.12587,
0.0607108,0.0606808,0.0226965,0.0409723,0.0339891,0.0230152,-0.0227673,-0.00229636,-0.115324,0.064601,0.0691862,-0.0211747,0.0826457,-0.175913,-0.246014,0.0267418,-0.0726768,-0.00419974,0.0275842,-0.0974754,0.0690648,0.0095018,-0.0533468,0.0024494,0.119799,-0.134191,-0.0805128,-0.0131054,-0.0496802,-0.0149665,0.0642244,-0.170202,
-0.0148426,-0.0133315,0.0529143,-0.0879612,0.0263976,-0.018402,0.0168348,-0.0696541,0.0981473,-0.148498,-0.0699565,-0.123035,0.0331664,-0.0475972,-0.140764,0.00971702,0.10176,0.270716,-0.062834,-0.127455,-0.179584,-0.148493,-0.179179,-0.0711504,-0.0322585,-0.0234321,-0.0543897,-0.087795,-0.178239,0.0247235,-0.116549,-0.0616205,
-0.00816384,0.091185,-0.168798,0.0989162,0.0399942,-0.00400487,0.00795157,1.71567e-08,-0.0377588,0.118939,-0.0608203,-0.0363327,-0.0918565,0.0394772,-0.106155,0.0525,-0.0872924,-0.0906277,-0.0931813,0.148285,-0.213812,-0.129699,0.20807,0.0683517,-0.0704332,0.235179,0.039645,-0.11391,0.0312496,-0.0732357,-0.172545,-0.0994365,
0.22652,-0.0236201,-0.092422,0.0811867,-0.115502,-0.0696688,-0.0485671,-0.0558053,-0.134673,-0.146833,0.0104329,-0.0609501,0.0086192,-0.10211,-0.0491872,0.100663,0.0294958,0.0299,0.132611,-0.114222,-0.038107,0.0131836,0.0261227,-0.0617109,-0.145384,0.0282025,0.0554899,0.0997957,-0.131449,-0.106658,-0.00458905,-0.0346276,
-0.059905,0.0460259,0.156331,0.031663,0.0305629,0.0855858,0.0994575,-0.0534366,-0.0157106,0.0683023,0.149482,-0.135179,0.0796029,0.401159,0.148735,0.104541,0.00343733,0.123782,0.17244,0.0249595,-0.0220725,0.16323,-0.0981601,-0.205226,-0.0164522,0.163752,0.0737245,0.0530739,0.00829308,0.12339,-0.0506652,0.0351845,
-0.0247382,0.0424004,-0.0559761,-0.0342276,-0.150885,-0.0109601,0.092479,-0.18121,-0.00835941,0.172561,0.0837404,0.0321623,0.000275331,0.0275103,-0.122743,0.130759,0.0094565,-0.0534387,-0.0124611,0.0664075,-0.26682,-0.0791204,0.0316244,-0.0166172,0.0419392,0.11499,0.0465289,0.133593,-0.0309154,-0.329377,-0.124206,0.0758523,
0.223966,-0.0225089,0.0994244,0.0146435,-0.0407479,-0.113214,-0.131328,-0.138009,-0.0684011,-0.0539017,0.126605,-0.0591958,0.0882124,0.243753,0.022732,-0.0705551,-0.0425797,-0.0146246,0.0753743,-0.212503,0.0781497,-0.180172,0.0160191,-0.10221,0.0137473,0.024187,0.00875196,-0.0861328,-0.0471341,0.0209915,-0.0506541,0.0701671,
-0.0162467,0.0710156,0.0327419,-0.0160476,0.0761662,-0.148346,0.10992,0.0107451,0.133952,0.0510206,0.126889,0.095145,0.00707343,0.105204,-0.160393,-0.0643825,0.130633,-0.0324396,0.0430406,-0.0557739,0.0825479,0.032743,0.1025,-0.0866531,-0.0747047,-0.0650086,0.0338534,-0.142937,-0.0598818,0.0453236,0.0576418,-0.00213583,
0.103373,-0.0462627,0.000268702,-0.0627772,-0.0376774,-0.0394316,0.185693,0.00139276,-0.0930959,-0.0291432,0.146466,-0.0410761,0.0119582,0.105564,0.179949,0.121598,0.0110936,0.114221,0.0413744,0.181838,-0.0643821,0.116586,0.105583,0.0124161,-0.0213067,-0.0840579,-0.0375,0.192038,-0.232785,-0.0824207,0.00961106,0.0479,
0.118433,-0.0424503,0.120517,-0.0149505,-0.123722,-0.0350472,-0.0268008,-0.18567,0.0599914,0.107984,0.191017,-0.0220291,0.0875864,-0.0615057,-0.0921897,-0.130059,-0.0645022,0.14037,-0.010385,0.15597,-0.0799091,-0.163933,-0.013569,-0.274876,0.157806,-0.0161204,0.122943,-0.168821,-0.081114,-0.0147796,-0.0278766,0.210416,
-0.143979,0.144478,-0.0592142,0.126044,-0.0728376,0.0347631,-0.160675,-0.0719693,0.0836324,0.00216832,-0.114746,0.143393,0.0524643,-0.0182566,0.0128689,0.0431917,0.0472101,0.0850413,-0.187141,-0.00832897,0.00886742,-0.0116322,-0.0447637,-0.18547,0.117446,-0.101169,-0.0544762,-0.111213,0.088053,0.0258638,-0.0768159,0.0293364,
0.241296,-0.0850459,-0.0990955,0.0431411,0.11313,-0.0672267,0.119958,-0.0175685,0.101289,0.036078,-0.0537039,0.065774,0.0408539,0.0586737,0.0195684,0.169735,-0.00667377,0.213245,-0.0472077,-0.0672989,-0.0398647,0.0463839,0.015725,-0.132535,0.00712768,-0.0655256,-0.210763,-0.0603456,0.0400111,-0.0114358,-0.162799,-0.0603211,
0.00931983,-0.149818,0.172914,-0.148916,0.0609649,0.0813385,0.050143,0.0353756,-0.0197336,-0.0852147,-0.0262987,-0.144057,-0.01687,-5.5875e-05,-0.139946,0.0855359,0.0286188,0.137275,-0.0581722,-0.0533343,0.0388119,0.14763,0.0220319,0.0215647,-0.0339177,0.0682976,-0.148597,-0.175036,0.192201,0.00960539,-0.22697,0.183107,
-0.081884,0.0368226,-0.0475729,0.0797194,0.0236186,-0.0597783,-0.0669015,0.00173547,-0.0401546,0.11996,-0.00815191,-0.0841024,0.0358437,-0.0787508,0.02019,0.0716816,-0.0944927,-0.155677,0.133935,0.0103106,-0.0362324,-0.192559,0.068779,0.0352375,0.0252144,0.0904587,-0.0231782,-0.0884921,0.0140409,-0.00605384,0.163129,-0.00811314,
0.0385567,0.140224,-0.121771,-0.154898,0.179049,0.0148882,-0.0556639,0.165607,-0.114559,-0.0224911,0.110791,-0.097213,0.250022,-0.102578,-0.03788,0.00657041,-0.0783136,0.0373014,-0.0297231,0.0518834,0.0170152,-0.0430084,0.132932,-0.129408,-0.0679289,-0.111738,0.0897657,-0.0408616,-0.0221482,-0.137729,-0.081565,-0.0605605,
0.0463002,-0.0159609,0.0582559,-0.164315,-0.0746022,-0.159664,-0.0357953,-0.125394,-0.0952594,0.1425,0.0170462,0.0300486,-0.102069,-0.0201314,-0.226485,-0.210355,-0.0117807,-0.103742,0.0834063,0.0935563,-0.0449649,-0.109994,-0.0600378,-0.125972,-0.127584,-0.0370062,-0.193315,-0.0250689,-0.0996837,-0.016967,-0.123128,0.00385328,
-0.0231817,0.136978,0.00635978,-0.0538843,0.0542334,0.10831,0.165975,-0.101127,0.132664,-0.0346946,-0.00672403,0.198896,0.0513808,-0.163711,-0.0466909,0.129666,-0.0240195,0.0323445,-0.0229791,0.131331,-0.157655,0.164208,0.0112368,-0.0844176,-0.028981,-0.11527,0.100437,-0.0848212,0.0349924,-0.163976,0.207908,0.0726617,
0.0254172,0.0189781,0.118104,0.0769254,-0.103396,-0.0201908,-0.0455129,0.0555667,-0.0811621,-0.142686,-0.187238,0.0573481,0.133727,0.143395,-0.110363,0.0396064,-0.0165652,0.031508,0.0149121,-0.111682,0.128482,-0.0293269,0.0192602,-0.0380174,-0.0278934,-0.169054,0.0754714,0.0204612,0.235426,0.0335098,0.0392158,-0.0965176,
-0.0533351,0.0428077,-0.198073,0.222725,-0.0267771,0.00543359,-0.133738,-0.057306,-0.0120269,-0.0203451,0.209456,0.142488,-0.189479,-0.134281,0.308873,-0.0277244,0.119007,0.0673727,0.0660567,0.0186802,-0.0782836,0.116816,-0.00858965,-0.0138704,0.0491628,-0.0234212,-0.0505062,0.107967,-0.175989,0.180264,-0.0519638,0.100902,
-0.224145,-0.171003,0.142969,-0.0564574,0.0697253,-0.167052,-0.15574,-0.165642,0.0911313,0.089998,-0.124819,-0.167851,-0.308029,0.0850658,0.0184899,0.0784691,0.0115694,0.0269537,-0.0408097,0.0408894,-0.0767073,-0.0426245,0.0385948,0.069559,0.165425,-0.0998753,-0.0370781,0.0367219,-0.0385096,-0.108262,0.0711957,0.0744816,
0.0594624,-0.164809,0.0323903,0.0999702,0.00129268,-0.0404337,0.0162893,-0.05046,0.0350661,-0.31303,-0.00975515,-0.0871729,0.027815,0.0128551,-0.0947424,-0.059938,0.0905705,-0.0878889,0.0858761,0.0318937,0.100122,-0.161024,0.100293,0.137779,-0.0483102,-0.0209325,0.0797005,-0.0425073,-0.101515,-0.0860631,0.0511634,0.0586866,
-0.0125224,0.0648138,0.00525585,0.0939397,0.152596,0.0578899,-0.131078,0.0371446,0.0619815,0.052986,0.0286374,0.180206,-0.0360838,-0.0720674,0.00935673,0.0066707,-0.0104001,-0.102364,-0.0551658,-0.142146,-0.0647881,0.0574896,0.0340644,0.0268596,0.0924346,0.0513272,-0.0721763,0.0563503,0.0653087,-0.139205,0.0505157,0.0430276,
-0.0144011,0.0827949,0.0796421,-0.00430776,0.113472,0.0192919,0.115847,-0.135436,-0.276285,-0.106616,-0.282226,0.0376942,0.0130636,0.030288,-0.00128771,0.00346445,-0.0490884,-0.010045,0.158999,-0.134814,-0.014684,0.0663958,-0.0847179,0.112993,-0.073946,0.000178003,-0.0374426,-0.0619282,0.0380904,0.0808614,0.246321,0.06957,
0.0959449,0.0198661,-0.144614,-0.147256,0.0399417,0.127916,-0.172523,-0.141507,0.138822,-0.168475,-0.131605,-0.0493523,0.0450086,0.00503693,-0.0243007,-0.0793351,-0.0483124,-0.133514,-0.107785,-0.254136,-0.0100521,0.0285032,-0.0144991,-0.00521206,-0.0702291,-0.0282888,-0.0737344,-0.12707,0.077279,-0.056372,-0.0459377,0.0253001,
0.164123,0.0469713,-0.0835837,0.0520639,0.0365298,0.0123464,0.0462183,-0.0100206,0.167447,0.0577289,0.0305773,-0.110511,-0.0334006,-0.0330203,-0.103369,0.011418,-0.00537413,0.0988635,-0.15158,-0.102704,0.0114829,-0.184145,-0.118307,0.00929478,0.0469885,-0.0291658,-0.166562,-0.155471,-0.174059,-0.00154656,-0.0898666,0.0152684,
-0.134625,-0.244342,0.0800417,-0.0814789,-0.0522523,-0.221972,-0.131355,0.0342247,-0.00256901,-0.140604,-0.119666,0.047262,0.104225,-0.0132898,-0.0712044,-0.0731339,0.0643226,-0.00643401,-0.00629994,-0.145512,0.0838012,0.107891,-0.165721,0.140656,-0.228215,-0.0719435,-0.0403524,-0.0136003,0.0907144,0.0208656,-0.034682,-0.0621075,
-0.111237,0.00210299,-0.0861,0.029928,0.000584805,0.104791,0.0440046,0.0515253,-0.0239821,-0.0714391,-0.0692618,0.155898,-0.0777215,0.0971754,-0.0193143,-0.118291,-0.0741492,0.080295,-0.0661739,0.00355662,-0.0951009,0.116152,0.0637961,-0.109595,-0.0624858,-0.197036,0.0620385,0.00904885,0.0709191,0.196063,-0.00170116,-0.0467822,
0.0698174,0.146877,0.0307022,0.108499,-0.011947,-0.133864,0.0244114,-0.0377577,-0.0416402,0.0198772,-0.0586862,-0.116301,-0.0440001,0.119588,0.0521047,0.0194922,0.0275485,0.000679724,0.0634642,-0.140209,0.0040729,0.139578,0.105053,0.159067,0.103992,0.0675919,-0.117436,0.212655,-0.165255,-0.00456164,-0.102294,0.00726345,
-0.101115,0.0805861,-0.029914,-0.0677063,-0.086143,-0.0364653,0.00218889,0.0309618,0.176288,-0.192302,-0.057478,-0.0365341,0.11395,-0.0551643,0.102304,0.224105,0.0584335,-0.0109138,0.0961665,0.137157,-0.0195975,-0.00477689,0.131834,-0.0502668,-0.101896,-0.113997,0.066197,0.166597,0.0662907,-0.112635,-0.077682,0.217756,
-0.0332461,0.167944,-0.0292056,0.0670832,-0.0408187,0.214696,0.0777007,0.0399594,0.0206675,0.0604188,-0.0307753,-0.0587299,-0.247181,0.21495,-0.141706,0.130405,-0.030347,-0.0738091,0.092729,-0.0577508,-0.109363,-0.211546,-0.27477,0.062829,-0.18824,-0.0117251,0.0422135,-0.0916436,-0.158687,0.0842825,-0.262438,-0.161944,
0.0372024,0.0627703,0.126615,0.0150585,-0.0391531,-0.126944,0.246235,0.19641,-0.13845,0.0637329,-0.228178,-0.105798,0.0755508,-0.219258,-0.00998272,0.223307,-0.141915,-0.0809413,0.125087,0.111091,-0.136805,-0.0407993,-0.204148,0.108603,-0.193903,-0.0928029,-0.132649,0.178418,0.0195566,-0.0217675,-0.0930409,-0.111688,
-0.0440724,-0.00745087,-0.00973024,0.0816033,-0.181,-0.124998,-0.0696686,-0.0132265,0.0297481,-0.0854298,0.151753,0.0714169,-0.0270747,-0.0326969,-0.260935,-0.0866892,-0.118104,-0.105182,0.0203518,0.0114026,-0.0596089,0.0268904,-0.111592,-0.0663069,-0.0289672,0.024621,0.158013,-0.120856,-0.154988,0.0188708,0.0657084,-0.116194,
-0.0192198,0.00518167,0.0644701,-0.175101,-0.0218492,0.0517385,0.0859407,-0.00359995,-0.0425914,0.0107016,-0.0925524,0.0808216,-0.117499,-0.00487865,0.0368376,0.0659285,0.290964,0.0873076,0.174121,-0.19042,-0.0600606,0.159577,-0.160525,-0.0596964,-0.0298732,0.137604,0.0309462,0.108718,-0.0237696,-0.125657,-0.0767975,-0.0618726,
-0.0458213,-0.00365764,0.056118,-0.0771641,-0.0732524,-0.122216,-0.0260899,-0.0458006,0.0458381,-0.102195,0.0629964,0.0523396,-0.237423,-0.0602526,-0.153944,0.162459,0.0165299,-0.0675109,0.0531907,0.157833,-0.331019,0.162683,-0.0771118,-0.136898,-0.0401897,0.0847316,-0.0158347,0.0473128,0.0899611,0.152221,0.0313489,-0.080426,
-0.13377,-0.174937,0.0433678,0.0901651,-0.00410042,0.000217604,-0.107479,-0.20492,-0.189341,0.0469276,0.0948791,0.0772221,-0.0181144,-0.112814,-0.00871791,0.0679751,-0.0446591,0.0183219,0.285598,-0.10464,-0.0768434,0.176692,-0.077553,-0.040573,0.0530601,-0.0209903,0.118135,-0.0804925,-0.0907188,0.134451,-0.131757,0.0658235,
0.0155122,-0.0956052,-0.0174294,0.153308,0.077676,-0.0603217,0.0163299,0.210647,-0.167225,0.0297518,0.0515796,0.00463775,0.119572,-0.0402922,-0.0916888,0.0724703,-0.245876,-0.0752671,0.0592687,0.109635,-0.0430688,-0.0406223,0.0937738,-0.00367325,-0.0950137,-0.0126244,0.166747,0.104795,-0.137831,0.116794,0.0997602,0.0614619,
-0.0749371,-0.0397873,0.0501946,0.0281385,-0.0758578,0.108827,-0.0545736,-0.0928776,0.0257668,-0.123337,0.104487,0.181702,-0.0340007,0.061958,-0.226795,0.0785183,-0.0638738,-0.00989184,0.0554185,-0.145674,-0.0956496,0.058707,0.0625089,-0.165768,0.0691739,-0.1633,-0.120567,-0.0346558,0.135075,-0.00686526,-0.145479,0.11548,
-0.0422909,-0.0017538,0.1034,-0.0635776,0.107925,0.00268369,-0.174928,-0.232356,-0.157164,0.0469269,0.168224,0.132211,-0.0577536,0.194468,-0.255763,-0.0216623,-0.127748,0.0461657,0.0546821,-0.0310092,-0.094418,-0.0246011,-0.0520564,-0.140099,-0.0895321,-0.102056,0.174493,0.0543979,-0.00610194,0.0425008,0.112224,0.0827888,
0.154744,-0.220872,-0.140048,0.0370759,0.013186,-0.191774,0.0198688,0.169495,0.142315,-0.0433244,0.222601,0.0279162,-0.0711917,0.0506938,-0.0988818,-0.231432,-0.15895,0.0118308,0.0774521,-0.260532,-0.111328,-0.0311067,-0.130632,0.0957771,0.0336851,-0.0548363,0.0925747,-0.0427089,0.0532789,0.0804084,0.0779271,0.0707614,
0.151026,0.081918,0.0906953,-0.23279,-0.0728183,-0.0234518,0.016245,-0.0121254,0.0720573,0.133415,0.00543675,-0.0126413,-0.112128,0.0898622,-0.0271413,0.0155807,0.0536817,0.0150174,0.0394817,-0.00469615,-0.0106738,0.0116461,0.0096032,0.11372,0.0499116,0.084094,0.104326,-0.114504,0.011551,0.109191,-0.00505173,0.0365149,
0.134762,0.0463612,-0.0150498,-0.0293266,0.0980734,-0.104187,-0.0583687,0.0529857,-0.0880237,-0.0615981,0.0837532,-0.12934,0.0615836,-0.0966103,0.09943,-0.0336585,0.056696,0.0849038,0.0254172,0.0243291,0.0524148,-0.0268476,-0.0464488,0.187381,-0.0853808,-0.06346,0.0799082,0.0182756,-0.00426614,-0.0606981,0.246087,0.161027,
-0.0836289,0.0177512,0.111554,0.172215,0.110122,-0.093607,-0.201613,0.126053,-0.111594,0.0939656,-0.0499298,0.0221388,0.01579,-0.00426009,0.168109,0.0702356,0.0149279,0.0805559,-0.0782848,-0.0656637,0.00588673,0.0462233,0.0290661,0.16248,0.0265733,0.0185585,-0.0548506,0.068787,-0.0414186,-0.0175498,0.162692,0.0540831,
-0.0451493,-0.108319,-0.00739365,0.0718268,0.00818721,0.0230643,-0.200103,-0.0482048,0.256019,-0.0306761,-0.0154801,0.0898048,0.0904908,0.126279,0.00887514,-0.0408516,0.179709,0.0432479,0.0290392,-0.19361,0.0872567,-0.146398,0.0715142,0.236363,-0.0444711,0.0360296,-0.117022,-0.0561273,0.0457464,-0.0219416,-0.183754,0.00819305,
0.0105306,-0.0803817,-0.177089,0.134799,-0.0691296,-0.163448,-0.128306,-0.0524323,-0.18957,0.06327,-0.0511665,-0.00864193,-0.0709243,0.103506,-0.0176883,-0.00776073,-0.0626927,-0.0622246,0.0437007,-0.102774,0.0532952,0.0143533,-0.163698,-0.077361,0.0473865,-0.0772258,0.0588261,0.0280912,-0.12844,0.169291,0.0211022,-0.213669,
-0.075462,0.0463299,0.0391649,0.14684,0.129347,0.279599,0.0986302,0.024403,-0.164758,0.0896025,0.0489818,-0.105832,-0.0396166,-0.042372,-0.0150189,0.00500434,0.0042004,-0.102139,-0.208949,-0.113188,0.0301964,-0.144554,-0.052541,-0.0711365,-0.0713975,0.00321832,0.251837,-0.0244528,-0.0519582,0.103951,-0.0941536,0.118239,
-0.156788,-0.0367282,-0.0849223,0.0616261,0.0277563,-0.0462352,0.0294831,0.176274,0.053476,0.0142045,0.254142,-0.146703,-0.0799599,0.0954796,0.026307,-0.0259463,0.0411117,-0.0194268,-0.0182588,0.0103652,-0.0164312,-0.0123822,0.0137319,-0.0556804,0.00707087,-0.0467005,0.0118074,0.13841,-0.0168689,-0.0955349,-0.151753,0.000366698,
0.00542939,0.20376,0.0539709,0.00405569,-0.000701229,-0.0504277,-0.115691,0.0343452,0.00374211,-0.0268456,0.118032,-0.178375,-0.0668034,-0.0352049,-0.0701751,-0.0610314,0.073896,0.117356,-0.146854,-0.0151973,-0.00935441,-0.0416161,0.0198806,0.0424809,0.149972,-0.00759004,-0.0296394,0.0535085,-0.211617,0.00784953,-0.181385,0.0807695,
-0.0447418,-0.116908,-0.0534861,-0.0436415,0.0953839,-0.221775,-0.0606435,-0.00307097,-0.0626459,-0.144165,-0.0127456,0.0695444,-0.000353528,-0.0334869,-0.257025,-0.0815137,0.0363489,-0.180837,-0.00628942,0.0458812,0.0803646,-0.00662436,-0.0419019,0.00402548,-0.0566368,-0.00279886,-0.169308,0.0351792,0.0821787,-0.00321212,-0.103545,0.0866941,
0.0490862,0.142944,-0.052944,-0.0262313,0.0655121,0.0677768,0.0849943,-0.0166419,0.0643418,-0.0437335,0.102509,0.0572324,0.215058,-0.147676,0.0803827,-0.14789,0.0611171,-0.0224681,-0.122527,-0.0104633,-0.0762541,-0.0272349,-0.0976572,0.0954728,-0.00466651,0.187834,-0.156073,-0.065539,-0.0926494,0.0622755,-0.0109746,-0.140566,
-0.151051,0.017815,-0.0859737,0.101847,-0.142884,0.0191374,0.0430673,-0.116633,-0.14092,-0.065606,0.0586258,0.0967118,0.242195,0.0248048,0.0197041,-0.141251,-0.104163,0.0316487,-0.0897823,-0.0066539,-0.144284,0.0400518,0.118693,0.0365885,-0.0329824,-0.0487398,0.0444272,0.174317,-0.0698931,0.0186021,-0.127559,0.139892,
-0.125523,0.0167513,-0.0778608,0.0148065,-0.00337029,0.117552,0.0387287,-0.0952186,-0.0149034,0.042673,0.0159551,0.0434608,0.0376514,0.00777288,-0.0808196,0.1528,-0.131796,-0.0150704,0.063249,0.105558,0.0266043,-0.0926192,-0.015864,-0.147363,-0.0350203,-0.117018,0.0223889,0.0899598,-0.0770669,-0.00556936,0.0610708,0.120353,
-0.1749,-0.108315,-0.0978148,0.0144866,0.168274,0.015307,0.114051,0.16003,0.0459385,-0.0345224,0.032588,-0.0976931,-0.0228915,-0.118822,-0.0186476,0.0623926,0.087702,-0.0444536,-0.104276,0.0185271,-0.0646274,-0.0384727,0.00919245,-0.173278,-0.10759,0.0614071,0.00562816,-0.0850657,0.0136643,-0.0750275,-0.0613413,-0.0990642,
-0.03641,-0.0426356,0.0583723,-0.0646693,-0.0131014,0.121714,0.0157003,-0.0692806,-0.111212,0.00778037,0.115809,0.0101251,0.0600644,-0.221495,0.0213201,0.00200387,0.0561123,-0.0762306,-0.0179645,0.165374,-0.0114282,-0.0591747,-0.0807366,0.0463026,-0.0076978,0.0524745,0.0469419,0.0710851,-0.0857568,-0.0360442,-0.0242718,-0.0244162,
0.169934,-0.0699397,0.0828031,0.0667202,-0.205449,0.0360551,-0.184602,-0.122324,0.141418,0.0972938,-0.0126136,-0.114446,0.0555606,-0.0269411,0.0176934,0.0221292,-0.0438634,-0.0287524,0.0727446,0.0032281,0.0967698,0.168173,0.0603849,0.0721903,-0.0175535,0.0684743,-0.0641391,0.0350814,-0.170496,-0.0793444,0.027892,0.0582436,
-0.0703178,-0.0396045,0.0137159,-0.0933409,0.0701374,0.0830904,-0.0714242,0.196087,0.0698045,-0.0295279,-0.104784,-0.125396,0.0368903,-0.0415513,0.00507648,0.0980656,0.00971651,-0.287206,-0.0779966,-0.0836611,-0.160541,0.134236,-0.0557002,-0.129927,-0.116386,0.0662223,-0.205953,0.128217,-0.029583,-0.110627,0.102247,0.0306665,
-0.11457,0.11609,-0.00164562,-0.16468,0.101216,0.0357834,-0.0730543,-0.110404,-0.0753468,0.0557894,-0.0878477,0.0090347,0.101759,0.0942927,-0.159246,-0.0275072,-0.0299612,-0.343233,0.187298,0.11137,-0.0286941,0.0992484,0.0527356,0.0150455,0.0324947,-0.0721937,0.0563664,0.0218779,-0.0722312,-0.157007,-0.0113288,-0.0559354,
-0.0231868,0.0464386,-0.0117841,0.0957471,-0.0159521,-0.0533095,-0.0404093,0.0412816,0.0335811,-0.00394739,-0.0577821,-0.108219,0.0403392,0.0284318,0.141148,0.052746,-0.0311933,0.139846,0.00376868,-0.119037,-0.0361994,0.0291334,0.0512948,0.0770947,-0.100579,-0.0536092,-0.0566984,-0.072581,0.0935264,-0.0175575,-0.0165766,-0.130855,
0.0931132,-0.03266,-0.0811908,-0.0174769,-0.237297,0.0345539,0.0730944,-0.0673933,0.0532701,0.120166,0.026247,-0.067509,-0.0310527,0.0136867,0.0168262,0.167944,0.0454448,0.00631414,-0.123035,0.200764,-0.00619547,0.0288145,-0.0986924,-0.262233,0.000945479,-0.0379134,0.0887271,0.148793,0.0887934,-0.160128,-0.0328119,-0.12113,
-0.117868,0.129222,0.0152762,0.00802862,-0.0312995,0.0759512,0.0756343,0.144559,0.107729,0.0199291,0.184076,-0.0961193,-0.0513639,-0.0692373,-0.0117366,0.0988239,0.0686374,0.00840033,0.0679142,-0.0508761,-0.0855071,0.0156354,-0.15299,-0.0847761,0.0689751,0.0449076,-0.142594,0.000952111,0.193786,-0.181148,-0.0658816,-0.0720678,
0.307136,-0.141694,-0.0145239,0.0411098,-0.00707882,0.0281415,-0.0584805,-0.25109,0.0994216,0.218699,-0.281276,0.0273685,0.0827317,0.099234,0.154296,0.140176,-0.230921,-0.0204443,-0.0792058,-0.0732336,-0.186419,0.0258282,-0.00782661,-0.133506,-0.0682342,0.103852,-0.0388752,0.0703182,0.0478152,-0.104094,-0.0227915,-0.00556005,
-0.0706951,-0.12854,0.0701254,0.0674388,-0.218929,-0.0810671,0.00711957,0.0254179,-0.0693495,0.0813848,-0.0237324,-0.141182,-0.0492086,-0.189194,-0.134115,-0.131405,-0.0814864,-0.183963,0.0632819,0.0978198,-0.0647887,0.0172474,-0.0136589,0.0395501,0.0613597,0.0780592,0.146361,-0.148428,0.125625,0.0706955,0.0553967,-0.0547556,
-0.0128768,0.0874826,-0.200203,0.0458433,0.0346918,-0.132979,0.0241236,0.0788793,-0.151299,-0.0478923,0.0824368,-0.103996,-0.0679082,0.102004,-0.122862,0.0348443,-0.117175,-0.107061,-0.0259176,0.140032,-0.211352,0.0904175,-0.159685,-0.122095,0.106088,-0.0114485,-0.0691171,-0.0382267,-0.0354723,0.0396759,-0.301236,0.000364515,
0.156573,0.0212506,-0.126441,0.00293321,0.017028,0.0730538,-0.0375864,-0.188753,-0.131769,-0.046953,-0.0490208,-0.116441,-0.156768,-0.049469,0.0496342,0.140929,0.115108,0.0877184,0.0558562,0.0217088,-0.000513455,-0.176306,-0.333838,-0.0985928,0.0847467,0.0493501,-0.0545315,-0.0399327,0.0730652,-0.112262,0.0429246,-0.039337,
0.0406729,-0.112834,0.069277,0.277834,0.058578,-0.0141697,-0.00100064,-0.173067,0.00866137,0.115592,0.0120392,-0.0996057,0.115614,-0.0639062,-0.128783,0.0823203,-0.0720255,0.0968595,0.184678,-0.0584676,-0.154277,-0.15242,0.101194,0.233122,-0.0878826,-0.12212,0.14513,-0.0276029,0.072163,-0.0934772,-0.0396381,0.0176188,
0.126952,-0.0477551,0.125914,0.103309,0.146115,0.0482633,0.149076,-0.179804,-0.0579913,-0.0176392,0.00561421,-0.20723,-0.133422,0.00427717,-0.120013,0.274606,-0.0990182,0.104108,-0.0778817,0.128266,-0.116692,0.0323309,0.121425,-0.15019,-0.0508999,0.00946107,-0.180771,0.0905601,0.00531861,-0.00339907,-0.0885834,-0.10231,
-0.0518974,-0.136613,-0.15311,-0.041188,0.0910331,-0.052646,0.0174174,0.0528668,0.0752754,0.0318377,0.0418884,-0.165345,-0.0977323,-0.100236,0.125672,-0.0642632,0.0389257,0.167637,0.0964447,0.113962,-0.193904,-0.0584225,-0.213133,-0.0974666,-0.0468827,-0.00182813,-0.0848646,-0.0333488,-0.0484669,0.0753551,-0.186432,-0.101575,
-0.0644587,-0.0965457,-0.0989383,-0.0456396,0.0889753,-0.129131,-0.0450344,0.13965,-0.0836034,0.0772875,0.0740113,-0.21789,-0.011945,-0.0546646,0.0191504,0.195597,-0.0274339,-0.0365263,-0.00325205,0.0249916,0.0502883,0.0327081,-0.00240667,0.0885806,0.0589475,-0.0238613,0.0198725,0.0860025,-0.0291507,0.115359,-0.0267219,-0.129357,
-0.101655,-0.240529,-0.131549,-0.0494667,0.0858712,0.060856,-0.0759482,0.233117,-0.160165,0.0557202,0.111885,-0.11874,-0.0553306,0.131692,-0.0869711,0.101634,0.0293828,0.0721672,-0.0175603,-0.111012,-0.0296174,-0.0624433,0.0747157,-0.0630849,-0.167806,0.169858,0.00162221,0.0320586,-0.0850847,-0.0217659,-0.0954733,-0.0228171,
-0.0707838,0.035627,0.0243644,-0.0459352,0.171807,0.0205426,0.0586286,-0.0922883,0.0714972,0.142728,-0.039109,0.20878,-0.0198587,-0.151184,-0.0128552,0.0918249,-0.00222564,0.138764,-0.0470111,0.0545347,-0.0297601,0.0842664,-0.0435006,0.0383967,-0.031309,0.0763933,0.0438108,0.0522782,-0.0445253,-0.0310454,-0.0913702,0.0333386,
-0.0803627,-0.069559,0.170402,-0.19178,0.0234611,-0.086916,-0.158965,0.0363038,-0.233724,-0.0945799,-0.0412503,0.00943112,-0.000475776,0.0890661,-0.0676046,0.0570464,-0.0252921,0.068402,-0.113107,-0.14537,-0.0547003,0.0184037,0.00576121,-0.00573241,0.00665366,-0.0266678,-0.0132061,-0.0972427,0.0891609,0.123713,0.041934,0.0253069,
0.073168,-0.0797462,0.134672,-0.129205,-0.0924285,0.0157762,-0.0846983,0.190522,0.118064,0.0595369,-0.0105454,-0.0825208,0.00984622,0.00627885,-0.0540902,-0.12537,-0.0359906,-0.0605985,-0.155497,-0.0026678,-0.098584,-0.126021,0.0474511,-0.00348865,-0.150132,-0.109164,0.139617,0.109674,-0.0289394,0.029125,-0.031092,0.210206,
0.0391744,0.130852,0.0676313,0.0483858,0.0430235,-0.0724503,0.00998824,0.119292,-0.0219225,0.111741,0.00833919,-0.14032,-0.156328,-0.0749447,-0.0292072,0.0289538,-0.0274107,0.0277744,-0.0438469,0.0364005,-0.0496056,-0.171669,-0.0751023,-0.068444,-0.0146988,0.0503794,0.0375697,0.0392053,0.0471659,0.104938,0.0657268,0.0587071,
0.00115687,-0.230903,-0.138363,0.093219,0.0656429,0.109872,-0.00799646,0.0363352,0.0217556,0.00740907,-0.0970058,-0.00934968,-0.0224131,0.0079392,0.021905,0.104905,0.0858096,0.132492,-0.159335,-0.16966,-0.162895,-0.132093,0.101015,-0.0316334,-0.106359,-0.00270149,0.0728176,0.0728822,-0.0845883,-0.0402824,0.0505686,0.0495337,
-0.0794876,0.0996006,0.131067,-0.0979858,0.0141456,0.110596,-0.124739,0.119455,0.00903695,0.03587,-0.0452441,-0.104138,0.140816,0.0597441,-0.0759685,0.0236821,-0.0508228,-0.162799,-0.151464,0.0711911,-0.0542312,-0.00710316,-0.0252062,-0.157667,0.0232591,-0.0169378,-0.0161794,-0.0170087,-0.175524,0.0706173,0.114041,0.0939257,
0.169868,-0.055432,0.126687,0.0969719,-0.075509,-0.157049,0.0744276,0.138662,-0.00930227,0.0601408,0.178172,-0.0979806,0.125311,0.32809,-0.012679,-0.142714,-0.0547364,0.0288067,0.131348,0.00581769,0.0628468,0.019418,0.0550881,-0.0738616,0.0350523,0.0906383,0.063769,0.145962,0.0289882,0.184104,-0.227262,0.0290038,
0.0796735,-0.0889946,0.0125173,-0.145799,0.000821743,-0.0157208,-0.0786936,0.116396,0.0818148,-0.099505,-0.0155237,-0.0979446,-0.0452955,-0.00617555,-0.251016,-0.1007,-0.127436,0.160892,0.0429216,-0.0567658,0.135318,0.149805,0.0161166,-0.0215241,-0.0244147,0.171337,0.151355,0.0938675,-0.0344016,-0.19465,0.0713471,-0.0972482,
0.132093,0.0447794,-0.0195826,0.00900938,0.00631133,-0.0166288,-0.000751383,0.0128884,0.113884,-0.157083,-0.0686291,0.0611466,-0.0993951,0.123362,-0.0636527,-0.129743,-0.0981326,-0.0716012,0.0381628,0.206154,0.162343,0.0332288,-0.057341,-0.0107713,0.0926467,0.0725888,-0.0165847,0.00161712,0.0771446,-0.00267595,-0.0353302,-0.0175585,
0.0938389,0.143532,-0.090014,-0.0519193,0.102237,0.00508131,-0.0637309,-0.22897,-0.00768174,-0.173231,0.00386058,0.0419117,-0.0833912,-0.007556,-0.136917,-0.0513692,-0.0136347,0.0888011,-0.00753208,0.0537283,-0.131947,-0.0799777,0.184468,-0.017402,-0.0592432,0.214504,0.0820161,0.150401,0.0474176,-0.0861626,-0.149133,0.0692729,
-0.137086,0.00495037,-0.0611803,-0.0218989,0.0876232,0.0532878,0.177926,-0.0247958,-0.0135768,0.0180785,-0.0410113,0.0119203,0.054898,-0.192293,0.0632448,-0.00412081,-0.233702,0.00853798,0.037551,0.0712637,-0.0237597,0.101988,0.0889063,-0.0558379,-0.0923815,-0.00236738,0.048449,0.136111,-0.0702169,-0.0295576,-0.0307863,-0.105114,
-0.0790254,0.00290432,-0.0490224,0.00480685,0.00281409,0.109854,0.0946743,-0.0179722,0.0629589,0.110503,-0.0804222,-0.00941428,-0.00893053,-0.0165118,-0.0393094,-0.102293,0.0231546,-0.0527232,0.141188,0.0298759,0.10815,-0.110877,0.0285508,-0.235873,-0.0337428,0.0104751,-0.047302,0.0133079,-0.095403,0.0427306,-0.0811836,0.021485,
-0.0013952,0.0623745,0.021901,0.0370186,0.0172236,-0.0518625,-0.0097907,0.130766,-0.11296,-0.0371348,0.0248433,-0.0761637,-0.091294,0.0949684,0.169924,-0.0293255,0.0895622,0.0471891,0.149665,0.101282,0.0936445,0.117792,0.0139347,-0.0785802,-0.00612481,-0.00880309,-0.00124035,-0.0726798,-0.0722541,-0.0148002,0.0537902,-0.0136794,
0.114257,0.181062,0.0661138,0.121056,-0.00789412,-0.13453,0.0575895,-0.107354,-0.0371979,0.0370045,-0.173569,0.08115,0.0369177,-0.0168676,-0.0355607,0.101577,-0.081109,0.025794,0.00364349,0.174553,0.141423,-0.010698,0.0305322,0.116763,-0.0251882,0.0520357,-0.0847487,0.184567,-0.00832733,0.0659599,0.227478,-0.0767242,
-0.0444557,-0.0481915,0.0704689,0.00159478,0.0581591,-0.107849,-0.0140709,-0.0183784,-0.0313865,-0.0305491,-0.112759,0.0158117,-0.120609,0.0484104,-0.0421281,0.116665,0.06373,-0.310912,-0.0464723,-0.0295679,0.0276477,-0.0102486,0.0179571,-0.00108165,-0.215708,0.0118438,-0.109011,0.04393,0.0500503,-0.00221853,0.109433,0.120071,
0.0312928,0.00124342,0.0657501,0.0775938,-0.103899,-0.0500278,-0.174807,-0.0280718,-0.10647,-0.22943,0.00999475,0.206855,-0.0175891,0.188484,-0.0414025,0.0131683,0.1732,0.0389336,0.134662,0.050262,-0.174979,0.244062,-0.0693882,0.024927,0.00405483,0.13959,-0.114656,0.195533,-0.0539041,0.0395192,0.0177119,-0.0111814,
0.0996503,-0.0329512,0.0139479,0.055287,0.00532667,0.0567929,0.0458664,0.0604408,0.150391,-0.00795119,-0.0230848,-0.0135858,-0.0569094,0.148265,0.0312663,0.0711604,-0.0939704,0.0790048,0.00985254,0.0949618,0.0123011,0.0233932,-0.12274,0.0599242,0.0497535,-0.00480102,0.00863238,0.053051,-0.151766,-0.0390686,-0.238396,0.0234266,
-0.0255506,0.256536,0.0370036,0.0541665,0.148457,0.118584,-0.115235,0.128634,0.140126,0.0702719,0.108676,0.0305864,-0.0117889,0.0710021,-0.18676,-0.0610119,-0.117779,-0.0991156,0.131539,-0.132558,-0.0762906,0.0409939,-0.0965884,-0.00619971,-0.157286,-0.0211148,-0.0903238,0.0223716,-0.00202649,0.106703,-0.0091971,-0.0657579,
-0.0356843,0.0658806,0.127733,-0.0993269,-0.0717005,0.148078,-0.143588,0.0413937,-0.0331006,0.0819556,0.190707,-0.0664634,-0.151498,0.12302,-0.0809499,-0.074438,0.154838,-0.0710517,0.19805,-0.0854087,0.0410082,-0.1666,-0.0961921,0.0665143,-0.102613,-0.0263517,0.149754,-0.0822363,0.0219699,-0.150758,0.0387425,-0.116014,
0.0649194,0.108678,0.0926685,-0.158953,-0.273367,0.0078855,0.162241,-0.100701,-0.182344,-0.137283,0.00928818,-0.0171051,-0.204959,0.0888489,0.0441394,-0.21142,0.00181301,-0.0827755,0.167367,0.0775416,-0.102095,-0.0931796,-0.0676448,-0.249745,-0.133973,0.166401,-0.029466,-0.0936904,0.0980852,0.137596,-0.00729497,-0.017126,
-0.0260814,0.0893749,-0.00384347,-0.0346209,-0.183857,0.140163,-0.188377,0.0394505,-0.103594,0.0402103,-0.149332,0.0888098,0.0039656,-0.0151518,-0.0693533,-0.0114366,-0.22749,-0.0106792,-0.0193647,0.18488,-0.0170102,0.0351804,-0.0186505,-0.0105903,-0.0561196,-0.0178105,-0.097584,0.168622,0.0416726,0.0256579,-0.118461,0.0773874,
0.0680506,0.0191953,0.0650926,-0.0460154,0.0269411,-0.0168303,0.0126975,-0.221356,-0.0490997,-0.0680696,-0.00671223,-0.0140967,-0.246243,-0.00146118,-0.0838326,-0.0610997,-0.0227527,0.0217274,0.0427505,-0.102057,0.152292,-0.0178391,0.0716569,-0.116149,-0.242231,0.0221425,-0.0129588,0.0679307,-0.01418,-0.0912464,-0.148365,-0.03725,
0.00591604,0.0653669,0.121485,-0.0922703,0.0165488,0.122001,-0.0250044,0.0111048,-0.162476,0.0634521,-0.0141279,0.0199294,-0.0606015,-0.0619554,0.0384318,-0.0489478,-0.107951,-0.0281,0.0963828,-0.00200104,0.0607527,-0.0371272,-0.061889,0.0136996,-0.0620832,0.0784191,-0.0540228,-0.00026249,-0.0130183,-0.0319517,0.121557,-0.247071,
0.0163866,0.162792,0.108713,0.334094,-0.218742,-0.0713075,-0.00535445,-0.0450627,0.0229631,0.0286141,-0.0434936,-0.0742444,0.145379,-0.0127788,-0.126796,0.0339104,-0.0383984,-0.0406301,-0.00172291,0.142136,-0.0832883,-0.0690916,0.039991,-0.0695392,0.0545928,-0.0390174,0.021687,0.0604581,0.220375,0.0993765,-0.0473155,-0.0421175,
0.180881,0.0150766,0.0912684,0.00823735,-0.184905,0.0566172,-0.0362961,0.0304393,0.0525378,-0.239034,0.100878,-0.105804,-0.130172,-0.0362181,0.0193695,0.122996,-0.0368722,0.0042099,0.160781,-0.0668761,0.133209,0.0522001,0.0442242,0.143595,-0.030588,-0.0715888,-0.0621454,0.0781265,-0.0188567,-0.0730406,-0.129478,0.0266633,
-0.0279102,0.0186289,-0.148685,0.0549434,0.158461,-0.171375,0.107364,-0.0530846,0.113035,-0.0937782,0.114709,-0.0254128,-0.0445653,-0.13429,0.0367201,-0.0314009,-0.048104,-0.0163675,0.0887308,0.112194,-0.0148117,0.109309,-0.0112252,0.0189106,0.0839251,0.0957795,-0.0898848,-0.103838,0.0840705,0.161339,-0.138157,0.0222292,
-0.196585,0.119981,-0.044886,0.130365,-0.185735,0.121326,0.0160576,0.0292922,0.0285272,0.0144578,0.093431,0.00826231,-0.0469097,0.117074,-0.0411526,-0.0534855,0.0187664,0.0617015,0.109835,-0.0463519,-0.252979,-0.0756661,0.150796,0.0670258,-0.0206501,0.0474479,0.0546954,0.116311,0.230499,-0.172345,0.00523183,-0.0689719,
-0.220206,0.0532184,0.115594,-0.170229,0.0242363,-0.0870386,-0.1814,-0.0338659,-0.0561856,0.16268,0.254921,-0.0416724,-0.06672,0.0188907,-0.0512565,0.0865154,0.113199,0.263785,0.0679377,-0.0340097,0.0732117,-0.0262691,0.0794067,-0.0428998,0.0529739,-0.0542658,0.044606,0.0267515,0.224165,0.0379506,0.0607054,0.064912,
-0.161603,-0.195655,-0.0484329,-0.151345,0.182482,0.0562628,-0.223308,-0.0573534,0.151259,0.00859389,0.133731,-0.149311,-0.0666516,-0.0298963,0.0978766,-0.151446,0.042984,-0.0316319,0.039904,-0.135399,-0.0531283,-0.0933734,-0.0501943,-0.102176,-0.0505842,0.137585,-0.102358,0.0625067,0.162164,0.0275714,-0.0153076,0.0798154,
0.0523765,0.146617,-0.00101062,0.17623,0.056434,-0.0130783,0.0952954,0.0406503,0.144188,0.0163879,0.0827755,-0.114599,-0.0445445,-0.0258804,-0.0149629,0.119934,-0.0441643,0.0240757,0.030867,-0.0869331,0.0157753,0.155967,0.0784489,0.161016,-0.0530538,-0.0780026,0.0795051,-0.0480262,0.0911945,0.123926,0.00165257,0.143934,
0.15659,-0.106956,-0.0555312,0.0602511,0.115549,0.103035,-0.0271013,0.090003,0.269259,0.121139,0.0353895,0.0758331,-0.0323703,0.030962,-0.119904,-0.0485851,-0.0688696,0.0620339,-0.0382783,0.0509153,0.0291128,-0.319557,0.102931,-0.0682823,0.12611,-0.131265,0.0560746,-0.0416039,0.00436883,-0.227564,-0.0657466,0.150821,
0.0623755,0.0790066,0.0453148,-0.0706901,0.0228567,0.0724682,-0.00702497,-0.181978,0.115315,-0.0690249,0.0155262,-0.0696361,-0.112322,-0.0699101,0.0887506,-0.0186569,0.0579667,0.00199736,-0.0871771,0.105689,0.151844,-0.0502972,0.174444,-0.0416386,-0.0995362,-0.0633143,-0.0344423,-0.0523478,-0.216935,0.0534969,-0.0604602,0.00443936,
0.0258007,0.0825561,-0.108421,0.0546587,-0.0337945,-0.00336781,0.0315319,0.173024,-0.0969685,-0.0600451,0.0637874,-0.131988,0.0724784,0.0654337,-0.0644776,-0.0395851,-0.06652,0.143598,-0.0664475,0.0847238,-0.0476651,0.0560833,0.253214,-0.0140301,0.0509735,0.00857761,0.0510812,0.111716,-0.296057,0.239478,0.0605532,-0.0171885,
0.0941244,-0.0266572,-0.038719,0.0381307,-0.159152,-0.0643635,-0.01842,0.079,0.133873,-0.0683968,-0.0242285,0.266775,-0.0402432,-0.0987595,-0.258083,0.0736103,0.12543,0.122922,0.0673374,0.0816187,0.0530814,0.062598,-0.163571,0.0723822,-0.0634661,0.0427245,0.0993539,0.151891,0.0467838,-0.0655924,0.0213036,0.0661159,
-0.0257174,-0.127992,-0.127489,0.0255197,-0.138167,0.000625823,0.00205047,-0.186799,-0.242376,0.0765285,-0.15233,-0.100636,-0.01268,0.0630025,0.0333597,-0.00910448,0.0182216,0.100846,-0.0769954,-0.031661,-0.188757,-0.174854,0.0490731,0.03876,-0.120081,-0.0344064,-0.0248056,0.0836502,-0.0490104,-0.161597,-0.0142376,-0.00404571,
-0.161428,-0.0153731,-0.0407689,0.0926857,0.137828,0.0398527,0.166621,-0.167691,0.0481518,-0.0152675,0.0546316,-0.117662,0.0976018,-0.0273904,0.148094,-0.090064,-0.180063,0.0525598,0.0658002,0.0724248,-0.0169417,-0.110566,0.0256728,-0.0106682,0.0382278,-0.104736,0.228845,0.142005,0.125358,-0.07856,-0.155614,0.220891,
0.257765,0.0429657,0.0227715,0.147928,-0.111709,0.0506874,0.0224948,0.117675,0.0329268,0.185434,0.16319,0.00687478,-0.123501,-0.07735,0.014531,-0.0185157,0.00336364,-0.0226333,0.0347481,-0.0480144,-0.0272369,-0.127982,-0.120688,-0.199257,0.0193515,3.42841e-05,-0.0586444,0.00990758,0.220253,-0.108495,0.173656,0.0633708,
-0.0032677,0.057719,0.123957,0.0347252,0.132269,0.0457225,-0.0369463,-0.103621,0.215188,-0.260582,0.12201,-0.0833612,-0.0736455,0.16001,0.116279,-0.0566789,-0.126979,0.0656191,0.180298,0.0230789,0.00985707,-0.0693388,0.0967947,-0.0386193,0.154266,0.0604977,0.094477,0.00218637,-0.052743,0.0243529,-0.0961808,-0.118938,
-0.193787,-0.100782,-0.170559,0.0635486,0.245088,0.0596657,0.203221,-0.0587503,-0.0157157,-0.0376157,-0.0060249,-0.0211342,-0.0822037,-0.103337,-0.0209412,0.0614867,0.0793811,0.0762012,-0.0505013,-0.0606573,-0.111352,0.0510963,0.0807273,-0.00359989,0.0761722,-0.116506,-0.049819,0.0262751,0.0593825,-0.013883,0.132243,-0.0389073,
-0.0153321,0.0315666,0.0159015,-0.106061,-0.0477693,-0.0230599,0.0586104,-0.124879,0.0527707,-0.0128139,-0.0355693,-0.167417,-0.0663253,-0.0524051,-0.0508978,0.0321216,0.0237522,-0.0158368,-0.130432,0.0169227,0.0288943,-0.0411584,-0.0683445,-0.150623,0.158608,-0.054348,0.10554,0.139138,-0.14317,0.131334,0.0120613,-0.100766,
-0.157314,0.330946,0.0896135,-0.106025,-0.104693,-0.0592043,-0.0307916,-0.0582786,-0.101017,-0.0570221,-0.0744397,-0.0424401,0.0737183,-0.205344,0.0123887,0.144822,0.0116815,-0.0609321,-0.0530257,-0.0149354,-0.119117,0.227967,-0.133355,0.0624932,-0.0438896,-0.0708271,0.0522596,-0.0681883,-0.0282704,0.00850307,-0.123886,0.150415,
-0.0170589,0.126058,0.0166367,-0.00410911,-0.0259123,0.010233,0.004419,0.0946488,0.000799019,0.0583087,-0.00153174,-0.0335935,-0.197806,0.0425302,-0.0342494,0.0299194,0.0196018,-0.0106714,0.0565611,-0.123771,-0.179603,0.231121,0.0336108,0.0356385,-0.091926,-0.0451493,-0.147138,0.0073714,-0.0220361,0.101008,0.118207,-0.206669,
0.135157,-0.0910466,0.219086,0.0764801,-0.077189,0.066216,0.0499318,-0.277131,0.0485544,-0.0804206,-0.136267,0.0167317,0.0280448,-0.0212393,0.0559719,-0.059725,0.070686,0.127935,0.00211384,-0.0515273,-0.0189021,0.195338,-0.0758025,0.156704,-0.0876549,-0.0241754,-0.0517395,-0.0238822,0.147393,-0.147345,-0.148536,-0.168447,
-0.0853211,0.15353,-0.100676,-0.174549,-0.00394303,-0.0231846,0.01441,0.0944993,0.0681842,-0.0844916,-0.157858,-0.0122057,-0.213912,0.114731,0.0587639,-0.0756433,-0.208756,0.0749894,0.062343,0.0187588,0.0244512,0.0343745,-0.00735532,-0.00711495,-0.0547826,-0.0727001,0.260076,0.0334177,-0.0342036,-0.0298138,-0.0357263,-0.0535312,
0.0827332,-0.0536638,-0.0565659,0.00378825,0.0249319,-0.0596384,0.0274024,0.0276828,0.0931511,0.0234826,-0.178734,0.0626882,-0.122792,-0.0223218,-0.18989,-0.282664,0.0959383,-0.0660178,0.00201889,-0.00242624,-0.0577761,0.0474069,-0.0700511,-0.0486852,-0.0184937,0.0477896,-0.0239598,0.057704,0.0119801,-0.102486,-0.00699004,-0.0496003,
-0.110979,0.0568528,-0.0199496,0.0873488,-0.00776093,-0.179548,-0.0136227,0.0951472,0.0281261,-0.0183597,-0.0734947,-0.0420339,-0.118731,0.225006,-0.0215268,-0.1259,0.0645001,0.0774925,0.0781214,-0.200277,0.215233,0.0568322,-0.0528845,0.0409999,-0.0433167,-0.044449,-0.0368211,-0.0157255,0.106626,-0.0648349,0.140367,-0.0407144,
0.0860887,0.0101279,0.0890196,0.0048487,0.135634,-0.0637548,0.0389063,0.0652618,-0.10637,-0.0157753,-0.0223894,0.0716807,-0.161638,-0.0402162,0.0748732,-0.173946,-0.0415024,0.0040462,-0.136567,0.0821266,0.0780786,-0.0336151,-0.118903,-0.00339769,-0.0954704,-0.0760641,-0.133613,0.0475644,0.0634553,-0.0779718,-0.0116216,-0.120373,
0.0307196,-0.111401,-0.180164,0.173188,0.00243009,0.0533861,-0.0452504,0.075193,0.0316491,0.0319847,0.0529522,0.0501312,-0.101921,0.1577,-0.0582675,-0.0745069,0.131455,-0.21135,0.176246,-0.160108,0.0214339,-0.154017,0.079929,-0.0298963,-0.0472175,-0.173682,-0.0870847,0.024805,0.193676,-0.000730917,0.0173319,0.121182,
-0.143444,0.19703,0.180935,-0.131463,-0.0708471,-0.0407205,-0.127416,-0.177376,-0.142918,0.0294932,-0.197112,0.0869501,-0.0627229,0.00297509,0.00502365,-0.0545812,-0.203238,0.0117624,0.0305127,0.0871143,0.141714,-0.107533,-0.0229105,-0.227368,-0.2982,0.0515043,0.220961,-0.0531222,0.0331809,0.0659011,-0.112324,-0.0324643,
0.0525251,0.140565,-0.0144131,0.191053,-0.157152,-0.0445542,0.231162,0.0245853,-0.129002,0.0639647,0.0951411,0.0417102,-0.0439195,-0.0145289,0.076134,-0.137617,0.0693638,-0.186992,-0.0259588,0.108432,0.134028,0.0256762,0.0959121,-0.0963812,0.142524,0.107386,0.0765494,0.0482949,0.0420974,0.0891017,-0.131359,0.16392,
0.104001,0.0121072,0.122951,-0.0759084,-0.0927819,-0.0109351,-0.0935499,-0.101281,-0.0196085,0.0351837,0.0091224,-0.0313953,0.109803,-0.0368211,-0.0749172,0.161656,-0.0693385,-0.227247,-0.0348689,-0.0447293,0.0677144,-0.0228407,0.210138,-0.0365063,-0.0168335,0.0267158,-0.107343,-0.0547278,-0.0116269,0.0910112,-0.0617543,-0.10984,
-0.131804,-0.0351841,0.122772,0.088208,-0.0936454,-0.106282,-0.0230936,-0.034004,-0.0731716,-0.0594386,0.0422139,-0.079587,-0.0582555,-0.118353,-0.097991,0.161697,-0.0588402,-0.0900617,0.100354,0.0113562,0.269433,0.0260215,0.251648,-0.115481,-0.0798253,0.150563,-0.117822,-0.0183794,0.15046,0.28405,-0.033475,-0.0399348,
0.00188354,0.162561,0.0233813,0.116696,-0.0413958,0.0554006,-0.104939,-0.0269895,-0.118462,-0.0122355,0.0149557,0.156304,-0.0849115,0.068174,-0.221421,-0.158717,0.0788802,0.016438,-0.00194601,0.126537,0.0749238,0.104125,0.170686,0.0486931,-0.0999637,0.0369969,0.0682459,0.0521266,0.112973,-0.0828774,0.161624,0.190566,
0.068868,0.165579,-0.00499909,0.161862,0.168884,-0.0510741,-0.0433685,0.148063,-0.130514,-0.00581472,0.0712232,-0.166576,0.0390471,-0.212027,0.108837,-0.186545,-0.00360864,-0.0905878,0.0866763,0.0247444,0.0260456,-0.0771452,-0.0469934,0.0749142,-0.0340575,-0.0401296,0.0271227,0.0617488,0.0957019,-0.075531,0.0160489,-0.118512,
0.052677,-0.116331,0.0766156,0.00883381,0.0442081,0.0357505,-0.0535011,-0.118457,-0.129142,-0.0636473,0.196756,-0.00977118,0.0319494,-0.0931277,0.202369,-0.14882,0.0497211,-0.0852104,0.102654,-0.0664419,-0.0280737,0.115616,0.0817707,0.0883043,-0.149774,0.155326,0.0343572,0.0576264,-0.0134088,0.122322,-0.0755652,0.0928136,
0.0715298,-0.0650794,-0.081166,-0.00240987,0.0212705,0.00245029,0.0295678,0.0654777,0.0526805,-0.039918,0.138989,-0.000183968,-0.0851329,0.00913362,-0.140188,-0.0807915,0.110784,-0.0605703,0.124079,-0.0204768,-0.0655919,-0.237524,0.0594116,0.137446,-0.0652707,-0.0512805,-0.00300297,-0.0444827,0.145049,0.0143709,0.159424,-0.208856,
0.100169,0.0479079,-0.115704,-0.125171,0.0789947,-0.00582883,-0.0302162,0.00489325,-0.0813084,-0.0291404,0.254691,0.0681454,-0.0163451,0.0668637,0.0500468,-0.0501964,0.0522197,0.0143284,0.0905848,-0.155611,-0.201304,0.0635465,0.0928967,0.0475306,-0.0733049,0.12228,0.146143,0.0334536,0.00648706,0.0687762,-0.0532299,0.00876677,
-0.144242,-0.0714665,0.0599258,-0.10338,0.0550364,0.0717708,0.13059,0.177277,-0.0769962,-0.0410856,0.156603,-0.0661738,0.0644416,-0.0761828,0.106021,-0.185292,0.0117543,0.0626394,0.0853871,-0.0882568,-0.0939977,-0.140622,-0.120638,0.0463807,-0.0964027,0.0103244,0.0283178,0.201059,0.162869,0.0405988,-0.0527828,-0.039763,
-0.0999767,0.0424222,-0.0421043,0.0237638,-0.00219601,0.0487926,-0.157133,-0.0516942,0.153148,-0.147614,-0.0510111,0.14856,-0.00413262,0.0366677,-0.0841624,0.105974,0.0989189,0.220591,-0.0364146,0.0299531,-0.168219,-0.104815,0.122517,-0.0944053,-0.114089,-0.023314,0.0223323,-0.0893153,0.0682773,-0.0641528,0.103108,0.122582,
-0.14214,-0.00141411,-0.112784,-0.0796911,0.267538,-0.0999024,-0.0567568,0.120435,-0.0791119,-0.289441,0.0463484,0.0728535,0.0132257,0.0825602,-0.0542364,0.0200942,0.0746044,0.0487211,0.0726851,-0.0615208,-0.150184,-0.068205,0.128448,-0.0223085,0.014136,0.253544,-0.03931,-0.00811158,0.00543088,-0.00126166,-0.214853,-0.0324038,
0.144417,-0.17475,0.0651474,-0.116358,0.0867735,-0.0161626,0.0818887,-0.0104987,0.0488461,0.0195616,0.0473818,-0.126854,-0.0562452,-0.0558145,-0.0822547,0.240227,-0.133592,-0.00348366,-0.0410406,-0.0960437,0.0433382,0.0324021,0.185257,0.0603047,-0.0400179,0.0388217,0.116945,-0.107252,0.0318301,0.0135492,0.0829916,-0.22764,
0.102433,0.199567,0.0912569,0.0613784,0.00611409,0.255427,0.0858874,-0.0387593,-0.154964,0.0382889,-0.114078,-0.132552,0.0289852,-0.0245278,-0.132935,-0.133063,0.0938774,0.0435056,0.0225383,0.0748189,-0.00417026,-0.064295,0.0909338,-0.0479581,-0.0302162,0.0296532,0.147402,-0.142116,0.0012395,-0.0279571,0.000397168,-0.0731203,
-0.10672,0.030983,0.0403875,-0.147296,0.00479813,0.149542,0.0194173,0.0251709,0.0935134,0.111467,-0.0729073,0.137221,0.143433,0.0603911,0.11162,-0.247506,-0.145106,-0.063817,0.101208,-0.0489036,-0.051953,-0.0986545,0.110047,0.0186011,0.0731948,0.0411868,-0.0488977,-0.127969,-0.156864,-0.018756,-0.0511146,-0.0379744,
-0.14597,0.0578507,0.01144,0.229886,0.0162035,-0.0298055,0.032106,-0.012431,0.0530646,-0.14754,0.0393455,-0.151482,-0.051071,0.14112,-0.107626,-0.0222016,0.0538853,0.0657456,-0.101587,0.10285,0.0945297,-0.198171,-0.0314148,-0.0166977,-0.0130696,0.0742866,0.0748598,-0.0180095,0.129259,-0.103031,-0.182813,-0.0309208,
0.187292,-0.0690956,0.0401447,0.0245228,0.0408892,-0.0233375,0.093094,-0.119413,-0.108759,-0.137531,-0.0351498,-0.0851194,0.190357,0.00803465,0.000396273,0.119261,-0.0423802,-0.0412736,-0.0203621,0.00634128,0.0377963,-0.0856422,0.0651187,-0.00598147,0.223584,0.141479,0.0621927,0.0709096,0.0495591,0.0193179,-0.0406953,0.145681,
-0.100951,-0.0419353,0.18524,0.120705,-0.00586657,-0.0367457,0.123083,-0.0880868,0.102011,0.0476143,-0.0422296,0.00354608,0.0411371,0.0422741,-0.0144126,-0.00218017,-0.074466,0.018169,-0.0595097,0.00128756,0.116187,0.00467758,-0.139838,-0.0289287,0.0305131,-0.0462403,0.14075,-0.103701,-0.268661,-0.0782303,0.0388221,0.126479,
-0.0665696,-0.0487726,0.0718667,0.0251526,0.10153,-0.0606572,0.0383784,-0.0839257,0.0728308,-0.28576,0.119859,0.0580896,0.0550246,0.124243,0.206625,-0.0974957,0.114898,0.0296983,0.075236,0.02825,0.177676,0.117148,-0.0504762,-0.188075,-0.0614632,0.0772911,0.159488,0.180766,-0.00992721,-0.00889197,-0.0448633,-0.214599,
-0.00854278,0.0774418,0.0655305,0.0933226,0.194311,0.152223,0.0879646,0.0719274,0.0833107,-0.0444067,-0.0625032,0.052959,-0.0454028,-0.131902,-0.107778,0.0928679,0.0950321,-0.0534583,-0.0629194,0.00197912,0.00220291,-0.00640728,-0.0964226,0.0227073,0.0103387,-0.0952629,-0.168685,0.0504191,-0.0258047,0.0101163,0.196867,-0.0374355,
-0.132836,0.0355914,0.0744113,0.0215435,-0.152717,-0.0579356,0.00867249,-0.174221,-0.118579,-0.0108908,-0.0776478,-0.0956515,0.105202,0.131168,0.0580923,0.0435582,0.162251,0.00137175,0.0389082,0.0771948,-0.00550001,0.0171015,0.0176671,-0.045888,-0.00627098,0.0266464,0.0517953,0.0761023,0.166166,0.114763,-0.0280423,-0.0545725,
-0.149771,0.106599,-0.0531936,-0.172861,0.00872166,-0.0781882,0.0854042,0.0564603,0.195891,0.0580138,-0.0631052,-0.0438644,-0.159728,-0.125261,0.0704605,-0.078004,-0.0656715,-0.0786844,0.038625,0.121612,-0.0522308,0.0111389,-0.0723677,0.160016,-0.023039,0.00626887,-0.0589428,-0.256867,0.0600133,0.00790602,0.0872517,-0.155063,
-0.0262055,-0.0513777,0.0140964,-0.0234065,-0.0222401,0.0426683,-0.048227,-0.141151,0.0820449,-0.127751,0.0313691,0.0120722,0.0632834,0.000634006,0.0956528,-0.182713,0.0515479,0.0581537,-0.0286927,0.0205169,0.0143737,-0.00193503,-0.116823,0.171971,0.0145592,-0.220545,0.0389423,0.00782099,-0.013766,0.0548936,-0.0266841,-0.0127066,
-0.0901386,-0.0406712,-0.137457,0.146132,-0.158246,0.00953565,-0.0297288,-0.0879106,0.0290411,0.176603,-0.0392291,0.079954,0.032674,0.0298078,-0.0359657,0.000174083,-0.0909655,-0.015297,0.00863312,0.0856727,0.16776,-0.294369,-0.121583,-0.00902162,-0.110495,0.124683,0.114113,-0.129571,-0.0123758,-0.125086,0.0701877,-0.0034555,
-0.0848639,0.0248067,-0.0505701,0.0194675,-0.0527098,0.0320022,0.0993364,0.00939812,-0.0738273,-0.0993722,0.102447,-0.0444991,-0.133785,-0.148129,0.013692,0.00196375,0.116091,-0.0293172,0.0561553,-0.0710951,0.0270399,-0.073898,0.166618,0.0743981,0.00873692,0.19683,-0.0758736,0.0905141,0.0456145,-0.133918,0.00135181,-0.15489,
-0.020104,-0.088327,0.0264526,-0.0014969,0.11546,-0.103792,0.08729,0.0399125,0.0279256,-0.105001,0.0165748,0.0632608,-0.0123903,-0.0814014,0.0486475,-0.080856,0.0665226,0.0812089,0.0357738,0.105828,0.110369,-0.0353841,-0.0632051,-0.0060613,-0.158406,0.0325463,0.0360542,-0.00908447,0.071029,0.00467597,-0.109066,0.0875522,
0.0781779,-0.120409,0.163189,0.110831,0.0558262,0.0470875,0.247246,0.0387595,-0.0787336,0.0807564,-0.0352803,-0.0595582,-0.00254657,0.100614,-0.140614,-0.0451428,0.139922,0.160319,0.198867,0.00409557,0.193157,-0.0481136,0.241943,0.0587491,-0.0042294,0.0503923,-0.0119635,0.0477209,0.0333982,-0.239343,0.00485416,-0.0714143,
0.10004,0.140118,0.0707052,0.0525571,-0.205703,0.0129516,0.14627,0.0460734,-0.152799,0.0973,0.00312143,-0.100853,-0.0143479,0.127402,0.000817772,-0.151784,-0.0791897,-0.0795263,0.0996021,0.0487265,0.204274,-0.0852701,0.115511,-0.0192807,0.0814674,0.00501697,-0.046945,0.0787966,0.18624,0.119535,-0.0364561,0.0445069,
0.149246,-0.0221093,0.110195,0.0267369,-0.151214,-0.112871,0.0607042,-0.0721197,-0.199881,0.0363699,-0.104383,0.0568215,-0.083261,0.026223,-0.121263,-0.0630722,0.279173,-0.0472652,0.0661453,0.0444271,0.095131,0.073018,0.172314,0.103841,0.0433396,0.263818,-0.0157953,-0.0347922,0.0658071,0.0473467,0.187043,0.0882909,
-0.006632,0.0630438,0.0289985,0.0724306,-0.0132419,0.0270468,0.0238531,-0.294439,-0.0481193,-0.138732,-0.0328466,-0.00877869,-0.0648623,0.0971878,-0.0754621,-0.00887336,-0.0824332,-0.0756026,0.0289246,0.168822,0.020988,-0.0983146,0.0217823,-0.220763,-0.0971148,-0.0713675,-0.0391356,0.100867,0.175181,0.140202,0.0185427,-0.0988715,
0.0239349,0.207906,0.0561505,0.131635,-0.00246832,-0.0490065,0.0100897,-0.202568,0.0800006,-0.0293567,0.027461,0.136071,-0.101633,0.0332407,-0.314601,0.0941033,0.00175497,0.0327228,0.111094,0.0258331,0.035455,-0.074379,0.0591203,0.00581385,-0.0341561,-0.069823,0.0467548,-0.0672749,-0.0570754,0.0615174,0.100079,-0.234605,
0.0739779,0.100329,0.121204,0.061209,0.00600156,-0.0967979,-0.0612776,0.128619,-0.101653,-0.295692,-0.0243199,-0.0863675,-0.0646119,-0.215583,0.0100957,-0.0522356,-0.0457081,-0.161377,-0.0848911,0.139082,0.0688478,0.102651,0.100342,-0.0945446,-0.259905,0.150235,-0.0577821,0.112548,-0.143204,0.148251,0.159381,-0.00760665,
-0.188385,0.0211988,0.0768828,0.0493271,-0.0220722,0.105539,0.148033,0.0743526,0.0758471,-0.129859,0.118847,-0.2019,-0.106456,0.00828816,-0.230829,0.0740743,0.059689,0.0260869,-0.0257004,0.0400294,-0.0209599,-0.0417119,0.0527046,0.14137,-0.030061,0.108183,-0.0421194,0.117518,0.06163,-0.0238673,-0.029357,-0.0489477,
0.0256815,-0.0909147,-0.218511,0.00118335,0.0380122,-0.118691,-0.0114406,-0.101195,0.182877,-0.0804634,0.0493974,0.0443621,0.0187792,-0.0456151,0.0167529,-0.0585172,0.00965641,-0.0189767,0.0966871,-0.0417878,-0.0173786,-0.0233044,0.134033,-0.0691063,-0.0550539,0.128636,0.146801,0.0294642,0.159333,-0.00303791,0.0644132,-0.053613,
0.0129123,0.203526,-0.232957,-0.0949403,-0.16598,0.00691995,0.0573486,0.180469,0.0724621,-0.127329,0.11972,-0.0455809,-0.0274151,0.10006,-0.116447,0.00164145,-0.0635803,0.0861691,0.138975,-0.0102592,0.115381,-0.1861,0.0101419,0.152998,0.0969065,-0.219867,0.0477677,0.0117905,0.00802622,-0.0146654,-0.100831,0.0967757,
-0.0478427,-0.251593,-0.185941,0.0368536,0.0277962,0.0865019,0.0191834,0.120804,0.0558931,-0.168955,0.110035,0.101204,-0.0528678,0.00832327,0.116311,-0.19413,-0.129536,-0.0605596,-0.0180658,-0.071934,0.0880406,0.099173,0.0441335,-0.114888,0.118953,0.260483,0.0666456,-0.0180128,-0.0426263,-0.00190329,-0.0766293,-0.106361,
-0.0478352,0.000160702,-0.00418973,-0.0178761,-0.219169,0.128864,0.147245,-0.0652661,-0.0375629,-0.0824236,0.127746,0.0679007,-0.139182,-0.0812785,0.113878,-0.237184,-0.0334875,-0.0300249,-0.171945,0.0181627,0.00243891,-0.109789,0.0297127,0.0106447,0.0350351,0.107285,0.0609126,0.0167109,0.0058893,-0.176058,-0.0565319,0.198657,
-0.0831583,-0.109953,0.106154,-0.0833937,0.0811165,0.150567,0.0768541,0.0230564,-0.0945949,-0.0472078,0.018338,0.20105,0.0784056,0.139958,-0.0655266,0.0468174,0.0446925,0.0226187,0.106033,0.0973071,0.080923,-0.0668751,0.0284823,-0.119927,-0.0235306,0.107081,0.0573861,0.0137043,0.0333742,0.00842835,-0.01869,-0.154835,
0.0169851,-0.144275,-0.114256,-0.00591084,-0.0586783,-0.0204614,-0.10716,0.0835588,0.17864,-0.108377,-0.0816626,-0.0760477,0.125561,0.0336365,0.0149114,-0.0608838,-0.16435,0.0364346,0.00231024,-0.0773804,0.00185177,-0.199957,0.175888,0.0631832,0.0297889,0.116361,-0.114058,-0.0765143,-0.0430756,-0.0310018,0.0456453,0.052181,
-0.00983493,0.127364,-0.0334871,-0.143478,-0.0462235,0.141375,-0.215222,0.173557,0.126829,0.0642645,-0.0541024,0.229705,-0.154879,-0.258162,-0.092578,-0.0559552,0.0458587,0.042244,0.327438,-0.163926,-0.0419468,-0.0997517,0.147274,-0.132024,0.192371,0.0197959,-0.0742016,0.0593711,-0.0196228,-0.0980355,-0.0257992,0.0756699,
0.0909355,-0.0919151,0.133653,0.0642071,0.0297284,-0.0579102,-0.00679477,0.0465829,0.100495,-0.0619189,0.0525309,-0.0476341,6.45071e-06,-0.085104,-0.255423,-0.0360821,0.148631,-0.0877841,0.035796,-0.152287,0.0519027,0.0448834,-0.0432014,-0.0886026,0.0422291,0.0744026,-0.0302452,0.12603,-0.150695,-0.0410889,-0.180742,0.0503404,
-0.117295,0.0957621,-0.0629904,-0.0263798,-0.0146765,0.111355,-0.027842,-0.0853358,-0.0335918,-0.00483543,-0.10282,0.0652831,-0.0721223,-0.111641,-0.0467808,-0.00622575,0.0167082,-0.13357,0.0951312,-0.00825204,-0.168319,0.0132681,0.224765,-0.0606146,-0.134293,-0.115842,0.0764031,0.0581473,0.154586,0.0510886,0.173916,-0.0812143,
-0.22145,0.0231039,0.0401389,-0.1097,-0.140334,0.141587,0.101062,-0.0130814,0.166924,-0.00750789,0.214159,-0.00202088,0.0841393,0.0565748,-0.078527,-0.125419,0.0584749,-0.168184,0.15098,-0.0421576,-0.0474575,0.139025,0.047719,-0.20776,0.0569017,0.052672,0.010944,-0.179163,0.208902,-0.0855789,0.112309,0.0117951,
-0.1037,-0.225746,-0.0294473,0.18223,-0.016632,0.0994553,0.110091,0.086305,0.124168,0.110635,-0.00602145,-0.13036,-0.0683566,0.103936,0.000610336,-0.0609979,0.153894,-0.0532942,-0.00690436,0.168155,0.0488324,-0.00600637,-0.171085,0.111649,0.112492,-0.218804,-0.0430688,-0.153741,-0.162738,-0.0603061,0.0346876,-0.0688915,
0.15286,0.0102007,-0.105065,-0.143205,-0.0755995,-0.188025,-0.0105192,-0.0426913,-0.108884,-0.152501,-0.158213,-0.0991053,-0.262244,0.00658127,0.22335,-0.155661,-0.178131,0.0241339,0.147568,0.0752325,0.232297,0.352752,-0.00723031,0.0792961,-0.105103,-0.120301,-0.0696664,-0.0871546,0.0982996,0.0161875,0.0318539,-0.127361,
0.0314705,-0.150363,0.126693,-0.0792545,-0.189168,0.121755,-0.153775,-0.0210676,-0.0361854,0.158932,0.0102479,-0.0656861,0.183008,0.0559579,-0.200072,0.229828,-0.012787,-0.0692348,0.0653745,-0.131844,-0.0393904,0.0546063,-0.251169,0.0618389,-0.0209271,0.0647157,-0.175054,0.11042,-0.183243,-0.0391913,-0.046388,-0.0726909,
-0.0822612,0.0365045,-0.041704,0.186038,0.0521271,-0.0441415,-0.109222,-0.0544579,-0.00306249,0.0481184,0.0307543,0.135871,-0.00641211,-0.0488104,0.0739536,0.058346,0.192144,0.0310582,-0.137733,-0.0526009,-0.0456835,0.0360121,0.0886698,-0.165149,-0.0436216,0.0108641,-0.0870942,0.177966,-0.0408383,-0.236933,-0.101951,-0.15302,
0.10971,-0.00229717,-0.051023,-0.0547728,-0.0322408,0.000472622,-0.13492,0.147525,0.0836399,0.167115,-0.0161799,-0.122688,-0.202234,0.080599,-0.0396242,0.0457993,0.106865,-0.131589,0.0596502,0.0235947,-0.131165,0.26257,0.0675048,0.0366727,-0.0599855,-0.101111,-0.0558964,0.0268415,0.00839625,0.00465813,0.0911043,-0.170007,
0.0202373,-0.0558189,-0.0970044,0.0350442,-0.0410301,-0.156771,0.0225661,0.0755118,0.210358,-0.0939116,0.035149,0.0566099,-0.118277,-0.0109812,0.0818684,0.117589,0.0782225,0.0559634,-0.0344236,0.0343362,0.0483637,-0.000804317,0.0441525,0.0935275,-0.130896,-0.0782589,0.0842223,0.226429,0.0275404,-0.179922,-0.065242,-0.102294,
0.116823,-0.0113848,0.0315198,0.128976,-0.00980784,0.050917,-0.0709132,0.0956326,0.0325361,0.037186,-0.0473903,-0.0572306,-0.123318,0.0345383,-0.0639956,-0.0193331,0.0254906,0.0973307,0.0347958,-0.0787043,0.0685445,0.0123871,0.0366116,0.109006,0.0189392,0.0565124,0.100996,0.103051,-0.0272238,0.0537373,0.0483795,-0.167438,
-0.10032,-0.190685,-0.120488,0.0524406,-0.0467868,-0.0815558,-0.0194692,0.0799127,0.0350948,-0.0727445,0.037152,-0.13417,-0.0722897,-0.125396,-0.00510575,-0.0338326,0.146841,0.0420104,0.0252937,-0.0680495,0.111986,-0.0267918,-0.183437,-0.0594759,-0.0507344,0.0624562,0.12268,0.0172987,0.11797,-0.107843,0.263638,-0.184541,
-0.0698033,-0.10684,-0.152528,-0.077284,-0.0792853,-0.0591248,-0.037046,0.175249,0.18389,0.110586,-0.0722254,0.0278965,-0.0721702,-0.171844,-0.0809282,-0.0162372,0.200482,0.166573,0.0388456,-0.152616,0.131946,0.0567486,-0.0727172,0.102767,-0.170158,0.0721261,0.0505419,-0.142714,0.0148738,-0.000666699,0.129416,-0.0434514,
0.0475974,-0.0462756,0.141548,0.148434,0.00415256,-0.0802144,0.0761038,-0.058875,-0.10222,0.109523,-0.0354212,0.278952,-0.0738305,-0.002227,-0.0496605,-0.0175991,0.042364,0.145102,-0.00791286,-0.0234948,0.103672,-0.0965538,-0.178278,-0.079016,-0.115913,0.0433924,0.115235,0.010787,0.0702174,-0.0740107,-0.0472259,-0.0179911,
0.0285238,0.0396142,0.0326451,0.0227666,-0.0344045,-0.120638,0.0907451,0.0104356,-0.211211,-0.0115936,-0.12093,-0.0440376,-0.0480821,0.00789219,0.0351347,0.0790604,-0.140548,-0.110907,-0.00674024,-0.00664883,0.197385,-0.0982846,0.0386541,0.120806,-0.0586793,0.253995,-0.13256,-0.0109581,0.252724,-0.0082287,0.118913,0.0855407,
0.15094,-0.0661458,0.0300681,0.0336799,-0.0115815,-0.0728035,0.0222303,0.0456522,0.121786,0.0391204,-0.0844294,0.123083,0.00702721,-0.0115882,-0.0789033,-0.0639331,-0.0078844,-0.0841772,0.0078073,-0.0117398,0.105665,-0.258851,-0.0925379,-0.0360445,-0.0898833,-0.0153518,-0.00880683,-0.151257,-0.019046,-0.114278,-0.0482191,-0.116477,
0.00848577,-0.0253142,-0.195971,-0.0642967,0.0453483,0.109482,0.0665949,0.0618209,-0.165947,-0.183025,-0.109997,-0.103821,-0.0203517,0.00823815,0.0761328,-0.159812,0.0355259,0.143998,0.0519534,0.117036,0.144845,0.00400149,0.0402566,0.0149828,-0.0622033,0.0010429,-0.198881,0.03618,-0.00472712,-0.00356073,-0.0242708,-0.0240078,
-0.0794479,-0.00744223,0.00282267,0.0404878,0.107782,-0.0449439,-0.0903418,0.0290802,-0.217466,-0.0183624,-0.0977682,0.0925902,0.14298,0.0898442,-0.000192845,-0.180264,-0.039923,-0.298925,0.0494789,-0.113512,0.150311,-0.13833,0.0800889,-0.0924623,0.0757656,0.0311816,-0.0142258,-0.0877255,-0.084535,0.165828,-0.0642364,0.13227,
-0.0465741,-0.0208731,0.0469927,0.151973,-0.0230184,-0.0599577,0.113055,-0.241803,0.176517,-0.216568,-0.116125,0.148009,-0.134312,0.0142814,-0.0567151,-0.0083222,-0.0316322,-0.182585,0.0521139,-0.103062,0.135349,0.0301632,-0.0296826,-0.0562269,0.053413,-0.069876,-0.182162,0.0407978,-0.000537565,0.220307,0.195186,0.105245,
0.115422,0.125846,0.136645,-0.0077877,-0.11048,0.0262752,0.0842172,-0.0753469,0.0680849,-0.107152,-0.0718158,0.289465,-0.0577805,-0.0387669,-0.202732,-0.0137865,0.0417951,-0.172319,-0.115379,0.134962,0.0719582,0.102982,0.0562927,0.0536796,-0.128624,0.11618,0.0328363,0.0142316,-0.0698851,-0.066066,0.0662975,0.181995,
-0.032268,0.153785,-0.00270848,0.0229237,-0.0525897,0.0852515,0.145486,-0.099755,0.00705308,-0.0422073,-0.094898,-0.0710903,0.116783,-0.18575,-0.0774972,-0.0991472,-0.0589036,-0.227449,-0.131548,-0.0734225,0.0209935,-0.0778895,-0.113168,0.190228,-0.0291958,-0.0210677,-0.0522972,0.150264,-0.0645305,-0.207308,0.161978,0.0273375,
0.0302968,-0.0298407,-0.07157,-0.0353414,-0.11742,0.0110149,-0.0667974,0.00788272,0.133542,-0.225537,0.00598554,-0.0250402,-0.139205,-0.00462863,-0.0575909,-0.0575586,-0.00745357,-0.135507,0.0577976,0.0212455,0.107021,-0.00536793,-0.0258946,0.125219,0.0605238,0.179326,-0.0326687,0.0509769,0.17898,-0.0190701,0.0277476,0.0234621,
0.0112915,-0.121859,-0.107431,0.279642,0.155517,0.284572,0.0264511,0.074617,0.0915287,-0.187505,-0.030138,0.0709398,-0.105602,0.00461404,0.21149,-0.0291714,0.008575,-0.129718,0.0181894,-0.0521846,0.0159719,0.155628,0.114085,0.120632,-0.048565,0.0787516,0.155788,0.110255,-0.0823372,-0.0637672,-0.0341917,-0.153794,
0.208389,0.105226,-0.206045,0.0807631,-0.0359976,0.173508,0.0541739,-0.0194766,-0.0393223,-0.1038,0.22143,0.0174808,-0.0640038,0.020571,-0.103037,-0.0414212,-0.109794,-0.0687997,-0.199803,0.0231713,-0.0913345,-0.199375,-0.123634,-0.153705,0.0136235,0.238247,-0.155115,0.195763,0.102227,-0.268255,0.2157,-0.120534,
0.0444926,-0.086665,-0.0384815,0.0764829,0.0900247,0.0557456,-0.0313256,0.00581687,0.175743,-0.0544231,0.143791,0.0434935,0.0153831,0.20429,-0.0120666,0.0775533,0.0305855,0.090942,0.094179,-0.0340297,-0.0500306,-0.025201,0.0807564,-0.0249847,0.15181,0.212419,-0.0882392,0.0372365,-0.0392723,-0.0262043,-0.135953,-0.0662713,
-0.184897,0.00694859,-0.201516,0.109119,0.146116,-0.0112448,-0.180207,0.0178189,0.112031,-0.196204,0.129523,0.155566,-0.0840733,-0.0763676,0.0249505,-0.0658553,0.211906,-0.0112665,0.0753315,-0.0231915,0.0362128,0.0250048,0.034868,0.051832,0.0117905,0.191508,-0.0531773,0.146176,-0.0231221,-0.209454,-0.149152,0.140398,
0.0638871,-0.0342468,-0.0518069,-0.0224003,0.0939763,-0.0767494,0.0553129,0.0525269,0.105762,-0.0111159,0.0262939,0.0120006,-0.0771903,-0.0418284,-0.0519615,-0.023593,0.0582552,0.0336839,0.0631163,0.0307417,-0.112591,0.0744045,-0.101776,-0.116568,0.0477373,0.0746849,-0.132746,0.0421961,0.0500854,-0.177906,-0.173837,-0.0434126,
0.00177026,-0.0554401,-0.0501215,-0.196008,0.195316,-0.0682976,0.049387,-0.029246,-0.0300445,0.0916155,-0.038148,0.103261,0.123923,-0.109124,0.0868094,-0.218641,-0.0912191,-0.0380705,0.0327082,0.0634002,0.0192469,-0.0602548,0.140052,0.0843616,0.214264,0.224692,-0.0451436,0.261595,-0.0655697,0.0514948,-0.0179246,-0.02017,
0.144679,-0.0497006,-0.186743,-0.177087,0.147852,-0.0128125,-0.0489719,0.0199669,0.11039,-0.128212,0.0836822,0.0755218,-0.100774,0.00977304,-0.0304223,0.17459,0.282815,0.164391,0.185424,0.0311481,-0.0866055,-0.0282405,0.115563,0.0641349,-0.0357321,0.0569442,-0.0902159,-0.0318025,0.104542,-0.0907031,0.124826,-0.0343252,
-0.0301001,-0.0377352,0.11132,-0.16355,-0.132692,0.0397024,-0.0052294,-0.0381979,0.135154,-0.000892896,0.131392,0.137365,0.147592,0.0386378,-0.00369265,0.0591699,-0.0821669,0.0471104,0.0476085,-0.00405788,-0.0741258,-0.128203,0.101638,-0.00863478,-0.00986055,0.070134,-0.0973302,-0.0734303,-0.14525,-0.07342,-0.0558182,-0.144916,
0.147075,-0.12872,-0.0730199,0.086577,0.0227435,-0.219028,-0.136259,-0.0623829,-0.1305,-0.0546556,-0.0256525,0.0762548,-0.186436,0.0038483,0.0055486,0.0287586,0.0721395,0.0426194,0.0606527,-0.0200949,0.0407816,-0.163835,-0.0150377,-0.0492797,-0.0137856,0.0108721,-0.0920869,0.0985268,0.0374301,-0.0207662,-0.100937,-0.0909467,
0.0429903,0.0659879,-0.0379186,-0.072003,-0.0916301,-0.0398315,-0.0556884,0.0169905,0.0594775,0.00799793,0.0330697,-0.13103,0.0773975,-0.0179248,0.00495255,-0.100482,0.0109878,0.147263,-0.193086,0.0769541,-0.0369791,0.023439,-0.184147,0.042046,-0.159412,-0.000521245,0.200254,0.0279266,0.0455492,-0.0787141,-0.137967,-0.0646334,
-0.0677079,0.121551,-0.033746,0.106977,0.0414831,-0.000256383,-0.10148,0.2464,-0.0926156,0.195041,-0.148348,0.0530891,-0.0364087,-0.0104974,-0.0327504,-0.155652,-0.00360534,-0.000861779,-0.157688,-0.148722,-0.0691849,-0.111342,0.147158,-0.103828,0.132664,0.0309365,-0.0407784,0.0488666,-0.0785563,0.057994,0.0504343,0.133734,
0.0203393,-0.158571,-0.0441662,0.00798078,-0.0866205,-0.00354526,0.0952386,0.00619292,-0.0460522,0.0486586,-0.0759481,-0.0217147,-0.0302578,0.142064,0.0786933,-0.196243,-0.156401,-0.135974,-0.0136944,-0.239926,0.0524991,-0.0930149,-0.121987,0.00218514,0.0422638,0.177518,0.0663325,-0.0959737,-0.133104,0.125242,-0.00715628,0.0240113,
-0.102046,0.0231675,-0.0417548,0.0594605,-0.00878352,-0.141925,0.0317427,-0.111022,0.0601109,0.0288881,0.0288888,0.0192974,0.0344933,0.0686878,0.0377907,0.088232,-0.0302354,-0.0380343,-0.0481351,-0.0439534,-0.075513,-0.0596133,0.0974493,0.178635,-0.0999803,0.0106071,-0.194026,0.0712707,0.0253408,-0.0431713,0.0509326,0.0530542,
-0.186876,-0.03017,-0.125132,0.137494,0.0126803,0.0778656,-0.209884,-0.139868,-0.0763071,-0.0165872,-0.00652423,-0.0309309,-0.131428,-0.128349,0.241556,-0.0611832,0.199571,-0.0469842,0.0285913,-0.0698397,-0.0124679,-0.0138032,0.0156241,0.0830411,-0.0682069,0.0554746,-0.0619447,0.00809725,-0.0194511,-0.1735,0.052646,0.0247347,
-0.000829969,-0.00630326,-0.0723119,-0.00593164,-0.125981,0.0748794,0.0176453,0.0184456,-0.124245,0.0342882,-0.0394998,-0.0404149,0.0103182,-0.105093,0.0311604,0.0499353,0.116624,-0.0805841,0.0902644,-0.0452645,0.122656,0.0993791,0.139281,0.0313188,-0.0244239,0.110688,-0.0742218,0.159484,-0.170498,0.130532,-0.117629,-0.0873014,
-0.125787,0.063059,-0.15621,0.013152,0.0422246,0.106288,0.0803676,-0.0818529,-0.0931318,-0.0139185,-0.0295105,-0.0162098,-0.00939047,-0.117572,0.0809275,-0.225879,0.0771823,0.0427361,-0.0512764,-0.0167209,0.0245941,-0.0499522,-0.0606628,0.141012,-0.138865,0.172152,0.1551,0.24561,0.0979239,-0.0565228,-0.0465599,-0.00552584,
-0.0191009,0.026743,0.0254324,-0.0116789,-0.0881632,-0.0784934,0.221623,-0.096618,0.0138788,0.0887488,0.0310121,-0.110767,-0.174548,-0.180405,0.11303,0.137998,0.0164351,-0.0479969,0.0893117,-0.175541,0.0690357,-0.0482544,0.00218642,0.0889267,0.0420766,-0.0459009,-0.00692038,-0.169273,-0.116883,0.02693,-0.030065,-0.10244,
-0.0134848,0.0186539,0.129312,0.0516017,-0.00426374,0.176021,0.2828,-0.00577216,-0.179152,-0.0694883,-0.119553,0.0962384,-0.223673,-0.168516,0.0387613,-0.0701674,0.0332019,0.0815898,0.0276767,0.0171941,0.0601722,0.11172,0.0927989,0.0814455,-0.124629,-0.0627836,-0.00357014,0.143295,0.110806,-0.0166621,-0.0454351,-0.0376508,
-0.137275,-0.10457,0.15507,0.0710692,0.0573115,-0.0937156,-0.121776,-0.00439562,0.159456,-0.0241454,-0.0323807,-0.0535487,-0.185146,0.0536532,-0.235625,0.0665204,-0.390471,-0.0794554,-0.0446645,0.0980309,-0.0390389,-0.127365,0.00544937,-0.196399,-0.0907977,-0.0445916,-0.0535187,0.00375696,0.0870159,0.0805439,0.156328,-0.0132106,
0.000821965,-0.0503014,-0.149415,-0.0930345,-0.0385583,-0.0924833,-0.0940407,0.0947866,-0.0201942,0.0550613,-0.119778,-0.160119,0.0617444,-0.00990572,-0.0615037,-0.0244623,-0.0481331,-0.104798,0.00514519,0.200045,0.0469102,-0.115405,-0.022521,0.143111,0.0181921,-0.0629801,-0.135262,-0.0399943,-0.0223778,0.0327275,-0.104419,0.0896248,
0.0477717,-0.0154716,-0.108537,-0.172304,0.0504862,0.101425,-0.0474971,0.307132,0.0042819,-0.0330487,-0.131568,0.0660804,-0.0229265,0.214303,0.0678198,0.0894156,0.0434913,0.102962,0.216367,0.228058,0.188234,-0.190252,0.0928413,-0.0872327,-0.117764,0.0228045,0.0569702,0.0844079,0.110943,-0.0194035,0.0305636,-0.0595111,
-0.0182833,-0.0699693,-0.103806,0.0849527,-0.0328987,-0.117463,-0.00250741,0.149764,-0.0251814,-0.0877443,-0.262546,-0.0595354,0.0960847,0.0640119,-0.0155185,0.0974039,0.0769842,-0.00784613,0.187953,0.0686057,0.0102744,-0.137812,0.0360155,0.0713664,0.0306439,0.0420559,0.0364545,-0.128731,-0.0591154,-0.096142,0.190058,0.0431532,
-0.016856,-0.0335003,0.111549,0.0551028,0.0237893,-0.0673382,-0.112983,0.0172512,-0.182474,-0.0333356,-0.0113439,0.0858106,0.0207437,-0.10149,0.149537,-0.213159,-0.262692,0.121279,0.123744,-0.0735975,-0.118591,-0.114171,0.11627,-0.0372576,0.00100965,-0.172584,-0.23081,-0.0269412,0.0616506,-0.0927082,0.153877,-0.0600964,
0.0904671,0.149705,-0.0420796,-0.192271,0.246092,0.00755456,-0.0868771,-0.0227938,-0.0801609,-0.0632878,-0.196168,0.134168,0.0144869,0.0712647,-0.0114476,0.106922,0.0584749,-0.31451,0.0438407,0.067848,0.0925824,-0.0781301,0.0704216,-0.132522,0.0237416,0.0964829,-0.160188,0.193969,-0.38944,-0.0729205,0.0338941,-0.0132094,
-0.039466,0.214265,-0.0212545,0.0131917,-0.102556,-0.0537205,0.071703,-0.0154681,-0.0110932,0.109153,-0.11631,0.0773762,-0.0209956,0.0319599,-0.0533782,-0.0839583,-0.0692113,-0.242779,0.0673188,0.0297315,-0.123171,-0.146753,0.0969997,0.162355,0.0593779,-0.0573937,-0.0248019,0.0144259,-0.0865978,0.12801,0.0962436,-0.118981,
0.132323,-0.105731,-0.125077,0.0092362,-0.0926302,0.104373,-0.0363097,-0.142504,0.022435,-0.00902469,0.000375396,0.114529,-0.059408,-0.0975133,-0.249472,-0.020458,0.105368,-0.141299,0.0129107,0.0208012,-0.227596,0.0951464,-0.012988,0.0814449,0.147933,-0.0513309,0.31642,0.1623,-0.0889493,-0.0920789,0.087548,-0.0450752,
-0.0921418,-0.0556628,-0.125295,0.0443045,-0.144178,0.0479675,-0.0356327,0.211609,0.187286,0.0370937,0.0685453,-0.0740111,0.111451,-0.071554,-0.08552,-0.0534404,-0.0536156,-0.200704,0.0296106,-0.208823,0.0737655,0.0885779,-0.0177834,0.151766,0.257541,0.000817786,-0.120327,0.123101,0.171176,-0.0723841,0.0810302,-0.12259,
0.0369821,0.108615,-0.0731114,0.0881471,0.0397968,0.0495198,0.138247,0.0459147,0.169845,-0.0243142,0.0817695,-0.0470432,-0.0365589,-0.00748746,0.231231,-0.00646251,-0.0192008,-0.102472,-0.0346512,-0.0766488,-0.168715,0.19209,-0.13326,0.0900713,-0.0667249,0.065222,0.0384947,0.141967,0.0831553,0.084351,0.189657,0.000634219,
0.0950288,-0.0904892,0.0349846,0.0156368,-0.238013,0.128638,0.0530441,0.00305136,0.148687,-0.0616737,-0.0845206,0.20784,-0.162714,0.00323582,0.0194747,0.114374,-0.0786507,0.105698,-0.165318,-0.00638802,0.0179796,0.108796,-0.151246,-0.166838,0.0639072,0.210195,-0.126105,0.237099,-0.0576008,-0.150102,-0.00789098,-0.0844339,
0.0187625,-0.00912691,-0.0135282,0.0422561,0.044221,0.178413,-0.031285,-0.0613999,0.0302886,-0.0539331,0.090011,0.114553,0.0856113,0.00588676,0.00184126,0.0565843,-0.101486,0.1187,-0.0171986,0.102462,-0.0798111,0.078003,-0.106124,0.0568228,0.0580415,0.055027,0.126774,-0.0192318,0.101055,-0.10909,0.0324141,-0.0798231,
-0.0173731,0.0531839,-0.147534,0.185978,0.00760248,0.000944622,-0.0816482,-0.0994936,0.209749,0.186854,0.0645065,0.0261855,-0.0342001,0.0788399,0.0737153,-0.0803237,-0.00780899,-0.199332,-0.0459864,0.0159859,0.0216353,0.052455,-0.119616,-0.0990661,0.140108,0.192914,0.107886,-0.0277902,0.0200345,-0.110923,0.0716225,0.0204454,
-0.130499,0.131529,0.0145324,0.0577594,-0.0105373,0.0350445,-0.0495818,0.115702,-0.040678,-0.0822341,-0.125451,0.0272219,0.0130698,-0.10022,-0.166824,-0.011977,-0.0551535,0.0328527,-0.0457504,0.150615,0.233199,0.0689488,0.202145,0.0433151,0.0977022,0.00301886,0.0725319,0.0422414,0.128853,0.105475,0.0674491,0.0139597,
0.113765,0.0514461,-0.171557,-0.131874,0.135526,-0.0672128,0.057955,-0.151443,0.0139126,0.0271744,-0.0841819,-0.0092626,0.0116153,-0.0781636,0.000650568,-0.18426,-0.0267148,-0.0146297,0.0597618,-0.0366924,0.105836,0.0987683,-0.238904,-0.1851,-0.0698468,-0.00843601,0.0582941,0.0272829,0.0213085,-0.0153042,0.00573283,-0.0770118,
-0.0635617,-0.0861867,0.114645,-0.140622,0.192203,0.0221706,-0.0790437,0.131154,-0.0378423,-0.0318879,-0.129637,0.0867445,-0.0191954,-0.0448497,0.00765611,0.0505221,-0.182348,0.0645225,0.180896,0.079268,-0.0987421,-0.229664,-0.0704377,-0.0432968,0.0431697,-0.100577,-0.0704717,0.0671493,0.0735249,-0.128139,-0.00683396,-0.0419012,
-0.0208385,-0.0454144,0.0711003,0.0966005,-0.125258,-0.0871882,-0.09838,-0.0257225,-0.104674,-0.0735375,0.092337,-0.0337454,-0.000541081,-0.0189273,-0.0545727,0.0056111,0.135028,-0.0196799,0.155343,-0.0197307,-0.151874,-0.128016,-0.0490861,0.0152063,0.0829301,0.35303,0.0912718,0.122297,-0.0978951,-0.0440832,-0.0670024,0.0308902,
-0.0624005,-0.0112716,0.101135,-0.105305,0.102565,-0.0170837,0.0497295,0.0705649,0.108207,-0.0324926,-0.0583354,0.136416,0.00250558,-0.17804,0.0804775,0.0992795,-0.000590315,-0.108426,0.0873829,0.0840125,-0.232186,-0.0505402,0.110908,-0.151035,0.0750596,0.191539,-0.0108443,-0.0818927,-0.098009,-0.0382138,-0.0297159,0.119724,
-0.0802042,0.126015,0.09229,-0.0488028,-0.00176747,-0.0138673,0.0675376,0.0143649,-0.115228,-0.0334566,0.0656524,0.168895,-0.130954,-0.016753,0.0450193,0.136269,0.076725,-0.076957,0.140251,-0.0955767,-0.055622,-0.128341,-0.00485239,0.125891,-0.00353276,-0.119128,-0.0412969,-0.0339051,0.0556332,0.0281449,-0.201508,0.181504,
0.143164,-0.0262817,0.0280507,0.0483861,0.0508596,-0.142114,0.228754,-0.104846,0.0115061,-0.0270564,0.0774972,-0.09366,0.045779,-0.0176586,0.094114,-0.0183761,0.0256399,0.0877259,0.052552,0.0597116,0.0512322,-0.141079,-0.0984762,-0.0709574,-0.030076,-0.0519107,-0.0139647,-0.0137006,0.13523,-0.202508,-0.0142404,-0.0709329,
0.00383156,-0.105236,-0.20037,0.0171894,-0.0862287,-0.162109,0.0161186,-0.124349,0.0398326,-0.0531874,-0.0746158,0.139785,-0.0249735,0.0388732,-0.0870575,0.115359,-0.0749459,-0.0486523,-0.14004,0.0235114,0.138777,-0.0918513,0.0165528,0.0613285,0.0769401,0.165929,-0.268532,0.0426338,0.0187639,0.135323,0.00278065,0.083629,
-0.0942747,0.172613,0.02659,-0.1182,0.0175468,0.102002,0.0420903,-0.0838025,0.0615962,-0.18543,-0.166676,0.152136,-0.0434116,0.0997762,0.0456222,0.0150785,-0.100587,0.179851,-0.00526306,-0.00747451,0.0833347,-0.0229562,-0.093923,-0.0723587,0.073696,-0.0669905,0.105136,-0.149835,0.0877054,-0.0155832,0.0387519,-0.152405,
0.0907306,-0.14447,-0.130253,0.096283,-0.156254,-0.190431,-0.0060779,-0.127571,-0.0267307,0.144427,0.0238738,0.103459,-0.0475988,0.00680097,-0.1309,0.0722019,0.0858471,0.0437922,0.0135086,-0.0229478,-0.0337742,-0.00948426,0.0881364,0.065785,0.188092,-0.0394418,0.0203415,0.0591751,-0.187941,-0.153277,-0.168859,-0.0404566,
0.328984,0.0132522,-0.0908922,0.0519658,0.133522,-0.290565,-0.050028,-0.0591072,0.16008,-0.0477344,0.00463511,-0.138041,-0.149349,-0.0287294,0.132265,0.0339867,-0.102027,-0.0649058,-0.191268,-0.103744,0.0624445,0.0127067,0.00886124,-0.0466452,0.0565212,0.0165419,0.0106962,0.135406,0.137689,0.00349722,-0.0195823,0.151452,
0.0260487,0.0853311,0.158167,0.124897,-0.117747,0.0357236,0.0634549,-0.0579345,0.0475893,-0.0115907,0.138332,-0.11753,-0.036248,-0.134874,0.088992,-0.0843914,0.0832049,-0.144305,0.0995036,0.0779823,0.077888,-0.130541,0.00877211,0.041998,-0.0454114,-0.00216352,0.128217,-0.0872157,-0.215332,-0.010331,0.191879,-0.0947509,
0.00462598,-0.0774025,-0.11407,-0.0695896,0.170409,-0.0264882,0.0435825,0.0396093,-0.122946,-0.0158436,-0.110589,0.00911004,0.0175044,-0.153268,0.203201,0.0727,-0.0711937,-0.100128,-0.130096,-0.0780704,0.197843,-0.109774,-0.108213,-0.0671288,0.0415576,0.0940556,-0.0729397,0.0183656,0.182838,-0.0753827,-0.0973981,0.155755,
-0.116895,-0.0171927,0.0327797,-0.0654568,0.0984362,0.115093,-0.182852,0.0043409,0.0430204,0.119876,-0.0513851,0.0786016,-0.0856203,-0.0168006,-0.0813641,0.0962346,-0.20317,0.173465,0.0816951,0.0674233,0.0361777,0.0246565,-0.00573223,-0.0313915,0.00935658,-0.11239,-0.137585,-0.0252657,0.116118,0.00415234,0.11646,-0.0838148,
-0.108277,-0.0734855,0.036308,0.0237974,0.261729,-0.0102648,-0.0125952,0.209575,-0.13123,0.146165,0.0252593,-0.00335694,0.108943,-0.0698615,0.0377653,-0.133083,-0.0431647,0.070322,0.0880226,0.168202,0.0991332,-0.0332155,-0.203109,0.0195818,-0.000667417,0.0628132,-0.204523,-0.0924516,0.0544781,0.0950493,-0.0335744,-0.0215411,
0.0753546,-0.108328,-0.120438,-0.0578615,0.0178054,-0.126535,-0.0254366,0.254991,0.071675,-0.0425719,-0.134807,0.189721,-0.0158634,0.0484033,0.0771412,0.145864,-0.0636256,0.105405,-0.0727677,-0.0318692,0.0364731,0.0116022,0.127778,0.104502,-0.171628,0.0422408,-0.018357,-0.0148621,0.0191256,-0.0333715,-0.0253971,-0.152416,
-0.00706101,0.144863,-0.0917467,-0.0558126,-0.00171308,-0.0438659,0.171088,0.390727,0.091955,0.0656787,-0.138367,-0.0445286,-0.0304091,-0.0604199,0.101971,-0.0203121,-0.0999431,0.145792,-0.0335415,0.0506044,0.102061,0.0439364,-0.126731,0.0605912,-0.160807,0.0667654,-0.147137,-0.0223929,0.17696,0.0205186,-0.202762,-0.080471,
0.100226,0.0687383,-0.0855239,-0.0421979,0.0249933,-0.15365,-0.0645325,-0.0163004,-0.0332045,0.0424066,0.00784741,0.0832953,-0.0726092,-0.115648,0.139725,-0.00524641,0.00201507,0.186616,-0.0584262,0.245494,0.100091,-0.120074,0.0359082,0.156488,-0.149692,-0.0233123,-0.148615,-0.0631599,0.0724414,-0.0120719,-0.0341203,0.0513569,
0.206996,-0.110135,0.0265525,-0.0700809,0.03109,-0.0143674,-0.231041,0.0413836,-0.0821852,-0.0850415,0.128673,0.185378,0.0241224,-0.236471,0.0732066,-0.169987,-0.098418,0.0518175,-0.0663324,0.0457151,-0.199023,0.005547,0.113007,0.0182535,-0.118215,-0.032711,-0.044702,0.0242687,-0.226734,-0.131675,-0.0930518,-0.182378,
0.118336,0.0489198,0.0693573,-0.0538406,0.0936199,0.0235537,-0.15378,-0.0211369,-0.0220858,0.149852,-0.0787746,0.0444017,-0.0304945,-0.11128,0.01875,-0.00488787,-0.0798054,0.0888875,-0.101777,0.00480887,-0.196305,0.0258169,0.14898,0.130339,0.0179153,-0.0810647,-0.190125,0.127341,-0.0297668,-0.14757,0.0378474,0.049159,
0.0700848,-0.0228279,0.0259849,-0.205347,0.0431324,0.00811513,-0.234849,-0.122525,-0.110087,0.0254855,-0.146582,0.202268,0.151486,-0.142831,0.0163468,-0.0970271,-0.0191482,0.186089,-0.0251483,-0.0459307,-0.0377385,-0.0542928,-0.0834082,-0.0431948,0.0915885,0.0248084,-0.0680991,0.163597,-0.0327358,0.0182297,-0.00270996,-0.196914,
-0.0448114,0.0423177,-0.0467633,-0.106784,0.214195,0.243027,-0.117328,-0.175303,0.146063,0.22696,-0.0156039,0.0579095,-0.0488202,-0.079293,-0.356353,0.0213588,0.0718314,-0.234151,0.285234,0.0815948,-0.136909,-0.0298807,0.108702,0.363094,0.0610479,-0.166353,0.227786,0.0172733,0.0739689,-0.103508,0.194776,0.00762446,
-0.146329,0.143563,0.215774,-0.0824982,-0.00364773,0.199632,-0.149288,0.0199226,-0.0439241,0.0646411,0.083847,0.109432,-0.0847396,-0.0871084,-0.0783601,-0.0291587,0.256051,-0.150376,0.0192985,0.0553006,0.0841583,-0.00605997,-0.0766674,0.300266,0.00999591,-0.078225,-0.083741,-0.0114077,0.0718745,0.0220518,0.0290291,0.129707,
0.0618775,0.136996,0.111307,-0.088247,-0.0481306,0.0486426,-0.0521418,0.0474996,0.0570142,0.192233,-0.00216005,-0.0660815,-0.0907741,0.00607619,0.0931751,-0.0320289,0.285933,-0.0523554,0.0494864,0.155426,-0.0507386,0.18753,-0.145363,0.0688326,0.168554,0.0417308,0.0437227,-0.0568542,-0.0184221,0.0286638,0.223238,0.0795031,
0.107161,-0.0738104,-0.132236,0.0710817,0.0150888,0.0594489,-0.113465,-0.243983,0.0735136,-0.189121,0.103862,0.0785683,-0.0589586,-0.117508,0.0451718,-0.249145,0.0483996,-0.00762965,0.0339621,-0.1395,0.0474147,0.00315569,-0.0838536,0.0822389,0.0394861,-0.00147262,-0.0442809,0.00734939,0.0105039,-0.0422383,-0.0117184,-0.22156,
-0.134852,0.0286186,-0.0193513,0.0403724,0.100105,0.0548911,-0.148923,-0.0644838,0.058209,-0.0888949,0.0905924,-0.0178461,0.105687,-0.00580772,0.0958823,-0.13757,-0.0577922,0.0585475,0.109989,-0.13264,0.188986,-0.118119,-0.0117127,0.0992674,0.105412,-0.00326649,0.00657111,-0.038363,-0.0593304,-0.0941808,0.00559472,-0.112777,
-0.120769,0.0193887,0.0586985,0.0334934,-0.0450927,0.0690249,-0.0166857,-0.0297677,-0.0262163,-0.00276018,0.120001,-0.11158,-0.0399243,0.0252351,0.0465312,-0.0639205,-0.0859858,-0.130821,0.104008,0.11353,-0.00399814,0.160454,-0.230917,0.012315,0.0762586,0.0356577,-0.168228,-0.0357418,0.127419,0.144219,-0.0137751,-0.049135,
0.0189337,-0.170777,0.143986,0.137413,0.0145924,0.0293356,-0.0955304,0.10434,0.0900422,-0.0287725,0.00961859,-0.115413,-0.0499788,-0.0457942,-0.11634,-0.081049,-0.00223338,0.0271728,0.0023263,0.0266038,0.0223784,0.00578222,-0.165438,-0.0398061,-0.0446554,0.0140502,0.0428146,0.146528,-0.0725665,0.144319,-0.0472811,-0.245693,
-0.130111,-0.0762592,0.0529196,0.030758,0.0519402,0.119,0.0138123,-0.154683,-0.197782,-0.163822,0.130626,-0.121761,-0.0668923,0.2083,0.00137104,0.0969186,-0.121951,-0.105384,0.00289945,0.122776,0.100542,0.185787,-0.148566,-0.0742279,0.0992993,0.105043,-0.0012412,0.057621,0.0798953,-0.0524548,0.215401,-0.120465,
0.0730321,0.114021,0.0489119,0.073066,0.152236,0.0541244,0.0351741,0.0205337,0.106654,-0.147867,-0.0179074,0.074555,-0.1114,0.0235199,-0.0269677,0.073114,-0.126928,0.121448,-0.0637781,0.079151,0.161524,0.0136884,0.13608,-0.263847,0.031121,-0.142363,0.0235436,0.0257077,0.0482483,0.168274,-0.217059,-0.240287,
-0.0119937,-0.0203701,0.0552602,0.0616458,0.172197,-0.0847911,0.119511,-0.0656696,-0.0797439,-0.0334889,-0.119278,0.0558869,-0.0585923,-0.0243521,-0.195051,0.105944,-0.170368,-0.0212061,0.187095,0.0936203,-0.114305,-0.0935334,0.0144371,0.0189379,-0.116719,0.0131923,-0.0443376,-0.0761019,-0.121539,0.195599,-0.00183055,-0.0643844,
-0.0309163,0.0445223,0.0729366,-0.0705537,0.104307,-0.0486083,0.0553322,0.195101,0.136184,-0.1253,0.177593,0.103318,-0.104091,0.107744,0.00202891,-0.111594,-0.125031,0.120364,0.253291,0.0148137,0.00586022,0.0866574,0.138815,-0.0575734,0.147862,-0.0106266,-0.275894,0.124081,-0.0983081,-0.164392,0.00570678,0.00813879,
-0.00010943,0.156955,-0.0755322,-0.0873305,0.150395,-0.0533292,0.0262406,-0.00128587,-0.0908997,0.0289029,0.223811,0.150607,0.122059,-0.12538,0.0174463,-0.0326478,0.00191806,-0.0414401,0.0151066,-0.0889203,-0.0618326,-0.0832541,-0.0643758,-0.121828,-0.0776181,0.00773413,-0.0474577,-0.00500956,0.0391556,0.170333,0.0350091,-0.102338,
0.0289305,0.118066,-0.0273323,-0.0776614,-0.000777062,-0.225375,-0.046641,-0.0140101,0.00664111,0.0866774,-0.0123527,0.166188,0.0727048,0.0593365,0.0474762,-0.101323,-0.248293,0.052665,0.0241346,0.00979108,-0.0101047,-0.0522821,0.0587438,-0.0837713,-0.0234894,0.0357365,-0.0362017,0.149172,-0.0129408,-0.136851,-0.01968,0.010943,
0.0262623,0.00839433,0.0543082,-0.132307,-0.0145587,-0.0698601,-0.152976,0.0873757,0.0190908,-0.0781738,0.0142205,-0.0732058,-0.099353,-0.043844,0.0903751,0.0176998,-0.0741859,0.0852382,-0.0133764,-0.137421,-0.0259544,0.140675,0.0999254,0.0869159,0.0130129,0.0490556,-0.125684,0.0966004,-0.0193535,-0.0490156,-0.0948146,0.0138011,
0.0629058,-0.0149562,-0.0682182,-0.0501772,0.0159875,0.0600497,0.0265794,-0.0328561,0.0248101,-0.0283598,-0.0249713,-0.0848264,0.0362236,-0.0217786,-0.00818586,0.0584622,0.00480936,-0.0589915,-0.120822,0.0466698,0.21978,0.0148667,0.118405,-0.0283696,0.0063797,0.0497639,0.0819087,-0.00590817,0.0945404,0.174239,-0.0870876,0.0463084,
-0.114506,0.100404,-0.119346,0.066814,-0.0449071,0.128623,-0.10157,-0.177579,0.0130408,0.066167,0.0225004,-0.0795111,-0.0255794,0.0804274,-0.0561699,0.00807834,0.0458575,0.241595,-0.0524146,-0.00425389,0.0233386,0.0766992,-0.0764084,0.0419545,-0.0091069,0.164817,-0.237576,0.237878,0.142466,0.0636173,0.0918241,-0.120699,
-0.00212176,-0.13351,0.0305926,0.00823947,0.05175,-0.0256502,-0.0214167,0.0289719,0.00665018,0.0404129,0.144563,0.121236,0.024059,0.0699809,-0.0400499,-0.0700464,0.231862,0.100203,-0.00299908,-0.0390548,-0.0651697,0.078757,-0.167057,-0.143345,-0.195256,0.020127,-0.205237,0.109608,-0.171258,0.132673,-0.0869835,0.192595,
0.183372,-0.0905175,0.0382583,-0.153071,-0.183698,0.122463,-0.159828,0.0122173,0.0616037,-0.155759,-0.0716992,0.128137,-0.125663,0.0662651,0.0255249,-0.152369,-0.117107,0.156569,0.0463035,-0.0887423,0.102479,0.0181251,-0.172574,-0.145423,-0.0124855,-0.0766268,-0.0799914,-0.0445908,-0.0574139,-0.0130598,0.12699,-0.133098,
-0.00780303,-0.203659,0.0100107,0.0271797,0.0423073,-0.032729,-0.0816806,0.0115857,0.0494197,0.0357253,0.0683495,-0.0444822,-0.00441334,-0.0350857,0.104425,-0.0337741,0.0951887,0.0134839,-0.0557003,-0.0979903,-0.00679594,0.108054,0.00301122,0.124132,0.0192493,0.11575,0.0941512,0.0420126,-0.0159822,-0.0796348,-0.10626,-0.109123,
0.00474933,0.0525319,0.0676229,-0.0793067,0.204767,0.00668499,-0.0187287,0.104514,0.019363,0.0272803,-0.0227873,-0.0261238,-0.0350999,-0.25468,0.04978,0.00386253,0.0600648,-0.00780617,0.0463056,-0.0577202,-0.00658114,-0.206757,-0.170192,-0.0641237,-0.0715645,0.048999,-0.0465036,-0.129845,0.102792,0.161378,0.109038,0.0154759,
0.0489903,-0.0134157,0.00766528,-0.241601,0.0302085,0.0520646,0.00470911,0.0763182,0.104379,0.232842,0.115372,0.00991776,-0.109443,0.0801912,-0.0661344,-0.11835,-0.0725625,0.0742488,-0.0212492,0.247562,-0.118273,-0.166134,0.079092,0.085462,0.0221549,-0.104283,-0.188693,-0.0222773,-0.163165,-0.146591,-0.0241411,0.0482757,
0.221733,-0.136837,-0.076938,-0.0251534,0.0838782,0.120909,-0.0213058,0.135581,-0.0282493,0.0143409,-0.146604,0.235361,-0.0613404,-0.0222166,-0.043444,-0.0778143,-0.133808,0.0082178,-0.0913863,0.0704246,-0.0919792,-0.103022,-0.0948662,-0.126915,-0.123334,-0.0692504,-0.092916,0.258684,-0.00548169,-0.0736085,0.043618,-0.0880124,
0.128462,-0.0810298,0.140816,0.0343556,0.079167,-0.0787795,-0.106841,0.0266255,0.0927878,0.124525,0.02303,0.121447,0.137196,-0.0791866,-0.0537876,-0.118935,-0.00100235,0.198883,-0.0120901,0.0243312,0.167429,-0.0165998,0.0759902,-0.0972187,0.0518545,0.00763028,-0.00727801,-0.0850087,0.0483689,0.00472333,0.019544,0.0990898,
0.0661079,0.0569359,0.232719,0.0887307,-0.0180792,0.191435,-0.203619,0.0610727,0.0582201,0.0140942,0.0844268,0.152357,0.0777785,-0.105375,0.0850555,0.0663268,0.0262966,0.0417154,0.0372401,0.212209,-0.00438252,-0.0570329,-0.0168407,0.00343611,0.0115834,0.0129159,0.0506672,0.0746405,-0.113524,0.123592,-0.0620332,0.0190732,
0.0192403,0.0621461,0.0278861,-0.0030368,-0.093144,0.0168033,-0.156052,0.18383,0.0114539,-0.0631123,-0.0684459,0.0884443,0.0651495,-0.0989222,0.226957,-0.019039,-0.201664,0.209372,-0.0808662,0.0869133,-0.179726,0.0235458,0.0109357,-0.193583,0.031655,-0.0202587,-0.224897,0.255974,0.0673532,-0.130402,0.0130707,0.0882705,
-0.00669097,-0.0433889,-0.00789829,-0.113617,0.0399481,0.0449189,-0.207151,0.131192,-0.137202,0.0853817,0.0690769,0.00802238,0.254026,-0.0285553,-0.111464,-0.0621091,-0.0261282,0.153408,-0.0627466,0.0681881,-0.191706,0.285198,0.0344556,-0.00132097,0.225313,-0.216778,0.0676168,0.125859,0.0653044,0.184644,-0.0128368,0.160166,
-0.0498401,-0.0442321,0.20616,0.00203639,0.187827,0.0248805,-0.362725,0.194896,-0.139494,0.0628925,0.0276051,0.0388076,0.0333353,-0.00846188,0.0637083,0.174191,-0.0354221,0.188286,0.0407354,0.0413418,-0.187796,0.102613,0.0091217,-0.0228514,0.0849861,-0.0693181,-0.159492,0.128225,0.206613,-0.0772329,-0.0506792,0.180311,
0.0420176,0.0417669,-0.0654321,-0.0877251,0.221118,0.0214841,-0.21019,-0.0448012,-0.0532173,0.070459,0.181602,0.0262872,0.0212404,0.0139226,-0.147613,0.0368473,0.127733,0.13944,0.137997,-0.116292,-0.165801,0.133458,-0.0222936,-0.0882391,0.118358,-0.0120161,-0.0284608,0.0509804,-0.168164,-0.0628612,0.100418,0.115897,
0.0184921,-0.034039,-0.0258418,-0.0896112,0.0228392,0.132102,-0.20238,-0.0674224,-0.118189,0.209212,-0.0582543,0.117999,-0.0160511,-0.21467,0.0262256,0.108441,0.0829939,-0.130443,0.0302205,-0.0803152,-0.0626018,0.289339,0.162761,-0.0520355,0.199086,-0.124155,-0.184524,0.00482325,0.0197096,-0.122407,0.0311106,-0.0216461,
-0.109322,0.130709,0.164966,-0.129597,0.0448158,0.0492473,-0.0984204,-0.115869,-0.0552796,0.104089,-0.0346795,0.0245849,-0.189247,-0.122836,-0.144653,0.100883,0.111652,-0.106937,0.0418556,0.000383354,0.0215669,0.136326,0.00924085,0.134164,0.136469,-0.0780194,-0.11967,-0.0208927,-0.0360579,-0.106043,-0.141276,-0.066856,
0.267253,0.0634482,-0.019399,-0.00217957,-0.0144632,0.199162,0.0775398,0.0210888,0.0658694,0.138051,0.00428443,0.0578714,-0.0127574,-0.140642,0.144849,-0.0698155,0.120858,0.0568268,-0.101577,0.121658,0.0151886,0.0915189,-0.0184504,0.0344185,-0.0155152,-0.153229,-0.0640785,-0.0533868,0.0583381,-0.103163,0.0717205,0.0460133,
0.101355,0.0960424,0.229398,0.140069,-0.0634434,0.133233,-0.0875941,-0.0265552,0.0449146,0.0752926,0.0100891,-0.0668964,0.0797277,-0.103196,0.0420996,0.0383602,-0.0794591,0.0619982,0.00333921,-0.0461829,0.0104095,0.126112,0.0275295,-0.0301853,-0.0124616,-0.179007,-0.0215203,-0.102397,0.0530025,-0.128616,0.0372465,-0.109357,
0.0600204,0.0141434,0.0227529,0.126921,0.0504913,0.0538026,0.0575099,-0.0590688,0.0700801,-0.0466518,0.0292082,0.0109656,-0.12566,-0.0746724,-0.0541406,-0.158558,0.0576224,0.167869,-0.0101394,0.0624567,0.215429,0.105046,-0.19817,-0.0573838,0.0618331,-0.163093,-0.0104063,0.0563304,0.125284,-0.0853023,0.164412,-0.0646322,
0.115295,-0.0833508,0.0444382,-0.0021915,0.166898,0.213744,-0.0776782,-0.0674279,-0.0213455,0.0954573,-0.130107,-0.0774544,0.0146152,0.111771,0.0454967,-0.043191,-0.0205006,0.0177038,-0.0284904,0.0630567,0.219413,0.145359,-0.0333728,-0.103455,-0.100273,-0.0420944,-0.11763,-0.105601,-0.0830191,-0.127542,0.168818,-0.230014,
-0.103122,-0.0682122,-0.0719885,0.0821043,0.0903555,0.0254575,0.0100485,0.138887,-0.0661324,-0.0093721,-0.174907,0.270695,0.126774,-0.142613,-0.156374,0.00476085,-0.0542531,0.0968664,-0.0268623,0.100352,0.060226,0.019749,-0.0584956,-0.164686,0.0321052,0.000560634,0.00617684,-0.0779302,0.193071,0.250972,-0.0826095,-0.0492515,
-0.0334365,-0.106166,0.100586,-0.209803,0.0759804,0.122338,-0.117626,-0.0391181,-0.157396,-0.0956072,-0.0118064,-0.13486,-0.0710057,-0.0521592,0.0243232,0.00269839,-0.0868015,0.0449233,-0.0406059,-0.0190393,-0.00520095,0.0390204,0.0247444,-0.0197071,-0.0223316,-0.0391497,-0.143827,-0.0513063,0.0288739,-0.0520535,0.132958,-0.167524,
0.208216,0.0507052,-0.050354,-0.0489644,0.058484,0.0686803,-0.0682876,0.124312,-0.00566887,-0.0758232,0.00947821,-0.147176,-0.12672,0.0517008,0.00835314,-0.0392526,0.0170556,0.0874415,0.0334574,0.131055,0.0218904,0.0995818,-0.00805338,0.0713273,0.0376469,0.111945,0.0301723,0.0113834,0.0430338,-0.0167824,0.0863694,-0.0915019,
-0.198324,0.104717,-0.0708189,0.00632628,0.00575642,0.0670763,0.0253708,0.150054,-0.0249301,-0.0565038,-0.065669,-0.16608,0.0165275,0.0884128,-0.244613,-0.0124715,-0.150717,-0.0248898,0.0394065,0.0830888,0.0429654,-0.081972,0.051052,0.00478181,0.0775493,0.0643651,0.031705,-0.0873563,0.0735259,0.0718991,0.160374,0.0109044,
-0.0705464,-0.0239521,-0.0227828,-0.0395663,-0.0816762,-0.0304181,0.138685,-0.0105666,0.0132182,0.0771309,-0.0196196,-0.0558859,0.050236,-0.20262,-0.118652,-0.0724769,0.203019,0.0852551,-0.0705993,-0.11582,-0.298727,0.143541,0.253332,0.0621839,-0.123083,-0.222476,0.148738,-0.0494329,-0.145778,0.0194329,0.0215155,-0.124389,
0.0383552,0.135741,0.0346534,-0.180855,-0.00774142,0.137593,0.0506715,0.102794,0.111886,-0.00189323,0.0438281,-0.0929054,-0.00515292,0.00959226,-0.0613101,-0.0359575,0.0164469,-0.0139748,-0.0561069,-0.0189176,0.00677683,-0.0768472,-0.109579,0.0130266,0.264085,-0.0550258,-0.0319573,-0.122503,0.0198115,-0.0365448,0.140142,0.0723763,
0.0038892,0.0789694,-0.12414,0.0298061,0.0052352,0.0900666,-0.0560161,0.0486419,0.163414,-0.0817584,-0.0298825,-0.0701062,-0.0523769,-0.0243549,0.0573806,0.0211035,-0.0386613,0.0450637,0.00321164,-0.10278,0.152417,-0.131893,0.0238354,0.163058,0.279352,0.0421362,-0.0177063,0.127676,0.0205144,0.0431813,0.0739281,-0.0453824,
-0.0758804,-0.019632,-0.164209,-0.0684431,0.184268,-0.0173376,0.0364713,-0.0841775,0.00914964,-0.0785013,0.0898463,-0.0763555,-0.0274455,0.179382,0.00756273,0.0184241,0.157657,0.0875464,0.0606833,0.214073,-0.182054,-0.133253,0.0153621,-0.0982316,-0.249492,0.0676495,0.0553631,0.0209419,0.0999014,0.00574261,0.050508,-0.0321951,
0.187768,-0.0344774,0.101484,-0.00799033,0.0024988,0.00454204,-0.124887,0.0473951,0.133497,0.00664144,-0.0460501,0.0448636,-0.0759035,-0.0565582,0.0410504,-0.0492211,0.110184,-0.0474547,0.0397491,-0.0310405,0.156058,-0.00383387,0.127542,0.0107808,-0.198958,-0.0133057,0.022629,0.0429313,-0.0521049,0.00280127,0.0471392,0.0964855,
0.015985,-0.0305821,-0.1371,-0.0209664,-0.00148645,0.0717891,0.0101625,-0.115199,-0.154059,-0.0428987,-0.00742633,0.0792376,-0.131825,-0.0142169,-0.105618,0.131403,-0.0502229,0.0198982,0.0460159,0.274056,0.140926,0.0274968,-0.165922,-0.00849165,-0.118037,0.0890855,0.173229,-0.126654,-0.113233,0.0747334,0.143475,0.159624,
-0.174877,0.138757,0.18037,-0.0196175,-0.0986107,-0.00514769,0.102548,0.0719024,0.0490399,-0.0256163,0.216618,0.0613901,0.0070824,0.100799,0.0557367,0.0469311,-0.0391736,-0.118817,-0.0426866,0.221846,0.0417282,0.00512266,0.0453874,0.0740378,0.0738262,0.103368,0.054124,0.0786595,0.153928,0.18186,-0.0123599,0.0421399,
-0.0249787,-0.196746,-0.0499381,0.109406,0.201284,0.126077,-0.141755,0.139762,0.199798,-0.0138832,-0.0123875,0.154738,-0.0558384,0.0264888,0.0176825,-0.151288,-0.0420079,0.0469131,0.0380502,0.0268913,-0.184672,-0.165895,0.0531516,-0.132874,-0.0244873,-0.0400714,0.196513,0.242599,0.0433529,-0.0353322,0.0541468,-0.117641,
-0.10198,-0.0231596,-0.16909,-0.0359466,0.0156866,-0.0591897,-0.124821,0.0535171,0.0789833,0.0698369,-0.127742,0.0868234,-0.140375,-0.236159,-0.134037,-0.0479811,-0.165164,-0.0536319,-0.0389005,0.0222158,0.0410589,0.237002,-0.0341472,-0.0577811,0.0408739,0.152738,-0.266442,-0.0216483,0.0239771,0.0889944,-0.120559,-0.123103,
0.03441,-0.0360422,-0.0833772,0.0772668,0.0388141,-0.110563,-0.213063,-0.0614509,0.00406606,-0.0448765,-0.0856309,-0.0187952,-0.0621342,-0.145295,-0.0588453,-0.00803441,-0.123693,0.0543427,-0.144714,0.277453,0.0532415,0.0898684,-0.00942663,0.0125754,0.0383793,0.0813633,-0.0273816,0.0996208,-0.0371998,0.0179427,0.123879,-0.107692,
-0.0419827,-0.0602199,0.121106,-0.0250755,-0.00134031,0.0068326,-0.0916257,0.068349,0.124267,-0.0575366,0.0747836,0.0550091,0.290294,-0.0622973,0.00600971,-0.149892,0.151674,0.213929,-0.233124,0.115047,-0.109667,0.192237,0.0360588,-0.0557649,-0.101918,0.046382,0.17887,-0.00635164,0.178184,-0.0973377,0.156816,-0.093581,
-0.0530295,-0.0468774,0.196752,-0.00571612,-0.102584,0.0134509,-0.144092,0.231651,-0.0124177,-0.0898328,-0.00761593,0.0990001,-0.00413345,0.00165258,0.148865,0.216972,0.0524443,0.10709,-0.136355,0.183425,-0.0321509,-0.030629,-0.116298,-0.0648076,0.0290313,0.0124362,-0.142011,0.0453588,0.108635,-0.0352569,-0.152643,-0.0784761,
-0.0800413,-0.0140211,0.11365,0.0625909,-0.122536,0.0451509,-0.266017,0.152265,0.0848315,0.225952,-0.0234592,-0.0706631,0.0562502,-0.111474,0.0794206,0.0683203,-0.0933883,-0.00513896,-0.13395,0.0671859,-0.0204281,-0.0360326,-0.0481985,-0.136116,-0.137643,-0.0254563,0.143717,-0.0259885,0.0392884,-0.0509925,0.0344262,-0.00043405,
0.129771,-0.161263,0.143443,0.0512115,-0.112221,0.015382,-0.0378665,-0.0619962,0.0960072,-0.142837,-0.110345,0.0225029,0.101097,0.030348,0.0879306,-0.00385149,-0.00644152,0.0795461,-0.0275944,0.0279492,-0.315408,-0.220885,0.0512184,0.0172908,-0.00505638,-0.0649723,-0.00437875,0.0396102,0.0465161,-0.127514,0.0405417,0.0734215,
0.272283,-0.0132204,0.142828,0.19866,-0.0915905,-0.0596815,-0.12368,0.0638205,-0.0984301,-0.147874,-0.0369279,0.144866,0.212383,0.0192496,0.0207434,-0.047539,-0.0577216,0.0952665,-0.162669,-0.0179004,-0.0798644,-0.0167764,-0.0544159,-0.0433308,0.0472519,-0.0060826,0.0805102,0.074184,0.206106,-0.042487,-0.0533609,0.329118,
0.0592835,-0.0361947,0.0926216,0.0811201,0.0112423,0.150267,-0.0762951,0.195474,0.0228394,-0.267118,-0.016586,0.0951139,0.0876812,-0.0393988,0.0770992,0.0199026,0.0932423,0.203898,-0.0924927,0.117186,-0.061626,0.0507503,-0.133683,-0.10085,0.101744,0.0816114,0.00609706,0.0859085,0.0182338,-0.13964,-0.134906,0.103287,
-0.0663942,0.0407245,0.152885,0.150275,-0.165494,0.0671489,-0.053173,-0.00978464,-0.0294855,-0.0194156,-0.0817418,-0.087905,0.127932,-0.0154216,-0.0727894,0.044569,0.105816,0.337952,0.0865923,0.0758714,-0.165317,-0.0903738,-0.124331,-0.183386,-0.0953513,-0.0294054,0.14878,0.000207166,0.043233,-0.0414434,-0.0220973,0.171123,
0.0688795,0.0246663,-0.108157,-0.0976132,0.166692,0.0905854,0.0580618,-0.0181273,0.0287597,0.101139,-0.150915,0.00193632,0.31559,-0.106161,-0.167304,0.220948,0.0850166,-0.132264,0.105589,0.0336908,-0.00258544,-0.0149873,-0.0108279,-0.0609572,0.138812,-0.0409362,-0.0694419,-0.00723165,0.0820215,-0.00612462,-0.0740692,0.0906158,
-0.0626957,-0.107811,-0.0733399,-0.033301,0.112405,0.14023,-0.0561365,-0.235708,-0.010443,0.163905,0.16053,0.0664813,0.141587,-0.148172,-0.0822292,0.294555,0.0852789,-0.236471,0.0658811,0.114855,0.129016,-0.0257576,0.0933786,0.037877,0.0454443,0.0746166,-0.0344172,-0.183791,0.0597231,0.0572383,0.0967919,0.0697066,
-0.0280469,0.00399166,-0.0899544,0.0217694,0.0135427,0.0583582,-0.0102261,0.0400016,-0.104711,0.219677,0.158061,0.100639,-0.0225634,-0.0662462,0.167544,0.246936,-0.0981023,-0.0157612,-0.0654429,0.0689189,-0.00613773,0.155285,-0.0631687,0.199815,0.0852913,-0.0798215,0.117797,-0.144923,0.0952598,0.0493892,-0.173082,0.17723,
0.0663863,-0.0198796,0.170339,0.0803645,-0.14753,0.0882462,-0.13072,0.0339839,0.106644,0.0741921,-0.0203155,-0.0362212,-0.0851858,-0.0969347,0.115496,0.0609255,0.126062,-0.0211588,0.0093741,0.124256,0.0253578,0.199247,-0.0735471,0.173881,0.0680881,0.00676409,0.017371,-0.0334218,0.0986422,0.142548,0.047779,-0.278573,
-0.101383,-0.0740081,0.211995,0.0386118,-0.0705181,0.0733248,-0.0703529,-0.0877239,0.0587002,-0.0207592,0.111189,0.110921,-0.10214,0.0199112,0.266477,0.0772987,0.0635835,-0.0349381,-0.0401753,0.154006,-0.0598337,0.0138832,0.0297713,-0.0117545,-0.152135,-0.0646211,0.101875,-0.0357838,0.0202612,-0.0940274,-0.0582793,0.0884701,
0.161526,0.0806386,-0.151315,0.0324146,0.053398,0.0708098,-0.0281617,-0.0245148,0.0303361,0.261853,-0.0347392,-0.00154268,0.0358993,0.00870804,0.0987502,0.0316069,0.173617,0.0230948,0.0100103,-0.0170641,0.0396253,0.0865534,-0.0337419,-0.00596589,-0.0747105,-0.00321891,0.00825947,-0.0278073,0.112504,-0.151817,0.0103006,-0.179641,
-0.159541,-0.00485928,-0.0259458,-0.017617,0.135797,-0.0595106,-0.0913841,0.131427,0.127702,0.108636,0.088288,-0.0546435,-0.0285428,-0.0413247,0.225157,0.0893111,0.127121,-0.12786,0.110344,0.104663,0.0812815,0.0239926,-0.0185633,-0.160365,-0.107965,0.127576,0.0699434,-0.107253,0.253496,-0.213942,0.0590558,0.101489,
0.0916556,0.0954562,-0.0572028,0.100617,-0.0436886,0.108482,-0.168458,-0.143234,0.0571183,-0.0935125,-0.01495,0.0137222,0.0334819,0.0396486,-0.0291889,-0.0658578,-0.024301,-0.0081176,-0.0968464,0.0118809,0.0246495,0.100412,-0.177996,-0.0558628,-0.0426545,0.00887703,-0.163608,0.00432078,-0.051241,0.183626,0.117757,0.0137272,
-0.112285,0.212708,-0.0540391,-0.187716,-0.0437239,0.13142,-0.0785196,0.0378972,-0.015845,0.0594604,-0.190279,-0.180067,-0.102203,0.20856,0.07255,-0.0406794,0.0756054,-0.0305796,-0.0402262,0.188436,-0.0886497,0.0506413,-0.0892696,-0.0680112,-0.046611,0.0232644,0.00921815,-0.168086,0.00802082,0.0470193,0.207903,-0.0785059,
-0.108057,-0.118849,-0.0970603,-0.00464542,0.0336699,-0.0466603,0.00907093,-0.040925,0.0424029,0.0559713,-0.189555,-0.054166,0.216909,0.061228,0.104249,0.0415068,0.0479149,-0.0291073,-0.155247,0.0904288,0.135636,0.015806,-0.140812,0.146241,0.0180423,-0.00422469,0.00915688,-0.0457942,-0.13928,0.0837569,0.0409145,0.190084,
-0.0715139,-0.0136503,0.125158,-0.106599,0.178528,-0.105619,0.0959246,-0.0271396,0.0675947,-0.229782,-0.160064,0.0769834,0.0603885,0.116114,-0.13876,0.00041405,-0.0939046,0.066507,-0.233524,0.193634,-0.133247,0.0269721,0.118424,0.0106473,-0.0623704,-0.0625336,-0.128512,0.0329176,0.0249159,-0.0587754,0.0540603,0.158543,
0.00603523,-0.0837525,0.118086,0.164473,0.041351,0.00176044,0.060053,-0.0524066,-0.0708614,-0.0749381,-0.202339,0.127951,-0.0194807,0.105744,-0.129711,-0.00748595,-0.119196,-0.201594,0.191758,-0.163082,-0.00846017,0.0994215,-0.00331347,-0.0801352,0.00780325,-0.0543605,-0.245825,0.031876,-0.247419,-0.0700695,-0.0231581,-0.0519633,
-0.119076,-0.0884147,-0.0818813,0.0389996,0.0269539,-0.219895,0.0780191,0.0134168,0.095377,0.109292,0.123794,-0.129519,0.0385261,0.00899708,0.0325917,-0.150061,0.0556319,0.0326911,-0.0392517,-0.0150235,-0.00901426,-0.0986338,-0.10496,0.167925,0.113752,-0.0361853,-0.129113,-0.0122951,-0.0115367,0.053566,0.00255362,0.160698,
-0.0658341,-0.00441596,0.00217539,-0.147934,-0.0913327,0.126431,0.011878,-0.0973871,0.0528024,0.112968,0.156643,0.21903,0.0929863,0.0188144,-0.112654,0.0297337,0.0234848,-0.197533,0.008899,-0.0404359,0.0498673,-0.0575825,0.0187276,0.00262079,-0.034792,-0.133373,0.167238,-0.0113281,0.324175,-0.0120709,-0.0522367,-0.0420054,
0.0707373,-0.0503447,-0.0634426,0.0101021,0.13951,-0.00561305,-0.0602203,-0.131688,0.118511,0.0782974,-0.0547416,0.0232611,0.00678806,0.0287112,0.0498882,0.0840861,0.0497203,-0.0890386,0.0840796,0.0296478,0.00728849,0.0331945,0.088221,-0.0784235,0.00482976,-0.0408158,-0.0235255,0.0350976,-0.281019,0.0610305,-0.0197668,0.0143111,
0.0431386,0.0346944,0.045914,0.0121625,-0.105245,0.0492555,-0.0237429,-0.0173515,-0.170369,0.165029,0.0860962,-0.0639188,-0.0815259,-0.0799243,-0.000658681,0.0175977,-0.131834,-0.0601265,-0.0353055,0.112226,0.0562166,-0.0379249,0.0202695,-0.0270933,-0.0256109,0.0430382,-0.0731491,0.0385304,0.0717907,0.125407,-0.262994,-0.0397326,
0.0112228,-0.00551461,0.0699753,-0.0915218,0.0364242,0.0674042,0.0708587,0.0707593,0.0480189,-0.0122536,0.165311,-0.0525372,-0.215224,-0.00330409,0.0774892,0.165685,-0.0986747,0.0421272,0.153763,-0.157025,-0.0774255,0.0482612,-0.0431056,0.0338987,-0.105735,0.179027,0.142628,0.0647076,-0.0504897,0.0563667,0.140897,-0.0501075,
0.0597844,-0.0309658,-0.0329994,-0.0775522,0.0416049,-0.0240272,-0.0876536,0.0414329,0.0426273,0.0759491,-0.0816203,-0.00836089,0.0820248,0.0354952,-0.126526,-0.166844,0.0133475,0.0232935,0.188322,-0.222744,-0.0790447,-0.0709615,0.0919339,0.0831507,0.0298966,-0.0699157,0.115528,-0.126448,0.00741457,-0.0599468,-0.105871,0.084977,
-0.0360803,-0.0659737,0.0004127,0.023613,-0.0323047,0.00905639,-0.0516171,0.120942,0.0749717,-0.0349063,0.160307,0.147686,0.0169599,0.0152317,0.244847,0.0278596,0.0507819,-0.0875738,-0.0242045,0.0514098,0.0247263,0.0637778,0.198634,-0.0117779,0.119145,-0.18154,0.0923356,0.142889,0.00499114,0.00222038,-0.0220833,-0.0883676,
0.18765,-0.0264478,0.0120548,-0.0109276,0.121629,0.0317872,-0.054916,0.0115845,0.00220537,-0.196937,-0.0378854,0.0715292,0.0377303,-0.00243591,0.0528538,0.0511235,0.0966256,-0.0374124,-0.0131404,0.0870891,-0.010582,-0.176864,-0.0192899,-0.0294436,0.0106953,0.073064,0.0445986,0.071388,-0.0592205,0.0955588,0.0412911,-0.132653,
-0.112708,-0.0890238,0.177544,-0.112717,0.0644307,-0.0576215,-0.166041,0.146674,0.137986,0.0969486,-0.0715405,0.165547,0.0511817,-0.17625,-0.0173019,-0.104199,0.00555751,0.176845,-0.0228805,-0.0255856,-0.0794522,-0.291199,0.0938269,-0.00351552,-0.0195638,-0.0308692,-0.00389574,0.0650484,-0.177288,0.110609,0.0580799,-0.257208,
-0.0365206,-0.0191582,-0.0451946,-0.130109,0.0497844,0.192929,-0.242706,0.12582,0.00610959,0.0675994,0.123291,-0.0577096,-0.0432054,0.0403929,-0.0750356,0.07017,0.0283556,-0.0605855,-0.191779,0.133819,-0.149281,-0.0888898,-0.167984,-0.111211,-0.0969892,0.0727901,-0.0187695,0.0426938,-0.0557765,-0.00141303,0.240631,0.0366961,
-0.144485,-0.0923572,-0.0917803,0.0930086,0.316711,-0.0295491,-0.0807822,-0.0482392,0.0337278,0.00845339,-0.159184,-0.0578482,0.0192967,0.0278812,-0.0580337,0.104274,-0.19057,0.0123348,-0.186422,0.260503,-0.0720326,-0.078118,0.0135066,-0.236102,-0.244457,-0.0419416,-0.0621161,0.057123,0.138974,-0.151654,-0.105423,0.14457,
-0.0743727,0.166245,0.0745118,0.0251299,-0.13837,-0.0840983,-0.0604927,0.0545244,0.173405,-0.176694,-0.108999,0.100538,0.196562,-0.0730687,0.153433,0.0517733,-0.120295,0.123379,-0.16528,0.129933,-0.220858,-0.0703329,0.0345067,-0.140976,-0.00648095,-0.095714,-0.0152204,0.226309,-0.195212,-0.117991,-0.0174448,0.16842,
-0.122278,0.00139884,-0.144928,-0.109536,-0.00651979,0.0720825,-0.28626,0.030909,-0.0271717,-0.0944855,0.0776267,-0.0341845,0.157112,0.130146,-0.17691,-0.0757991,0.142766,0.147493,-0.198179,-0.0542615,-0.0470683,0.05565,0.188911,0.101721,-0.231411,0.0300494,-0.00707078,0.100593,-0.0295961,0.0951437,-0.0591356,-0.0957564,
0.120546,-0.00037944,-0.0467628,-0.170674,0.00156647,0.0557427,-0.196587,0.0933027,-0.0456053,0.0132728,0.0466507,-0.173773,0.117077,0.0538503,0.197781,-0.0303539,0.0654327,0.109474,0.0965633,0.0515794,-0.101204,0.112547,-0.0594087,-0.214987,0.0774721,0.14815,-0.0895119,0.0963233,0.112362,-0.0769056,-0.160439,0.0389798,
-0.0595008,0.015776,0.0292179,-0.135741,-0.0792511,-0.045274,0.128239,0.138299,-0.0855247,-0.0508131,-0.0455453,0.0523594,0.094691,0.0794843,0.00579414,0.196024,0.107418,-0.0337962,-0.101605,0.0411644,-0.240235,0.127686,-0.00351651,-0.143855,-0.02719,0.0150491,0.115889,-0.123096,0.127135,-0.041465,-0.00132929,-0.074714,
0.0940305,-0.133261,0.252578,-0.0787376,-0.133847,0.0677252,-0.0815437,0.091769,-0.0625877,-0.111702,-0.0426672,0.0165917,-0.0201038,-0.043275,0.0825761,-0.117639,0.122957,0.104234,0.0119004,-0.177052,0.110929,0.0535464,0.0142038,-0.0336196,-0.0997515,-0.0681059,0.0313414,-0.083643,0.0972698,-0.0711744,-0.112169,0.110634,
-0.0906717,0.0143907,-0.0223154,0.0180299,-0.103305,0.286982,0.0474926,-0.145033,0.0399262,0.0463414,0.0820157,0.0560369,0.131444,-0.145636,0.0390069,0.147199,0.0401135,0.23754,0.144448,-0.216304,0.0271019,0.173165,0.0293208,-0.00515301,0.059969,0.161259,0.0317472,-0.0190172,0.00429077,-0.102797,0.113995,0.00132032,
-0.0536548,0.0171559,0.0580628,0.0935743,-0.108759,0.169058,-0.0393183,-0.0895994,0.00295941,0.220179,0.0749258,0.167461,-0.0576588,-0.132744,-0.0486823,0.0814935,0.228802,0.0902306,0.186824,0.0143115,-3.18202e-05,0.193336,-0.103592,0.0587234,0.0759127,-0.0735616,0.054045,-0.127398,0.0440532,0.0560416,-0.106067,0.0664699,
-0.0639699,0.00372816,0.0137124,-0.10908,0.000921703,0.117444,-0.205174,-0.155528,-0.0238999,0.0356061,0.170621,-0.0277364,0.00334832,0.00850968,-0.0863014,-0.0215933,-0.154827,0.0356964,0.12691,0.124696,0.030471,0.137334,0.170037,0.0357216,-0.0593295,-0.00781746,0.013648,-0.160314,0.0283379,0.0616813,0.0697045,0.0499005,
0.039862,0.135064,0.253269,-0.129462,0.15356,0.101776,-0.0598783,-0.0890098,-0.170602,0.0716334,0.0331717,0.0146846,-0.021423,0.0699396,-0.151955,0.171293,0.0198897,-0.187406,-0.0909686,-0.0574346,0.150532,0.142788,0.0462375,0.113298,0.109909,-0.0143378,-0.0506966,-0.167212,0.0208165,0.0458141,-0.0386629,0.168852,
0.0600974,-0.037394,-0.146763,0.082982,-0.0379361,0.180966,-0.206314,0.229083,-0.0251224,0.0519158,-0.0860468,0.0241321,-0.0857074,0.0930456,0.197165,-0.0319802,0.0489093,-0.0141429,-0.0189079,0.0820047,-0.000913558,0.0539957,0.0557265,-0.0871037,-0.0380656,-0.0398757,0.00696333,0.0536391,0.0123962,-0.169091,0.0753449,-0.0882656,
-0.0465412,0.144514,0.126585,0.130581,-0.0579483,-0.0385889,-0.0366711,0.115458,-0.109417,0.0150591,-0.177661,-0.00841976,0.19926,0.0602684,0.178895,-0.0622521,-0.0951562,-0.126491,0.150243,0.0329846,0.000957845,0.0269731,0.113522,-0.00936209,-0.152001,-0.0949944,-0.0426593,-0.141186,-0.093655,-0.0343289,0.0294204,0.014097,
0.16257,-0.176826,0.205259,-0.020922,-0.173451,0.0115312,-0.156902,0.054696,0.0114939,0.142865,-0.0583857,0.0821831,0.0377045,0.07448,0.164977,0.0565221,0.0877972,-0.0154953,-0.118101,0.326482,-0.078589,0.0644076,-0.198152,-0.0590923,-0.194918,-0.0501938,0.0302227,-0.0318299,0.00606205,-0.161926,0.181406,-0.0825252,
0.157244,-0.151785,0.104091,0.165987,-0.0753314,0.0969897,-0.0102505,-0.125164,-0.0466552,-0.013033,0.00799013,-0.0828447,-0.104808,0.0565134,0.0710825,-0.202061,0.119028,-0.2189,-0.0817798,0.00713171,0.00557305,-0.163862,-0.0701206,0.0851826,-0.201182,0.125376,0.0588217,-0.208678,-0.0391964,0.0797839,-0.0735227,0.0175357,
0.00374165,0.0441267,0.148637,-0.0361529,0.137771,-0.185834,-0.101948,-0.033517,-0.0579532,0.193199,-0.0705414,-0.0537221,-0.141757,0.0760733,0.0718719,0.0195178,-0.03912,-0.0714922,-0.0451887,0.0619475,-0.026322,0.128106,-0.112615,0.01226,-0.0310751,0.022194,0.0714013,-0.0303506,-0.0487413,-0.137338,-0.0301285,-0.0966426,
0.037378,-0.03823,-0.0488031,0.14986,0.0223314,-0.0835275,0.102576,0.0565082,0.0525721,-0.0962829,-0.114097,0.0377632,-0.0937747,0.0582908,0.106722,0.0381401,-0.145906,-0.00477418,-0.00382629,0.109687,-0.118158,0.0826706,-0.0537252,0.149331,-0.215016,0.124948,0.0819521,0.185459,-0.0337125,0.0291398,0.110142,0.254839,
0.0632606,-0.0740269,0.108498,0.0818906,0.109916,-0.143447,-0.11529,0.0452819,-0.0161726,0.0257593,-0.14788,0.199057,0.14431,0.293377,0.260052,-0.0768942,-0.0559871,-0.0575624,0.142383,0.0321288,0.151694,-0.00548293,0.102329,-0.0040605,-0.140143,0.266824,-0.146541,0.0438844,0.0062321,-0.071224,-0.0142564,-0.0162791,
-0.0247651,-0.00269993,0.0215709,-0.0402655,0.103394,0.243163,0.259872,0.0605864,-0.148288,-0.109017,0.104366,-0.141431,0.114587,0.0495695,0.139243,0.0779185,-0.0302828,0.0383644,-0.0957653,-0.0249995,-0.078646,0.0262563,-0.139898,0.0168244,-0.069057,-0.0600269,0.0426461,0.00756054,0.0328077,0.161226,-0.0962026,-0.0751437,
0.0116858,0.0239243,-0.173548,0.0517325,-0.204196,-0.00776082,0.0155525,0.100632,0.0204056,0.0983712,-0.109041,-0.0535947,-0.0414847,0.0224801,-0.0411045,-0.0909576,0.0399423,0.0327299,0.0760729,0.103505,0.00712999,0.0244537,-0.141996,-0.0504682,-0.0839911,0.00240156,-0.0233649,-0.0274514,-0.0309048,-0.081975,-0.109051,-0.172768,
0.0500683,0.125583,-0.159305,0.184915,-0.0622102,-0.0823847,-0.0478716,-0.08034,-0.000270504,-0.0997155,0.141273,0.107192,-0.144762,0.0406611,-0.0805577,0.229725,-0.0904576,0.112823,0.228129,0.0849395,0.0210443,0.0302108,0.26558,-0.0371141,0.0151766,0.0303776,0.00446202,-0.0616532,0.0907176,-0.040185,0.0770096,-0.00914631,
-0.118884,-0.00653463,0.00718038,0.15531,-0.118356,0.116685,0.229994,0.067586,-0.00673579,-0.0440445,-0.0699808,-0.0387359,0.0737465,-0.0839744,-0.0052294,-0.0978805,0.0412604,-0.196495,-0.0112409,0.0169407,-0.113582,0.0641589,-0.136522,-0.0253708,-0.0475038,0.0597189,-0.0277846,0.0829239,0.134211,-0.0658181,0.037781,0.16321,
0.126175,-0.121608,-0.206831,-0.142661,-0.0700686,0.243666,-0.0797062,0.0320102,0.0932992,0.104657,-0.0715451,0.0471749,-0.00554837,-0.0736693,0.0472824,-0.142569,-0.131336,-0.0514903,0.0775179,-0.0424209,-0.0757082,-0.108872,0.00110743,-0.0305682,-0.10733,0.0852864,0.229198,0.104516,0.0389946,-0.0980904,0.0859586,-0.0523086,
0.125654,0.0695384,0.0605689,-0.0453403,0.0984401,-0.0037084,-0.0111099,0.0654644,0.0930009,0.00762795,0.0472867,0.0419365,-0.0567271,0.0314965,0.05448,0.234347,-0.0301941,-0.10015,0.0705991,-0.0537514,0.00333367,-0.188835,0.165488,-0.00976091,0.0608056,0.0156237,0.0841888,0.0771238,0.0902299,0.0640972,0.0743774,0.13573,
-0.0726598,0.114547,0.0907423,0.11076,0.04963,-0.103036,-0.0214889,-0.0430173,-0.257801,0.0399654,-0.0998726,0.104893,0.106093,-0.101333,-0.0879841,-0.117806,-0.0823896,-0.0727702,-0.0234729,0.0574889,0.0383352,-0.083875,0.119459,0.119107,-0.043003,-0.115112,-0.0330456,0.0536896,-0.0991515,-0.231407,0.0390196,-0.137602,
0.085606,-0.0435853,0.0669726,-0.0353521,0.00215368,-0.197392,0.0573276,-0.11164,0.0981362,-0.182808,-0.00725447,0.0852425,0.0223229,-0.0441832,0.190309,0.0563384,0.0522815,-0.123372,-0.00176064,0.132964,-0.023779,0.0213811,-0.117263,0.027081,-0.0264986,0.0467414,-0.0264569,0.0510987,0.0260216,-0.0842598,-0.0942598,-0.0923642,
0.00964221,0.194736,0.215513,0.0236707,0.258434,0.132657,-0.0975264,-0.127176,-0.0251359,-0.0825547,0.144503,-0.0793794,-0.0179423,0.135001,-0.033816,0.132529,0.125197,-0.0238545,-0.0662723,0.145109,-0.134092,0.019296,-0.150149,0.174971,-0.0157659,-0.123754,-0.133257,-0.064224,0.140281,-0.0632389,-0.201595,-0.0965183,
-0.0510194,0.0523486,0.0426222,-0.0801091,0.137178,-0.0645123,-0.0339406,0.0345022,0.154181,-0.207524,0.00224962,-0.145839,-0.0214483,0.180968,-0.0130118,-0.182639,-0.0308689,-0.0312339,-0.0999939,-0.0534751,0.0398272,-0.051702,-0.0471711,-0.0488704,-0.0927675,0.0414754,-0.0675116,-0.209694,0.019321,0.0226823,-0.127405,-0.00137542,
-0.0589622,0.035869,0.0188866,0.056945,0.220235,0.0272949,-0.142715,0.0752772,-0.0862084,-0.139639,0.0310594,-0.194638,0.0589425,0.0778996,0.0677681,0.0722503,0.0172659,0.101438,-0.126947,-0.0677667,-0.0880639,0.0150988,-0.0458504,-0.0568932,-0.124672,0.2062,0.0727266,0.163264,0.234302,0.00833102,0.0412008,-0.0162971,
0.0343474,-0.0298022,0.209055,0.0651863,0.133988,0.0848821,0.0213502,0.127871,0.177841,-0.0322737,0.124146,-0.0316799,0.0647145,0.111854,0.00901924,0.00690996,0.0979252,0.229465,-0.0181863,0.0445835,-0.0382474,-0.112713,0.0285278,0.0471475,-0.2323,-0.0669141,-0.118346,0.0188366,0.0930621,0.00360896,-0.00198264,-0.0119971,
-0.0617166,-0.168588,-0.0821914,0.271339,0.0582969,0.0157533,0.069843,0.234139,0.080864,0.0320591,-0.0925724,-0.0952129,0.103053,0.0487103,0.0402492,0.0475399,0.0541863,0.0493064,-0.112074,-0.0449125,0.184828,-0.137914,-0.192737,-0.0893877,-0.0963887,0.143398,0.0842165,-0.129578,0.0241336,0.0696348,0.0134052,-0.0223955,
0.100913,-0.071425,0.235662,0.0231313,-0.00508479,0.131012,0.0705505,0.143395,0.0495788,0.079274,0.0284856,-0.0151992,0.215181,-0.0983355,-0.16877,0.0615735,-0.109486,-0.0254969,-0.233132,0.206619,-0.0461084,0.159846,0.113093,-0.193562,-0.0100912,0.174239,0.146827,0.0158611,0.0946527,-0.106913,-0.0266694,0.18717,
0.0778557,-0.0293429,0.228226,0.174337,0.0634318,-0.170933,0.0194091,-0.0217662,0.14016,-0.0677235,-0.178296,-0.149697,0.141945,0.00519404,-0.082261,0.0133921,0.0724698,-0.0394726,-0.14127,-0.161841,-0.170764,-0.00336292,0.00974261,-0.172077,0.0998107,-0.068591,-0.0874282,-0.0212736,0.170651,-0.14318,0.0935649,-0.0861093,
0.0109269,0.0396907,0.175773,0.0813715,-0.00624531,0.0356844,0.0235587,0.0341393,0.02599,-0.121919,-0.00659526,0.067647,0.213393,0.0192065,-0.0311084,0.0120472,-0.0742606,0.221167,-0.014292,-0.026484,0.0921854,0.0628109,0.0216314,0.110571,-0.0974168,0.0529477,-0.0164064,-0.0690993,0.0269002,-0.0203552,-0.0183749,0.0117368,
-0.117854,-0.0152642,-0.0667892,0.03333,0.116005,0.161745,0.0398898,0.165738,-0.0511273,-0.091551,-0.0302125,0.123004,0.173583,-0.0795499,-0.0472675,0.0987338,0.0646145,0.0728814,0.233937,0.0660323,0.00538278,0.0809289,0.0892115,-0.0173506,-0.023376,0.0640308,0.0899175,-0.0559063,0.0484548,0.0226441,-0.033232,-0.0419878,
-0.00370125,-0.0155898,0.25461,-0.104286,-0.112277,0.228093,0.165681,-0.128717,0.0831747,0.208313,-0.0151485,-0.0835581,-0.0554694,-0.0454999,-0.0159303,0.175775,-0.0390099,0.0153157,0.146172,-0.0137804,-0.0220131,0.0276083,0.0411562,0.109449,-0.042904,0.0556726,0.0432053,-0.034746,0.0231677,0.0287193,-0.127444,0.0136737,
-0.00710435,-0.141925,-0.199755,0.0800775,-0.152638,0.0442702,-0.0311292,-0.0699253,0.116865,-0.238607,0.0815853,0.131977,-0.298935,0.129374,-0.162312,0.20614,0.150012,-0.00564079,0.260928,-0.136882,-0.204625,0.153406,0.20834,0.0824833,0.0425161,-0.140642,-0.0838127,-0.223258,-0.100163,0.230576,-0.0240135,0.125077,
-0.161478,0.00847856,-0.0237702,0.121783,-0.273394,0.238808,-0.0202532,-0.187739,-0.074386,0.0169668,-0.16164,0.0672675,0.0959752,-0.0373283,-0.0267099,0.24551,0.0422032,0.140009,-0.216448,0.0728024,0.12262,0.0173557,0.0389238,0.025407,0.00736838,-0.138501,-0.0239444,0.0129965,0.00779585,0.12434,0.0633147,0.0918845,
0.102952,0.251253,-0.209406,-0.0233076,-0.0485138,0.101607,-0.0386906,-0.102095,0.0759083,-0.00562589,-0.141487,0.195008,0.256798,0.0172775,-0.0115474,-0.0840982,0.107624,0.11072,-0.118072,-0.109752,-0.0168303,-0.00446192,0.0174645,0.0934994,0.00306941,-0.00103397,-0.257042,-0.0619746,-0.0945225,0.0502675,-0.227574,0.0346302,
0.0298579,-0.0319155,-0.00581321,0.213286,0.0925825,0.126779,0.057157,0.237552,-0.0643694,-0.0519558,0.0667068,0.116103,0.0448151,0.0343611,0.0854642,0.0350693,0.0612255,0.016232,-0.103239,0.039811,0.0776864,0.1406,-0.213849,-0.00287511,-0.0358005,-0.0108947,-0.127007,0.113813,0.299648,0.0892201,-0.0789167,-0.0451887,
-0.170683,0.22177,0.0441872,-0.0212287,-0.0248176,0.214909,-0.164754,-0.0438684,-0.0513075,0.127104,0.0726228,-0.036685,0.0629989,-0.083694,0.195434,0.0323947,-0.0323767,-0.0920485,-0.0950754,0.0720015,-0.152928,-0.0533676,0.0899025,0.105201,-0.0388254,-0.0408886,-0.0376855,0.159119,0.076617,0.0448367,0.059591,-0.036858,
-0.0588673,-0.023483,0.119009,0.0594522,-0.102422,0.00272948,-0.205937,-0.0518489,-0.0253591,0.086057,-0.0239324,-0.0528633,0.0352145,-0.00942681,-0.0668092,-0.180897,-0.0363542,-0.0262604,0.142479,-0.0523563,0.00239041,-0.148276,-0.235493,-0.000447886,-0.329933,-0.115052,-0.0745192,-0.0468611,-0.00313241,0.0332763,0.0314689,-0.00508518,
0.0237836,0.055981,0.0864236,-0.0425213,0.0828216,-0.0918285,-0.148317,-0.120872,-0.0588977,-0.0340022,0.087304,-0.133816,0.0876854,0.0318475,0.0668654,0.128116,0.0350445,-0.0177207,-0.0500827,0.196255,-0.0320672,-0.0898268,-0.0900177,0.165333,-0.00913696,-0.018531,-0.0178756,0.200221,0.0697338,0.0100179,-0.030689,-0.031874,
0.0423606,-0.0183672,-0.146161,-0.0831105,-0.00184486,0.0412657,-0.0310373,-0.0718792,0.0600145,0.194382,-0.113718,0.00456398,0.0977905,0.00364883,0.242958,-0.0994367,-0.101441,0.110963,-0.132915,0.0698397,-0.0715668,0.0250609,-0.235818,-0.0403285,-0.0373293,-0.175999,0.00739451,0.18345,-0.0460897,-0.0598439,-0.00348212,-0.238898,
-0.0997373,0.000505727,0.0607639,0.0282146,0.0559397,-0.0339161,-0.0651209,-0.0379962,-0.125604,-0.051703,-0.146906,-0.0620074,0.0871927,0.0485025,-0.169554,-0.0534432,-0.0522603,0.0633126,-0.02668,0.153376,-0.0141571,-0.0630425,-0.064301,0.0715372,0.0107548,-0.131378,0.00475044,0.00772793,-0.131052,-0.00730793,-0.0588409,-0.0759619,
0.115333,-0.0594497,0.0965952,-0.12107,0.00521191,-0.101206,0.0691241,0.0364758,0.0363143,-0.178096,-0.0724292,0.0671583,-0.0990894,0.0837114,-0.0867931,0.071129,0.057519,0.00141073,-0.179262,-0.211261,-0.163034,-0.222002,-0.130349,-0.0270167,-0.0937731,-0.118246,-0.0503493,-0.0265831,-0.0261083,-0.0874046,0.0110349,0.0188504,
-0.0244281,0.0882751,0.13065,-0.0350328,-0.10174,-0.162699,-0.151165,-0.157735,0.0536754,0.00356659,-0.258474,-0.147309,0.00762415,-0.0658377,-0.295207,0.0356608,-0.0998549,0.0480151,0.139143,-0.15577,0.0437083,-0.0688405,-0.0862076,-0.0611134,0.0447698,-0.0578056,-0.284189,0.0746021,0.0456658,-0.0251121,-0.077316,0.140472,
-0.153689,0.019208,-0.0831166,0.150376,-0.0127798,0.00663081,0.28049,-0.0224359,0.0338787,-0.0480581,-0.0146767,-0.000742729,0.086923,0.217635,0.044768,0.000833093,-0.157969,0.0329276,0.202036,0.150209,0.132908,0.142593,-0.00351385,0.174439,-0.123097,-0.0112984,-0.0684596,-0.0204231,0.165777,0.00158943,0.00294252,-0.0534434,
0.0199921,-0.0225551,-0.20016,-0.138286,0.159825,-0.00750542,-0.0402251,0.114894,0.099462,-0.0715191,0.129376,-0.0378643,-0.0587802,0.115393,0.0337594,-0.0163328,0.0802294,0.0790703,0.0130149,0.0262675,-0.096796,0.0108955,-0.0158734,0.0336647,-0.0122602,-0.0783637,0.060766,-0.0025881,0.084888,0.00657222,0.131101,0.0653791,
-0.0723373,0.122021,-0.028174,0.0216862,-0.192237,0.0315773,-0.0748044,-0.0128587,0.109577,-5.72768e-05,-0.0457003,0.0473123,0.0298631,-0.0850641,0.00322982,-0.148147,0.0792418,-0.0311951,-0.0307632,-0.133057,-0.0920553,-0.16667,-0.00780458,0.157861,-0.0851189,0.162175,0.0899438,-0.0202065,-0.125401,-0.071765,-0.166232,0.225036,
-0.0857737,0.159981,0.0454667,-0.0617172,0.00176279,-0.0625176,0.157175,0.07946,-0.0685517,0.153994,0.133336,-0.126927,0.0798289,0.115296,-0.0622776,0.101523,-0.0465305,-0.146522,-0.164639,0.140932,0.132523,0.0385458,0.0899684,0.0793014,-0.107321,0.0043353,-0.00767382,-0.0990659,-0.158449,0.154196,-0.0811879,-0.118,
0.026164,0.168074,0.00753042,0.0980356,-0.206455,0.0962249,-0.0299788,-0.0646912,0.0405331,0.1289,-0.0728741,0.00922688,-0.236467,-0.100901,-0.0392695,0.0143944,0.0309609,-0.0670666,-0.00593619,0.104581,0.0249262,-0.0964364,-0.0568901,0.0575069,-0.100169,0.178774,0.0322751,-0.190841,-0.0740321,0.0783252,0.146599,0.0623541,
0.17579,-0.0752717,-0.0322024,-0.108344,0.0852432,-0.0258088,-0.0244871,-0.125958,0.0425488,0.128733,0.0498059,-0.0166317,-0.213011,0.0423888,-0.153765,-0.0268406,-0.00716749,-0.113457,0.104285,0.00511349,-0.0884972,-0.0755338,-0.0184658,0.172544,0.0133075,0.0183231,0.00114133,-0.1166,-0.157446,-0.0374763,0.0377485,-0.0275174,
-0.167425,0.178289,0.0110917,-0.0679127,0.0189185,0.0430166,-0.00739569,-0.0226628,0.140356,0.00946828,-0.104855,0.0901395,-0.0148907,-0.190271,0.0245935,0.0224514,-0.145908,-0.0591624,0.0390731,0.119914,0.0541117,-0.0694994,0.0981764,-0.143704,-0.138997,0.1581,-0.0387838,-0.0480165,0.181642,0.0917052,-0.000518878,-0.046536,
-0.0486036,-0.12932,0.0590405,0.0191956,0.0217905,-0.00688206,-0.162366,-0.114852,-0.037855,0.0208601,-0.0981113,-0.0854589,0.117177,-0.0506043,-0.0540949,0.0724319,0.0831598,-0.0546678,0.0139126,0.0966053,-0.0930108,0.0187829,0.0699731,0.0451346,-0.0588543,-0.292645,0.154886,-0.0822464,-0.0961094,-0.00602373,-0.0588993,-0.126708,
-0.035606,0.028721,0.00799342,-0.0258306,0.0219608,0.023002,0.0153422,-0.15396,0.0701597,-0.0749846,-0.108621,-0.146232,0.208512,0.0984469,0.0618156,-0.106985,0.0940933,-0.151726,-0.0618194,-0.067161,0.0361043,-0.0929545,0.176927,0.0445536,0.0384786,0.00761022,0.165356,-0.053971,-0.0360861,-0.119843,0.0846796,0.00588297,
0.00614318,-0.16583,-0.19705,0.19474,0.0702835,-0.0252163,0.0305163,0.0615478,0.070087,-0.0129992,-0.0426281,-0.33446,0.138327,0.0160582,0.02589,0.146695,0.276013,0.0346267,-0.24687,0.0319153,0.000690443,0.0654921,-0.0297915,0.032649,-0.13225,0.0399395,-0.0616119,-0.0165465,0.200537,0.01245,-0.12119,-0.0819168,
0.0398082,0.101361,-0.0053173,0.122454,0.214692,0.136853,-0.0550596,0.128621,0.0471551,-0.0210973,0.115578,-0.146003,0.0692986,0.140388,-0.0279651,-0.203635,0.145526,0.0201935,-0.121683,0.118514,-0.00317256,0.219558,-0.0627741,0.0682726,-0.14184,0.0577586,0.022957,0.0121766,-0.00219034,0.124228,0.133181,0.0299075,
-0.231115,-0.0491288,-0.0234434,-0.0748055,0.0626331,0.00663003,-0.0420254,0.0734174,0.216519,0.105134,-0.0718928,-0.12595,0.0747894,0.0931895,0.0992622,0.0069939,-0.0612424,-0.0711776,-0.224881,0.235802,-0.020336,0.0631779,-0.0566145,-0.074033,-0.100563,0.117291,0.0575753,-0.207459,0.0358326,-0.114364,0.104137,-0.0402442,
-0.109405,0.110839,0.0964647,-0.0666832,0.0610763,0.0458033,0.0409775,0.0111,-0.0990237,-0.0756208,-0.100427,-0.144953,0.0311051,0.0326664,0.0132732,0.0771794,0.13216,0.000966093,0.0364909,0.159843,0.0220889,0.103565,-0.0719377,-0.0933317,-0.270519,-0.0443235,0.111676,-0.105258,0.0847967,0.0878417,0.0811571,-0.116421,
0.211978,0.146441,-0.0305666,-0.0141247,-0.0345283,0.0436992,0.0793623,-0.120257,-0.014438,-0.106179,-0.12574,0.0247255,0.0910922,0.146448,0.0776013,-0.120607,0.191372,0.121451,0.0251626,0.122353,0.106662,0.035429,0.0322561,-0.00958677,-0.0378495,0.146736,0.112903,-0.211127,-0.0505562,-0.0124661,0.00204425,-0.0629921,
0.0997417,-0.11924,0.0710668,-0.0042778,0.0653802,0.126497,0.130818,0.00664404,-0.0464567,-0.0700152,-0.0823271,0.0721942,0.0942116,0.0654782,-0.0833034,0.103832,0.176411,0.0224809,0.0716342,0.0180628,0.00749359,-0.0378977,-0.0959842,-0.083596,-0.181629,0.0980003,-0.0519725,-0.124069,0.0715308,-0.0207087,-0.122246,0.0879929,
-0.123855,0.00720253,0.0559625,0.156525,-0.0818814,-0.0662187,-0.0847839,0.0710052,0.000512354,0.0522222,-0.114555,0.0371067,0.167698,0.126396,-0.0744436,0.00419796,-0.00668389,-0.0107996,0.130157,-0.048618,0.104693,-0.031637,-0.0266352,-0.0969707,0.1037,-0.0925106,0.101276,-0.088229,-0.00644809,0.170127,0.078905,-0.0546134,
-0.0712003,-0.0700959,-0.178526,-0.0650662,0.000547483,0.32216,0.00230378,-0.112467,-0.0589676,-0.128249,0.167325,0.222432,0.0852755,-0.020229,-0.220849,0.113774,0.0494245,-0.0615258,0.0505575,0.00186622,-0.034302,0.0718027,-0.0504791,0.115156,-0.0388404,0.00364703,-0.135486,-0.19798,0.211822,0.134042,-0.115391,0.176526,
0.263469,0.155423,-0.123456,0.0371871,-0.107718,-0.0121323,0.0691666,0.00284396,0.0442309,0.241332,-0.0573008,-0.0149872,0.0675355,-0.0698545,0.0302523,0.0896995,-0.0264576,-0.153498,-0.0195166,-0.138153,-0.0423228,0.259959,-0.135146,0.237858,-0.0145128,0.0469721,-0.0237018,-0.198091,-0.126392,-0.088401,-0.121231,0.164511,
-0.100879,0.0980914,-0.0302304,0.0850697,-0.0196204,-0.00576111,-0.142361,-0.0238852,0.0531949,0.0792474,0.0374805,-0.096839,0.154255,0.102615,-0.054161,-0.0843551,0.0203306,0.0713429,0.122222,0.0519166,0.0403581,0.0437224,0.165608,0.0831965,0.063307,0.0249624,-0.0603995,-0.166881,0.140044,0.157014,-0.0154892,0.175048,
-0.0769376,-0.00512339,0.0188428,0.225381,-0.0664155,0.188121,-0.187747,-0.127673,-0.00530509,-0.0689657,0.213591,0.067845,0.117764,0.0270203,-0.0218276,-0.00339657,0.0204394,0.0024361,-0.0775821,-0.0746532,0.0211347,0.108816,-0.118727,-0.0880791,0.0300121,-0.0894694,0.0811422,-0.184769,0.0596853,-0.157019,0.0729908,-0.00429874,
-0.0298603,0.112942,0.0481283,0.0198777,-0.0417596,-0.0213151,-0.171541,0.179431,-0.0113782,-0.0477404,-0.184814,-0.016298,0.106818,0.0248674,0.00032719,-0.0779501,-0.161286,0.0279742,-0.106323,0.144973,0.138845,-0.0137837,-0.0733334,-0.0397976,-0.118287,0.227986,-0.170852,0.019879,-0.107896,-0.256889,-0.0445877,0.117086,
0.0574127,-0.0244393,0.152978,0.0900263,-0.124758,-0.110614,0.0571474,0.0743444,-0.0908911,-0.0788258,0.0642786,0.0489762,0.0928404,-0.0868939,-0.0185744,-0.0947759,0.135014,-0.0254493,-0.301973,-0.23141,-0.0038812,0.0541351,0.0375457,-0.0342334,-0.0297222,0.0849653,-0.00034981,0.0344353,0.0939843,-0.00843049,0.0600611,0.0611178,
-0.0318807,0.0407929,-0.0557609,-0.151425,-0.0348689,-0.0830473,-0.103544,-0.0632849,-0.152934,0.257446,0.0711366,0.0205592,0.102986,0.135318,0.267189,-0.0739625,-0.017423,0.0193878,0.0484824,0.014454,-0.011182,-0.00573253,-0.0948383,-0.0156066,-0.123657,-0.191606,0.163264,0.165004,-0.0331653,0.0720046,0.174806,-0.0606382,
0.0890721,-0.0126254,0.0659746,-0.0171682,-0.0265673,-0.173615,-0.0414225,0.0580412,-0.0431579,0.118762,-0.200049,0.0178621,0.0108159,0.0648276,0.0689645,0.0286091,0.24645,0.183904,-0.0518116,0.0983832,0.0999354,0.0214412,-0.050614,-0.0499913,-0.0672746,-0.0443791,-0.0698171,0.248411,-0.0313979,0.119022,0.123894,0.13688,
0.0500303,0.0410109,0.0321519,0.0564748,-0.0222805,0.112105,-0.0740643,-0.0562812,0.210133,0.0371698,0.0388346,0.145592,0.298966,0.0942232,-0.143703,0.00705686,-0.00937889,-0.0251281,0.00713977,0.0458541,-0.00487995,0.237748,0.0266113,0.0687386,0.0984964,-0.0130676,-0.0164804,0.168552,0.0600177,-0.0747142,0.0290517,0.22764,
-0.0797001,0.121186,0.121154,-0.044642,-0.0795678,0.0154557,0.00156525,0.150182,0.173326,0.0492709,-0.0287911,0.180038,0.0957519,0.0878928,-0.0959718,-0.00902821,-0.00857146,-0.177461,-0.116889,0.0446051,-0.0435757,-0.0245892,-0.0760199,0.102221,-0.282402,0.0645536,-0.122773,0.0707052,-0.144261,-0.102752,-0.0546757,-0.034198,
-0.0985022,0.0880611,0.143272,-0.103585,-0.151745,-0.0409654,0.10159,-0.0213002,-0.0757944,0.0656735,0.156173,0.117261,-0.0473735,0.0338357,-0.222724,0.0448369,0.0355114,-0.0444724,-0.0952409,-0.00174955,-0.0406743,-0.00361481,-0.264598,-0.0876756,0.108392,-0.169383,0.0483397,0.129168,-0.0250565,-0.110061,-0.0528551,0.0566781,
-0.00313857,0.0717992,0.0652644,0.0857041,-0.150536,-0.212694,0.177472,0.0313319,-0.156339,0.10067,-0.147665,0.0313297,0.0831837,0.202751,-0.123733,-0.046222,0.284114,-0.192446,-0.0689752,-0.16712,0.166936,0.0724014,0.0311288,0.0075936,-0.107644,-0.0539288,0.10166,0.102191,9.9736e-06,-0.144206,-0.0714068,-0.0495188,
-0.0404483,0.114802,0.0435291,0.177135,-0.0408143,0.118901,-0.0630641,-0.0702872,0.0218287,-0.0768778,0.0126287,-0.0376504,-0.164446,0.0150413,-0.169452,-0.0828392,-0.296318,-0.00658882,0.139931,-0.128864,0.0404193,-0.0138612,-0.145019,-0.0576095,-0.0902963,0.140323,-0.0525009,0.0556985,-0.086907,0.0195722,-0.05437,0.123087,
0.219084,-0.0775939,-0.205237,0.0398586,-0.0602745,0.0423453,0.0548632,0.0885088,0.137982,-0.353674,0.0179057,0.005522,0.0840578,-0.0497526,-0.00165691,-0.0992157,0.161455,-0.148527,0.0578431,0.0139016,-0.10992,0.0486277,0.0848645,-0.0615894,-0.131526,-0.0133488,-0.0883007,0.0850577,0.0976205,0.0860858,0.0180621,0.065309,
-0.00405349,0.096774,-0.0339387,0.0691926,-0.166173,-0.0011744,0.0771513,-0.0665378,-0.0389306,0.147629,0.0474954,-0.0983329,0.142918,0.0168694,0.0157654,-0.0183667,0.181846,-0.0161476,-0.0609733,-0.0789645,-0.107687,-0.302963,0.0240991,0.226833,0.199934,-0.192215,0.165839,0.212845,0.096632,-0.0121478,0.0762936,-0.0706551,
0.109555,0.0822756,-0.0515016,0.0345304,0.151234,-0.222215,0.042797,-0.214879,-0.0316664,0.0363056,0.166124,-0.0220277,0.0693689,-0.0635662,-0.0940927,0.0562994,0.0593587,0.229718,0.0674481,-0.0841417,-0.175464,0.00227705,-0.169226,0.0351494,-0.0176589,-0.11694,0.237436,-0.0323031,0.0164777,-0.243355,0.051995,0.0313912,
0.107401,-0.0602209,0.0190786,-0.0185063,-0.180576,0.0769676,0.150429,-0.100599,0.10707,-0.00420982,0.0787686,-0.0287035,-0.0354488,0.0162712,0.144893,0.156508,-0.0744462,-0.0354707,-0.260752,0.0911918,-0.00719698,-0.0141028,0.0314452,0.0293844,0.0524811,0.147761,-0.0885157,0.0888048,0.0893628,-0.203564,0.102088,-0.105664,
0.0736891,-0.0201135,0.225691,-0.0163466,0.125108,-0.0346206,0.047996,0.0886347,-0.000641792,-0.122433,0.0294939,0.0995656,0.0313413,-0.0172017,-0.0291925,0.0858337,0.0851734,-0.304176,-0.0626678,0.0993059,-0.0475605,-0.0853554,0.17285,-0.169421,0.133806,-0.0690896,-0.0312996,-0.162703,0.166366,0.0771301,0.0599351,-0.159008,
-0.0391547,0.0625114,-0.0671116,0.0924734,-0.0480202,-0.131331,0.00574043,-0.0338542,0.179717,0.176265,-0.0363826,0.0843452,0.0546211,0.299007,-0.125404,0.138867,-0.234122,0.0877254,-0.111339,-0.215886,0.00354622,0.0260144,-0.218119,-0.0589642,0.24432,-0.265244,-0.110812,0.112041,-0.0472984,0.157515,0.0112161,-0.0378331,
0.0151628,0.0390522,-0.112729,-0.00954191,-0.0207555,-0.0504186,-0.0294612,0.157734,-0.0628494,0.0265305,0.0283208,-0.0595404,-0.0310495,-0.0875296,-0.0179453,0.0282076,0.105254,-0.021054,0.00179096,-0.110977,0.236011,0.0606226,-0.0697688,-0.000307162,0.00550949,-0.142743,0.0964846,0.104365,0.126288,-0.103322,-0.185672,-0.063956,
0.0815501,-0.0964437,0.155836,0.0588822,0.0901944,0.0714292,-0.0158048,-0.0382229,-0.0521608,0.00257456,0.0802294,-0.0814172,-0.0474606,-0.0126733,-0.199809,0.0713993,-0.00481762,-0.0205909,-0.247775,0.0830612,-0.0520813,0.0978345,-0.0251997,-0.16188,0.0497595,0.0285397,0.160325,0.108752,0.108573,0.103593,0.0263624,-0.160588,
-0.172926,-0.0691764,-0.0439686,-0.0417471,0.20099,0.0732581,-0.00754288,0.190124,0.123595,0.0770028,-0.0370364,-0.0871616,-0.0996635,-0.00377871,0.0362387,-0.0282322,-0.141961,-0.139708,-0.04922,-0.120824,-0.0504407,-0.0395009,-0.00981212,-0.24731,0.00948926,0.133753,0.0922842,-0.165322,-0.0528009,-0.117481,-0.0393388,-0.00898201,
-0.0336272,0.00256591,-0.0122361,-0.123892,-0.0311462,-0.143231,-0.0965759,-0.0545935,-0.0857987,-0.00967256,0.210234,-0.023877,0.16799,0.0571713,0.0290384,0.149094,-0.0644744,-0.109813,-0.032463,0.0547561,0.0132385,0.00411155,0.141923,-0.0534849,-0.0727372,0.0353426,-0.103666,-0.078777,-0.0610041,-0.0727858,-0.209178,-0.21493,
-0.123068,0.325386,0.0706042,-0.0302715,0.0979428,0.0899391,-0.0925472,-0.0223297,-0.0725101,-0.113691,-0.195981,-0.125028,0.193247,0.123554,0.0216857,-0.112514,0.0665487,0.0500901,0.00828619,0.00327994,0.101114,-0.0323381,0.140708,-0.153833,-0.0881914,0.114473,0.195455,-0.127929,0.196508,0.0431011,-0.168319,-0.000251744,
0.0110037,0.0356102,0.0791813,0.043766,0.170967,-0.121169,0.0233453,0.0219071,0.0483709,-0.114276,-0.0506988,-0.0570308,0.0487913,0.28152,-0.0860965,-0.206956,-0.0679741,0.171063,-0.105002,-0.0610725,-0.00528397,-0.0211699,-0.112109,-0.0670815,-0.164448,0.181454,0.0528149,-0.145964,-0.00907334,0.07586,-0.0049237,-0.176091,
0.0388479,-0.134092,0.00630696,-0.11211,0.131686,0.196638,-0.0429234,-0.108108,-0.17681,-0.0455545,-0.0810264,-0.0965962,0.121591,0.00982985,0.0646319,-0.126736,-0.00483783,0.208208,0.0396292,-0.129496,0.261417,0.00385878,-0.0883551,-0.129111,-0.0978955,0.0503656,-0.0266913,-0.18617,-0.0969381,0.167606,0.0636047,0.0598972,
0.0782603,-0.0180176,-0.00646117,-0.143432,0.0283552,-0.0536526,-0.0253354,-0.0930631,-0.100742,-0.0837727,-0.0139387,0.214558,0.179181,0.0778349,-0.121155,-0.0987872,-0.164362,0.0900588,-0.134167,-0.119178,0.00490736,0.136097,0.0119232,0.0376083,-0.235581,0.109627,0.0780577,-0.259559,-0.0245174,-0.148644,0.123601,-0.113199,
0.0148918,0.123093,-0.0267843,-0.129522,0.0145561,0.168482,0.119038,0.0440634,-0.0306584,0.0041859,-0.138314,0.0812538,0.0606124,0.135754,-0.20948,-0.0485486,-0.0246258,0.0186462,0.212476,-0.0609359,0.0843432,0.160813,-0.110904,-0.0355212,-0.0589864,0.163884,-0.02354,-0.184491,-0.0662659,-0.00314747,0.0609125,0.0967983,
-0.126963,0.00249373,-0.186733,-0.0624782,-0.0626012,0.18012,0.0282309,0.0842089,0.0947932,0.080297,-0.153566,0.13476,-0.035841,-0.00509906,-0.0842089,0.0910779,-0.152172,-0.0292587,-0.165258,-0.105159,0.0178424,0.0825685,0.052604,-0.065219,0.031431,0.0245179,0.0454606,-0.287018,0.0571256,0.0773966,-0.0446446,-0.0498806,
-0.118788,-0.0355017,-0.137507,-0.0157639,-0.0688476,-0.0781972,0.00181018,-0.129041,-0.100237,0.00790668,-0.0752871,0.268469,0.0463338,-0.0983548,0.0550787,0.166628,0.17287,0.00265054,-0.127848,0.0997324,0.124141,-0.0631872,-0.165502,0.095319,0.0754795,0.105333,-0.0818457,0.0167257,-0.113373,-0.00187206,0.0873479,0.242337,
-0.322269,-0.0465675,0.100034,0.0364504,-0.0546436,0.0322653,0.0307028,-0.0602162,-0.0412324,0.0785392,0.0579486,0.0276703,0.00688967,0.00914333,0.217813,0.00503477,-0.00540369,0.0580576,-0.179559,-0.0113748,-0.121496,0.00410485,-0.00789029,0.0182436,0.203887,-0.111048,0.0665047,-0.234962,-0.0182429,0.0591445,0.0172488,-0.286915,
0.0345915,0.00840625,0.0706238,0.105637,-0.170642,0.239639,-0.0605873,-0.0909787,-0.0666465,0.0180653,0.0797048,0.0335031,0.143704,0.0499196,0.0175117,0.0311084,-0.0277199,-0.181329,0.0130428,0.0783898,-0.0699131,-0.0130789,0.0787386,-0.0878351,0.0969067,0.0451526,-0.0149593,-0.0828335,-0.0545025,-0.145871,0.107519,0.067262,
0.098799,0.226929,0.140143,0.0237453,-0.207535,-0.0291519,0.121889,-0.011927,0.112981,0.10443,-0.0821463,-0.0160316,-0.129821,0.182101,0.0654391,0.0593372,0.110818,0.0623805,-0.0616524,0.0692219,0.0198982,-0.0164475,0.0179571,-0.126476,0.00296402,0.0287001,-0.0231548,-0.0756327,0.105913,-0.0800229,0.0577348,-0.0703106,
0.000538852,-0.148919,0.0365132,0.103318,-0.0571195,0.0142591,-0.100886,-0.0550096,-0.155974,0.0679155,0.0181772,-0.082922,0.168761,0.0754866,0.178519,0.296167,0.0342284,0.0683103,-0.024664,0.152265,0.183107,-0.0553525,-0.0699129,-0.163442,0.0636532,-0.110124,-0.0230556,0.0749533,0.150257,-0.00444458,-0.0224181,0.0480324,
0.052965,0.0508024,0.0678889,0.167168,-0.0331053,-0.0820515,-0.0449321,-0.0426702,-0.100064,-0.058098,0.0435894,-0.0274673,0.0566508,0.0502079,-0.0485177,-0.108627,0.0205169,-0.0190707,0.0984616,0.0661612,-0.186806,0.117564,-0.12022,0.0358723,0.0479366,-0.0933852,-0.065281,-0.0548382,0.014774,-0.186398,-0.0191134,-0.0829341,
0.104671,0.0207723,0.237014,0.137887,-0.0988196,-0.140168,0.0268437,0.00626423,0.0126068,0.127285,0.00759918,0.0760285,-0.0797531,-0.00321278,-0.0542675,-0.0687383,0.0684889,0.103491,-0.169249,-0.0849493,0.0740529,0.160823,0.0256896,-0.101639,-0.0276853,-0.0315199,-0.0462691,-0.00765539,0.054262,0.0360841,-0.230936,0.00687913,
-0.0287309,-0.144179,0.0719776,0.0595608,-0.13321,-0.140641,0.00639807,-0.108902,0.033728,0.0244473,-0.175594,0.0994677,-0.0609543,-0.000459831,-0.0984152,0.0797128,-0.0164192,0.0722301,0.0903899,0.0329038,0.115739,0.176599,-0.155744,-0.117189,-0.0755347,0.0508128,-0.182303,0.049753,-0.0482556,-0.0671602,-0.03126,-0.0460933,
0.0800384,-0.0368858,-0.00509946,-0.121026,0.0398829,0.119461,-0.0522719,0.0903054,0.120505,-0.176965,-0.0302851,-0.138596,0.00548906,0.0700039,-0.0724759,-0.0197726,0.0492107,0.0259692,0.000117284,-0.0922778,-0.045395,-0.0554633,-0.197297,0.166652,-0.199145,-0.0594276,0.0467297,0.162496,-0.0164756,-0.160571,0.0057343,0.0373268,
-0.109076,-0.0406755,0.217155,-0.0691159,-0.0411963,0.0461705,0.0013311,-0.0388688,0.0853553,-0.0508223,-0.0661386,-0.0454945,-0.0405746,0.0567829,0.0784244,0.0989477,-0.0523203,-0.0654705,0.256973,0.0165956,-0.0978254,-0.0404758,-0.169111,0.121656,0.0224573,-0.109519,-0.168758,0.0396052,-0.0492468,0.156407,-0.0242667,0.0295391,
-0.187437,-0.197896,0.00353501,-0.0509947,0.0306305,-0.0164369,0.0936397,0.0180367,0.0567699,-0.0324579,-0.0617547,-0.0916692,-0.137608,-0.0442332,-0.0772672,0.138033,-0.327843,-0.166239,-0.0921586,-0.0652792,-0.0870212,-0.11665,-0.0234739,-0.205472,-0.00617657,-0.0113832,0.0186972,0.058741,-0.00227078,-0.0892665,0.00916188,0.151589,
0.0482046,0.0626895,0.0564035,0.0160399,0.0187766,0.0128606,0.100466,0.141154,-0.130795,0.0262494,-0.0418,-0.0864392,0.0247319,0.026679,-0.0224518,0.043859,-0.0554882,-0.00521113,-0.0942459,0.0645153,-0.0848821,-0.260333,-0.132413,-0.0407141,-0.114901,-0.00541676,0.0618195,-0.0989589,0.0503768,-0.105608,-0.0977641,0.0804504,
-0.0801435,0.141915,-0.0341411,0.00617316,-0.0464211,-0.0132409,-0.0670474,0.055803,0.115145,-0.081415,-0.0168652,-0.0659698,-0.0278091,-0.127854,0.0932565,0.0761838,0.0740887,-0.0789328,-0.0645935,0.0741241,0.161862,0.214316,0.217619,0.108979,-0.196156,0.0701055,-0.00718528,0.0306077,-0.0821283,-0.12932,-0.0759844,0.062204,
0.0220679,-0.0847481,-0.11676,0.0255233,0.117945,0.0204392,0.0575559,0.0371571,-0.0181937,0.0924004,-0.0476501,-0.0616091,0.0445014,0.154999,0.0443845,-0.0219447,-0.0239494,0.218428,-0.00495595,0.0634076,0.00350722,0.0112683,0.100059,-0.0253603,0.0848691,0.146977,-0.00625316,-0.0290797,-0.145532,-0.0597617,0.03776,0.0827451,
-0.203631,0.0147863,0.0869689,-0.00902261,0.0891895,0.0486838,0.0430864,0.108675,-0.0733696,-0.133408,-0.0789331,-0.025836,0.0712258,-0.0283482,0.013782,0.062177,0.0549029,-0.160806,0.0297212,0.0907189,0.0965604,-0.129537,-0.133336,-0.0169702,0.0376697,0.0527593,0.0459769,-0.060884,0.003233,-0.0474413,0.024679,-0.122188,
0.0281826,-0.0273996,-0.0305071,-0.310841,0.0981556,-0.0382104,-0.0886373,-0.125726,-0.0763314,0.080767,-0.0948293,0.203911,-0.0478152,0.146299,-0.120513,0.144794,0.00831414,-0.121558,0.060957,-0.0244893,0.0769329,-0.0957614,0.0402454,0.234528,0.0467444,0.233156,-0.201525,0.0905027,0.0812628,-0.105524,-0.0833127,0.0549165,
-0.00330731,-0.0154411,0.221268,-0.0835339,0.078918,-0.116633,0.136503,0.0467514,0.12613,0.0436133,0.0582531,-0.122565,-0.0927697,-0.0221453,-0.116343,0.100998,0.000662717,-0.0890064,0.00293392,-0.0513001,0.0408079,0.115521,0.0491266,0.143982,-0.118372,0.153572,-0.0173385,0.105611,0.0879653,0.0781813,-0.0394345,0.12763,
-0.0682075,0.0759202,-0.0141905,-0.0345205,-0.0591325,0.015153,-0.109019,-0.0252858,0.137554,0.0662751,0.0182649,-0.0191992,-0.121973,-0.0439827,0.0579334,0.0280341,0.0631006,-0.267128,0.216534,0.119384,-0.0414134,-0.145932,0.0704035,-0.119066,0.0391435,0.0134127,0.0540294,0.114238,0.144173,0.0146021,0.102221,-0.146449,
0.0796507,-0.204754,-0.0231226,0.0881548,-0.113619,0.0226657,-0.0153428,-0.156621,0.0599172,0.0117256,0.15762,0.182883,0.0776761,0.0530025,-0.0639947,-0.0544763,-0.211797,0.0925691,0.132036,-0.0950393,0.0778782,0.137816,0.0557307,-0.0145777,-0.159416,-0.00434714,0.0168135,0.034679,-0.0293169,-0.0824891,0.144835,0.109612,
-0.12515,0.00579494,-0.189275,0.0874708,0.0536668,-0.0764936,-0.0663536,0.0684865,0.00976137,0.0775784,-0.048098,-0.0232537,0.086001,-0.114415,-0.0647778,0.0361598,0.0175516,0.0518586,-0.000660741,0.053724,0.0895275,-0.153132,-0.0496594,-0.202435,0.163532,-0.0516994,-0.0187186,0.0205128,0.046193,0.0929093,-0.046695,-0.102973,
-0.134189,0.171178,-0.111659,-0.0514352,0.0354521,-0.00518591,-0.113598,-0.000376017,0.202797,-0.0862699,0.051577,-0.205302,0.113653,-0.0674745,0.0543941,0.140921,0.0138036,-0.0170112,0.018019,0.0494781,-0.0978347,0.145357,0.0396341,-0.254997,0.0721877,0.210192,0.105077,-0.0441031,0.126792,-0.183581,0.0415557,-0.112856,
-0.0597862,-0.0106377,-0.0347532,0.0807887,0.260047,0.0759505,0.0919344,0.104778,0.0245437,-0.0214389,0.050109,-0.236075,-0.173684,0.201443,0.0994539,0.155253,0.137802,0.0186731,-0.135122,0.0809715,0.0384213,0.111273,0.0344453,-0.194562,-0.13377,0.0471936,0.151061,-0.0807656,0.0413434,-0.0135891,-0.148737,0.106184,
-0.130914,-0.00672363,-0.069943,-0.027847,0.0334766,0.0767615,0.0252975,0.026557,0.158572,-0.0590942,-0.0541871,-0.0110451,0.104756,-0.0251555,-0.156674,0.00400189,-0.0985619,0.145094,0.0250885,0.0821495,-0.074544,0.175317,0.190565,-0.0810989,0.0801458,-0.00585774,0.191549,-0.105883,0.0879902,0.0411735,0.0210116,-0.0697446,
-0.125805,0.135828,-0.0179498,0.01864,0.142298,-0.0249179,-0.0353857,-0.0385803,-0.0371643,-0.0884483,-0.00499441,-0.025981,-0.159187,0.103782,-0.000165451,0.00901391,0.0660883,0.0330176,-0.0476842,0.171097,-0.161938,-0.139209,-0.0573897,-0.131284,-0.129555,0.0977139,0.0652747,-0.285094,-0.108616,0.0841666,-0.0490271,0.0564967,
0.0177502,-0.128386,-0.0163815,-0.0851452,0.241834,0.00831184,0.14664,-0.185359,-0.0441648,-0.167457,-0.191255,0.0277718,-0.0288503,0.252418,-0.0473157,0.033942,-0.0824401,-0.0684666,0.0963196,0.0337857,0.0511571,0.148175,-0.0817322,-0.0101286,0.156183,0.326921,0.140019,-0.183581,0.0326801,-0.00852077,0.00928313,-0.176794,
-0.105394,0.105641,-0.102678,0.0652637,0.0606612,0.174467,0.112301,-0.0719115,-0.0103919,0.149212,-0.252042,-0.31976,0.188068,0.130134,-0.0266262,3.81007e-05,-0.0921173,0.169888,0.0094394,0.088225,0.00343807,0.0618035,0.210735,-0.04434,0.0921239,0.0693809,0.0386633,-0.284398,0.16605,-0.0802112,0.330943,-0.0606923,
0.106906,0.0537049,-0.106343,0.0408803,-0.148253,0.161541,0.0928675,-0.00283826,0.031302,-0.0232883,-0.125478,-0.114304,0.0814713,-0.0771647,0.0272202,-0.0290454,-0.182078,0.0785428,-0.0383539,0.0098797,-0.100524,-0.015322,-0.098937,0.0624586,-0.0895447,0.120784,0.0189408,-0.12401,-0.0360304,0.11343,0.0440473,-0.0998604,
-0.10097,-0.0548781,-0.120933,0.0172939,-0.155995,0.335112,0.125777,0.139017,0.0529315,0.0914643,-0.0422699,-0.162366,-0.0425141,0.137079,-0.17039,0.031549,-0.00691555,-0.13923,-0.123182,0.0789943,-0.111228,0.0608904,0.0783305,-0.00600239,-0.0535561,0.0355179,0.0274594,-0.146719,-0.186794,0.0836535,0.252761,0.0172025,
0.0151687,-0.0303414,-0.0769371,-0.0479458,-0.165145,0.0314624,0.0189753,-0.097351,0.0617425,0.0730309,0.12419,-0.173331,-0.144163,0.0293689,0.0933935,-0.0175155,0.0198341,0.0118798,-0.0973764,-0.306189,0.0167298,-0.18864,-0.00235855,0.00309001,-0.0162627,0.0795781,-0.0918784,-0.167833,-0.155796,0.123945,-0.0403766,-0.195264,
-0.0482264,-0.119386,-0.176601,0.142766,0.0396888,0.0605585,-0.0733751,-0.146575,0.104007,0.071082,0.0864425,-0.0720359,0.0075451,0.00427051,0.0200531,-0.0998432,-0.0169099,0.0995001,0.0715716,0.0823998,-0.000459699,0.0221969,0.180108,0.131411,0.0322919,-0.0670445,-0.0956781,-0.0939764,-0.0999326,0.0581705,-0.129899,0.0123602,
0.112913,-0.04349,0.128594,0.121324,-0.0310701,-0.11169,0.0348565,0.0696938,-0.0536284,0.000802644,-0.0497943,-0.175266,0.183734,0.105121,0.128827,-0.0247827,0.086806,0.145288,-0.096746,-0.0599361,0.0364121,-0.00217315,-0.00961642,0.0613294,-0.117549,0.00550361,0.049435,-0.0296269,0.0921454,-0.180047,-0.0218766,0.153184,
0.0312117,-0.0542609,0.0711933,0.165963,0.0165621,-0.0658837,-0.162531,0.101601,-0.0872824,0.0281253,-0.0160313,-0.0463936,0.0647724,-0.118496,-0.0720687,-0.00173888,-0.207783,0.0437112,0.00681716,-0.0150051,-0.0279257,0.102049,-0.00750944,0.190565,-0.0704908,-0.0204251,-0.028104,0.147974,0.0745055,-0.199805,-0.0687979,0.131441,
0.142874,-0.0292683,-0.0957303,-0.130022,-0.159644,-0.192125,-0.0828746,0.155898,-0.294166,-0.0374645,0.283012,-0.159016,-0.0069196,0.199938,-0.00993704,0.233507,0.0682769,0.0245722,0.0664041,-0.105345,0.00315665,-0.111827,0.0494153,-0.220797,-0.0599527,-0.148383,-0.207894,0.00181729,-0.256384,-0.065461,0.0355454,-0.0793573,
-0.0147046,0.0353695,-0.00205718,-0.00412828,0.0323509,-0.159362,-0.0275407,-0.0192166,0.131349,0.166706,0.107717,0.00716242,0.110631,-0.0516303,-0.0814591,-0.0732794,0.121514,0.020462,0.0589753,0.0272553,-0.0239325,-0.0811498,-0.151067,-0.15845,-0.0304276,-0.0449991,-0.067647,0.00468123,-0.0538858,0.135472,-0.108791,-0.0768131,
0.0374819,-0.0888832,0.0774822,0.078728,0.0517241,0.0961331,0.0204992,0.135848,-0.136098,0.0663211,-0.0381369,-0.0219196,0.102142,-0.00523962,0.00081221,-0.0212669,-0.0431049,0.00258391,-0.00155542,0.0387857,-0.032787,0.0114337,-0.218889,0.0114941,0.0765012,-0.0531958,-0.165634,0.166115,0.0388648,-0.021022,0.00917722,-0.00785162,
-0.155263,-0.332363,0.00403665,-0.0435522,0.0151846,0.0120719,-0.046322,-0.0724764,0.090538,-0.0827637,-0.0136665,0.116375,-0.0351008,-0.00786385,-0.0760255,-0.0571889,0.15482,-0.0586704,0.0979174,0.00110027,-0.101586,-0.076432,-0.0381076,-0.0684159,-0.149001,0.0715912,-0.0650074,0.13073,-0.145105,-0.0278343,-0.211576,-0.124713,
0.0835167,-0.116317,-0.0314898,0.0116848,0.032497,-0.189811,-0.102642,-0.101699,0.0249635,0.0944793,-0.0952298,-0.243137,-0.151862,0.0947236,-0.150954,0.118629,0.160711,-0.0922883,0.124571,-0.030997,0.143392,0.0683293,-0.141001,-0.134275,-0.113172,-0.179436,0.0377188,0.133268,0.0896199,0.0564033,-0.181469,-0.0180657,
-0.0472992,0.217747,-0.0683007,-0.029585,-0.00283987,-0.0055874,-0.0490088,-0.109126,0.148005,0.0388115,0.204128,-0.156586,-0.0232339,0.0635797,-0.169734,0.0429374,-0.255367,-0.00624444,0.0353295,0.15855,-0.139595,0.0809442,-0.081749,-0.19832,0.0129869,-0.0754844,-0.0146345,-0.0909943,-0.105949,0.168884,-0.0698195,0.0686252,
-0.217208,0.00075754,-0.0218983,-0.0205286,0.0674112,-0.15566,0.00836188,-0.0801805,0.151551,0.10269,-0.0642218,-0.0849952,0.0810873,-0.0610365,-0.00978249,0.004049,0.0777636,-0.18202,-0.0438525,0.00655608,0.0657428,0.150497,-0.166568,-0.157142,-0.163473,0.168588,0.0351428,-0.195884,-0.0941883,-0.0591808,-0.0844464,0.0653386,
-0.0614278,0.155033,0.0282022,0.131709,-0.0170535,0.0399735,-0.0765423,0.10746,-0.16796,-0.0460303,0.0458499,0.0639397,-0.114781,0.0367859,0.200745,0.0760567,0.0379483,-0.108254,0.0198512,0.0682153,-0.112074,0.168511,-0.00696639,-0.0893845,-0.00832527,-0.0131739,-0.215288,-0.0629351,-0.0776794,0.108545,-0.0257711,-0.106378,
-0.112126,0.118972,0.00740639,0.00214146,-0.00837333,-0.0348659,0.0518982,-0.024419,-0.0524551,0.0857389,-0.150694,-0.14048,-0.0105118,0.120315,-0.0818454,-0.0582515,-0.146646,-0.0968198,0.012341,0.0519143,0.0918279,-0.0407723,-0.0964786,-0.0948147,-0.153718,-0.0584331,-0.137156,-0.0402252,0.0116296,0.0230297,-0.0896538,-0.0426815,
0.0574792,0.101053,0.0636944,-0.00501002,-0.00415636,-0.307221,0.109052,0.0636621,0.0236276,-0.0996522,-0.0306993,-0.0714082,-0.107633,0.0115768,0.141313,0.00445014,0.0464405,0.0564117,0.0783869,0.0786253,-0.0991988,0.0945115,-0.198553,0.124829,-0.00730022,-0.0489978,-0.0693568,-0.00581024,0.0100827,0.133492,0.105381,-0.114033,
0.125988,-0.0175524,0.0802883,-0.111152,0.304292,-0.0104198,-0.140256,-0.0146889,0.0236036,-0.0456473,-0.0993201,-0.153452,0.0790238,-0.168717,-0.0571595,0.158361,0.176001,-0.380936,0.0825664,-0.0841157,-0.034355,0.0667724,-0.00978977,-0.0656479,-0.000842834,0.0348113,-0.0727216,-0.00172973,-0.21849,0.030422,0.141537,-0.027966,
-0.0890458,-0.0443117,0.151444,-0.00078487,-0.0840371,-0.0177903,-0.0239562,-0.0407713,0.0562106,-0.112117,-0.0601648,-0.0834997,-0.0593651,-0.0758096,-0.0289474,0.189389,-0.130599,0.0793983,-0.191319,0.168475,-0.0804452,0.00609669,0.0323967,0.0580317,-0.164856,0.0255756,-0.0383356,-0.122524,0.0622954,0.0231223,0.0807208,-0.089826,
0.00157541,0.0550344,-0.114623,-0.17874,-0.112073,-0.0734495,-0.0399355,0.0698919,0.0162993,-0.0578282,0.0181287,0.0670963,0.0238551,-0.0293547,0.00832464,0.00734092,0.174455,0.0610706,0.00352685,-0.151151,-0.222551,-0.264421,0.0375978,-0.0527047,0.105749,0.0515593,-0.05951,-0.0117106,0.0688698,-0.00785157,-0.0827641,-0.110607,
0.00778611,-0.0732159,-0.0715127,-0.0120515,0.117117,0.0318504,0.0588099,-0.000444428,-0.0791239,-0.0536565,0.0898186,-0.155308,0.153481,-0.0749434,-0.0114256,-0.101566,0.0616202,-0.0140159,0.165983,-0.158047,-0.0537868,-0.0901278,-0.00122327,-0.169017,-0.0473016,0.0390647,-0.0269351,0.0860572,0.0464323,0.04448,0.0305764,-0.0979245,
0.0632396,-0.134814,0.0493412,0.0758545,0.0540592,-0.0175191,0.0300949,-0.0338288,0.0980065,-0.0715876,-0.097747,0.0624875,0.163635,-0.096518,-0.17555,0.0937998,-0.103032,0.14148,0.139509,-0.0126678,-0.14503,0.122561,-0.0156264,0.115676,-0.0143082,-0.121499,0.166606,0.271285,0.118596,0.044755,-0.0115089,0.189783,
-0.0384705,0.0283042,-0.0970938,0.0900493,0.00367292,-0.0514253,0.0192429,0.0827919,0.070908,-0.00441776,-0.0180721,-0.154703,-0.0192378,-0.0910474,0.018336,-0.0484593,-0.0459448,0.0412844,0.221052,-0.210642,0.0375631,0.0358708,0.132538,-0.19551,0.134915,0.0314561,-0.00692033,0.0291928,0.102428,0.0952019,0.0288245,0.0147037,
0.0603116,-0.0400384,-0.068439,-0.112903,0.102437,-0.0412862,0.12285,0.0671884,-0.00653103,-0.0727494,0.0657406,-0.0314469,0.106875,0.142311,-0.119583,-0.0879517,0.0293643,0.131189,0.0967843,-0.131758,0.0618968,0.0036775,-0.010539,-0.0112496,0.0596638,0.0648934,-0.00939423,0.0507268,0.347943,-0.187515,-0.223584,-0.0171104,
0.0810447,0.0668834,0.00847043,-0.00504755,0.09451,0.0859161,-0.0199908,-0.105656,0.07605,-0.0888848,-0.0993274,0.0206936,0.140975,0.0785879,0.179758,0.113503,0.00968133,0.0419776,0.134951,-0.121482,-0.148846,-0.0432992,-0.0323651,-0.185293,0.185514,0.152141,-0.0464498,0.0720634,-0.0898199,0.143082,-0.0190906,-0.0621904,
-0.0599582,-0.0349294,0.0256473,0.0912221,0.208346,0.0281697,0.227851,-0.0327083,0.00399365,-0.0868216,-0.11378,0.0211637,-0.0452914,0.117042,-0.00238675,-0.181994,0.0214783,0.00204562,-0.0762332,0.0042379,-0.0614645,0.014232,0.0711444,-0.000156273,0.0583169,0.0864618,0.0228628,0.0279138,0.0542467,0.0485018,0.0844592,-0.0804073,
-0.18695,0.0960872,0.0858388,0.0537602,0.0737388,0.164274,0.0475206,-0.0447856,-0.103628,0.0924997,0.0838246,0.0667461,0.194919,0.144096,-0.0129312,0.117396,-0.0441467,-0.0658246,0.146989,-0.071747,-0.0293847,0.19761,0.0188143,0.0565713,0.172042,0.224037,0.13254,-0.0355951,0.0103539,-0.058091,-0.0575659,0.0671385,
-0.195312,-0.113366,0.190906,-0.0600859,-0.0145923,-0.0614328,0.138755,0.00487521,0.100001,0.0286043,0.0807609,0.116597,-0.0183933,0.0718071,-0.190272,0.0820789,0.0345475,0.0119406,0.0117201,0.150372,-0.150056,0.0583756,0.0489176,0.136091,0.074922,0.135142,0.0840321,-0.0506383,0.0462432,-0.018847,0.0321148,-0.0643886,
-0.0105689,-0.0794105,-0.110113,-0.166288,-0.0312253,-0.102502,0.0471415,-0.0461963,0.164627,-0.0206388,0.0216607,-0.299205,-0.172216,0.22835,-0.108046,-0.0915948,0.0739491,0.132943,-0.0235009,0.00788547,-0.0357119,-0.0341083,-0.0339186,0.0081625,0.101228,0.147627,-0.0696523,-0.0553962,-0.108856,0.0480077,0.00730837,0.0774673,
0.060777,-0.0302544,0.00282667,0.0244352,0.0805598,-0.0321409,0.072558,0.0111181,0.0139817,0.0853011,-0.0446652,0.104459,-0.0138788,0.173188,-0.395867,0.052251,-0.0638656,0.062292,0.0319287,-0.0630006,-0.0140078,0.0995433,-0.149086,0.0349845,-0.0387966,0.116641,-0.0349534,-0.0993612,-0.0262844,0.160892,0.126562,-0.0975598,
-0.0442317,-0.222203,0.0873338,0.109543,-0.0547011,-0.152913,0.00112104,0.0277404,0.0972347,-0.00817151,0.164605,-0.153793,0.0137594,0.134533,-0.0842752,0.0725937,0.0226294,-0.00669753,0.0310354,0.14628,0.0233856,-0.00180703,-0.00897573,0.0986995,0.104485,0.0773511,0.0208143,-0.0596412,-0.148831,0.20039,0.146015,-0.00373696,
-0.231958,-0.114925,0.000325633,-0.00264929,-0.191694,0.0733895,0.0528582,-0.0482406,-0.191662,0.0327306,-0.0111441,-0.113446,0.055177,0.0249883,-0.0536063,0.197384,-0.0238726,0.0859027,-0.10087,0.0791499,-0.0162248,-0.0445107,-0.011685,-0.0381697,-0.00902009,0.0553177,-0.0229314,0.000127284,-0.145686,0.188482,-0.0607767,0.0982346,
-0.212442,0.303995,0.0803955,-0.024317,-0.08034,-0.0210881,0.167259,0.00336828,0.198212,0.0316271,0.0916896,-0.00598226,0.0922398,0.0953195,0.00953409,-0.0341525,0.120752,-0.121787,0.00373486,0.0530004,0.090301,0.152339,0.0259393,-0.0600595,-0.0947705,-0.147308,-0.00739458,-0.0601075,0.0273392,-0.00469653,0.0528301,0.0869738,
-0.0811587,-0.0837943,0.0289087,-0.256988,0.12971,-0.0522741,0.0940358,-0.125812,-0.251046,-0.0308396,-0.0351722,-0.116298,0.0119718,-0.211214,0.0641406,0.19093,0.0109906,0.122516,0.0679453,-0.0469775,0.142076,0.0709294,-0.0268547,-0.228544,0.160585,0.0552093,-0.111937,0.0551896,-0.137465,-0.0699934,0.0278535,0.00187121,
0.0741404,-0.025575,0.0144451,-0.0440655,-0.112992,0.0377458,0.0349071,0.0288343,0.0384635,-0.109236,0.0616585,-0.0790764,0.192371,-0.0686604,-0.0369746,0.177487,0.046551,-0.1693,0.211798,-0.00508099,0.028337,-0.0320389,0.0645845,0.00271072,-0.0749536,-0.0849083,-0.0411196,0.0790342,-0.14993,-0.111426,0.0917313,0.0608215,
0.290078,0.0891409,0.13253,0.0872135,0.0127072,-0.0241279,0.0207157,-0.00616661,-0.102558,-0.0446508,-0.155016,-0.13655,-0.0324628,-0.049517,-0.0739219,0.0317612,0.0739513,0.0749461,0.063493,-0.0429306,0.0158595,-0.0782006,0.0173352,-0.00159259,-0.102326,-0.0618018,-0.0705344,-0.10553,-0.00634105,-0.104238,-0.156961,-0.0504233,
-0.0662839,-0.0893537,0.117505,0.0959591,-0.0604111,-0.0325097,0.0310673,0.0914435,-0.0942543,0.161456,-0.0989043,0.0101814,-0.00441501,-0.0517582,-0.0463207,-0.0901188,-0.196789,0.101667,-0.148966,0.0419556,-0.0566489,0.208402,0.111802,-0.00555587,-0.0109639,-0.107037,0.110628,0.041018,0.0570547,-0.0649107,-0.242062,0.114816,
-0.0355052,0.0623318,-0.0248201,-0.053139,0.0419655,-0.127981,-0.108193,0.176553,0.0795743,0.143388,0.0513228,-0.0484106,-0.0179257,0.00540619,-0.137423,0.0904661,0.149644,0.0431833,-0.0549211,-0.0819128,-0.0739634,-0.0167655,-0.115698,0.0211935,-0.0694977,0.0647558,-0.177129,0.195806,-0.0370876,-0.0480589,0.112542,0.165387,
-0.0709302,0.0701912,0.00918258,0.118998,-0.221121,0.0429849,0.104554,0.010602,0.0299886,-0.018241,-0.04324,-0.221224,-0.040632,0.0725676,-0.118919,0.0724908,0.0978317,0.0548304,0.166282,0.0928637,-0.0282568,-0.0615383,0.00835433,0.129365,-0.0749809,0.0714811,-0.0367805,-0.0340738,-0.317296,-0.0316501,0.00914508,0.0861006,
-0.00360728,-0.037062,0.0106265,-0.065388,0.0408661,0.0283024,0.000598436,-0.0449897,0.0780146,0.217686,-0.0648455,0.0268484,0.0997557,0.0884335,-0.0378621,-0.0591364,0.0118649,-0.0215373,0.116916,-0.115879,-0.078253,-0.0345377,-0.0500845,-0.236217,-0.169478,0.10662,0.0237394,0.156364,0.0439707,0.0326557,-0.20608,-0.190462,
-0.00771261,-0.0518364,0.0284235,0.100692,0.0281835,0.0814215,-0.0110709,0.0454126,-0.00755934,-0.0903989,-0.133894,-0.143776,0.108343,0.0142199,0.0375757,0.109108,-0.203896,-0.143995,0.145226,0.0409404,-0.0143033,0.0621233,-0.0703638,-0.0919569,0.0427374,0.154164,0.0369552,-0.183482,-0.0459301,-0.0397444,-0.0353827,-0.0705864,
-0.0712996,0.07471,-0.159269,-0.0599736,0.00608691,0.164591,0.0865194,-0.0934977,-0.0452704,0.119719,-0.100507,-0.0845677,0.0188076,0.150077,-0.0257013,0.127225,-0.0395658,0.144672,0.172492,-0.143084,-0.0125497,0.0641782,-0.169357,0.189105,-0.150273,-0.00585204,-0.0869557,-0.0348439,0.0721563,-0.000296917,0.073596,0.0388286,
-0.108833,-0.0441562,0.112201,0.17988,0.0704448,0.102718,-0.0245589,0.00865609,-0.112578,-0.0517081,-0.0665792,-0.135396,-0.0389758,-0.0160555,-0.0101242,0.0501518,-0.0277941,-0.0875647,-0.043642,-0.0241281,0.00441682,0.0711279,-0.156101,-0.0409648,-0.225672,-0.0787692,0.0350604,-0.014262,-0.159363,-0.182088,-0.0256496,0.138251,
0.0348617,0.0200881,-0.0269931,0.0217067,-0.127356,-0.00605654,-0.000583097,-0.128039,-0.0622275,0.0906854,-0.0320472,0.0276433,0.0172973,0.0924473,-0.0210226,-0.0253032,-0.109808,-0.0157197,-0.140528,0.0595085,-0.0524036,-0.04766,-0.00669777,-0.0581408,0.0421037,-0.0245299,-0.012548,0.0155538,0.173571,-0.0103382,-0.00281163,-0.339512,
0.00498295,0.020873,0.0151102,-0.120383,-0.0741901,-0.169335,0.014749,0.0560739,-0.201001,0.0114099,0.0770768,0.138791,-0.0445824,-0.0164843,-0.0396148,0.0239631,-0.0285447,0.0297258,-0.203178,-0.0542288,-0.100775,-0.116519,-0.0710068,-0.110685,-0.131384,-0.0607854,0.0492753,-0.025112,0.128793,0.151871,0.0852365,-0.1365,
-0.121181,-0.104071,-0.11136,0.0361846,-0.166139,-0.0390538,0.0986425,-0.167932,-0.0160618,-0.0213556,-0.0366862,-0.0266462,0.154201,0.151013,-0.133918,-0.0404511,-0.0432465,0.0448623,0.0825877,0.11602,0.169086,0.132831,0.040603,-0.0721148,-0.0815061,0.0714778,-0.13245,0.125625,0.00675314,-0.000570548,-0.0017649,-0.139493,
0.0260403,-0.159409,-0.0626265,-0.0370179,0.00967413,0.0158576,-0.105239,-0.127932,-0.021265,0.00115295,-0.0971434,-0.09775,-0.0299158,-0.0378636,0.0172135,0.0773917,-0.0956959,0.0940487,0.092346,0.0466207,-0.0917088,-0.184996,-0.167042,0.180603,-0.0269226,-0.054166,0.0781086,-0.0928537,-0.0779614,0.209046,-0.0622238,-0.0370473,
-0.0854933,0.0746354,-0.00917477,-0.164465,-0.0293043,0.0295094,-0.190497,0.119649,-0.133825,-0.00422302,-0.0918356,0.0440422,0.0816262,-0.0732436,0.0215597,-0.0760576,0.0296595,-0.0652877,-0.0483831,0.215251,-0.120406,0.114307,0.0115329,-0.0340534,0.0679975,0.0329882,0.198796,-0.024766,0.00138396,0.233229,-0.283224,-0.00104546,
-0.150917,0.0545606,-0.167171,0.235254,-0.0166907,-0.0995649,0.187805,-0.019071,0.06695,-0.0934826,-0.0293604,-0.0179813,-0.133754,-0.068336,0.0223465,-0.108744,-0.0392045,0.160212,0.29746,0.133779,0.0340227,0.0289405,-0.144015,0.0374406,0.103944,0.101238,-0.0184377,-0.0734206,0.0820048,-0.0195646,0.0444714,-0.139323,
-0.146018,-0.160291,0.132549,0.154527,-0.0206368,-0.141424,0.0182518,-0.101977,-0.0947133,0.0252136,0.0658294,-0.152069,0.019113,-0.00128479,0.190648,0.122515,0.116888,-0.00556536,0.113978,-0.105834,-0.0312305,0.11981,-0.10355,0.0240186,-0.00598446,0.0429615,0.167941,-0.176074,0.272607,0.0648099,-0.0310144,0.0638891,
-0.194962,0.064702,-0.181472,0.0291561,0.121434,0.0356076,0.0417493,-0.127716,0.163873,-0.00143814,0.0129864,-0.205352,-0.0370185,-0.0107091,-0.029421,0.0576618,0.0226429,0.030972,-0.014583,0.00176772,-0.185698,0.15927,-0.225496,-0.121471,0.130257,0.0844014,-0.0317767,0.0233326,0.154715,0.045781,-0.336182,0.128615,
0.0553727,-0.0892124,-0.152115,-0.0323371,-0.178783,0.0275039,-0.259829,-0.0804923,-0.0199539,0.00164553,0.0880301,0.0494517,-0.0606123,-0.0578477,-0.0757622,-0.0779408,-0.0748645,0.0372272,0.17925,-0.00151843,-0.0370815,0.121875,-0.11743,-0.0522842,-0.0631275,0.130441,-0.0175463,-0.150061,0.204613,0.00938152,-0.222749,0.0502316,
-0.0550169,0.0603851,-0.202007,0.0936423,-0.0642097,-0.124783,-0.0208156,-0.119796,-0.0108668,0.0775109,0.13689,0.0453769,-0.0646206,-0.0656527,0.0828945,0.101227,-0.00684797,0.0870748,0.243991,-0.151301,-0.0350268,-0.11922,-0.0114032,-0.193567,0.0885159,0.0985408,0.121611,-0.116547,0.0240061,0.0390005,-0.139849,0.0790454,
-0.153763,-0.155767,0.0039342,0.0169051,0.0717354,0.0569127,0.0626589,-0.0673653,0.0676913,-0.0446675,-0.0814435,0.184423,-0.0163418,-0.0796171,-0.0777653,0.173933,0.0249674,-0.0633079,0.0830103,0.198239,0.0137562,-0.0599622,-0.0760745,-0.244872,-0.00320533,0.0791551,0.00671257,0.0522091,0.0567805,-0.0102792,-0.166779,-0.0942063,
-0.0738076,0.0192351,-0.0220576,-0.176206,0.0156193,-0.0296839,0.0348893,-0.16538,0.287594,0.0142534,0.126154,-0.0107601,-0.0445847,0.151924,-0.270838,0.0874793,0.0330746,0.0542471,0.175947,0.086203,-0.0651941,-0.137663,-0.0496509,0.0858351,0.11685,-0.0639384,0.0971972,0.0887894,0.00675746,0.159091,0.0417632,0.0350868,
0.0564438,0.0215981,0.0758561,-0.11139,0.0846792,0.0665941,0.125251,-0.0236876,-0.0756271,-0.0590286,-0.00565427,-0.156181,0.147391,-0.0794943,-0.00877686,-0.0259647,-0.0472915,0.103046,0.20309,0.018339,0.029648,-0.0481484,-0.0653956,0.227491,-0.103394,-0.00639957,0.207841,-0.00294558,-0.179127,-0.124333,0.101679,0.0511095,
-0.208092,-0.0896162,0.0777316,-0.0138845,0.0493709,-0.172486,0.142194,0.105028,0.0563328,-0.110124,0.0431474,0.0867266,-0.115969,0.115196,-0.0575276,0.103417,0.142959,-0.0231381,-0.0581679,0.0626381,-0.0932961,0.0570694,0.0639466,0.0643893,-0.0682941,0.125943,0.0918507,0.17042,-0.00400392,0.082233,0.103167,0.0324978,
0.0737707,-0.218491,0.0118044,-0.0373487,0.00466528,-0.163911,0.241501,-0.124507,0.0165161,0.022981,0.0456192,-0.157397,0.0308213,0.201051,-0.0590938,0.199841,0.0865888,0.233351,0.0585997,0.177413,-0.0984977,-0.0911536,-0.035736,0.151616,0.135595,0.0307704,-0.0491062,-0.035161,0.259801,-0.0174998,0.0670045,0.0241808,
-0.127509,-0.132117,-0.162366,-0.0161059,0.0285911,-0.0477427,-0.0106403,-0.116069,-0.227687,0.00752237,0.0319477,0.229892,-0.106346,0.254143,0.0171095,-0.05853,0.0632297,-0.111751,0.0425875,0.150386,-0.138982,0.0802063,0.0625443,-0.0634214,0.0736069,0.0706862,-0.0770682,0.0164678,-0.0973617,0.0526113,0.00651904,-0.00920004,
-0.0965704,-0.0759168,0.179082,-0.0199467,0.0168199,0.0103669,0.0990409,0.0105534,0.0317943,-0.103568,0.0923123,0.0635396,0.102216,0.10915,-0.128083,0.140127,-0.0429429,0.21641,0.0062639,0.0774535,-0.013401,0.0474117,-0.047099,-0.111347,0.109011,-0.0425288,-0.0915785,0.103337,-0.0969078,-0.0300428,0.0275962,-0.137881,
-0.0669897,-0.0648562,0.120047,-0.225775,0.061388,0.0397784,0.10159,-0.161545,-0.178282,0.0695295,0.0109406,0.110982,0.0445038,-0.159718,-0.0309628,0.134603,0.0612814,0.0288457,-0.0655751,-0.00503013,-0.207133,-0.00479968,0.0181907,-0.0666633,0.0642481,-0.105013,0.00444487,-0.0169519,-0.101141,0.00222688,-0.0470171,-0.0776316,
0.0869366,-0.0361152,0.0681725,-0.0385963,0.146222,0.0247306,0.0381009,0.0745524,-0.0441479,0.326437,-0.0527369,-0.0641842,-0.0481043,0.0674642,-0.0533171,-0.0244422,-0.00277698,-0.062777,-0.063723,0.050905,-0.000485606,0.0305579,0.000137407,0.0483158,0.0503564,-0.0293327,0.0402432,-0.0659411,-0.0182464,-0.00119827,-0.0993957,0.00769943,
-0.074525,0.0291672,-0.0234266,-0.0662508,0.0818801,0.0611102,0.0436087,0.019655,-0.137621,-0.116753,-0.144451,0.0186103,-0.0082747,-0.0980321,-0.0436989,-0.00530109,0.0359752,0.198469,0.0486989,0.116555,-0.0335418,0.157141,-0.0504818,-0.0256216,-0.180805,0.0183816,0.10681,0.198244,-0.0256763,-0.0321043,-0.0819701,0.0736578,
-0.0562845,-0.0760526,0.230328,0.010912,-0.136348,0.12966,0.0196128,-0.109223,-0.126172,0.161039,-0.228553,0.0741067,0.156426,-0.0593202,0.00145004,0.105027,0.0662299,0.0660169,0.139469,-0.0321494,-0.156411,0.0878806,-0.0611983,0.00135592,0.0256852,0.012475,-0.0429775,0.0457907,-0.02726,-0.0931414,0.0648935,0.0870134,
0.070884,0.106065,0.221107,0.151621,-0.045565,-0.0622842,0.0888091,-0.122097,-0.0740652,-0.0361372,0.077789,-0.0598008,0.103575,-0.201663,0.104201,0.141129,-0.0606981,-0.029045,0.0228328,-0.156938,-0.158794,0.0119032,-0.164754,-0.174166,0.00996929,0.183597,-0.098479,0.0793062,0.245886,-0.146506,0.0424375,-0.0394947,
-0.0413258,0.0657531,-0.077885,0.181477,0.00927851,-0.127387,0.0853972,0.0154785,-0.157122,0.0606645,-0.110264,0.0311549,0.13252,-0.148985,-0.178081,0.0457641,-0.053917,-0.125398,0.144597,0.158587,-0.148365,-0.0854492,-0.304609,-0.124581,-0.117449,-0.0501106,0.0625396,-0.117967,0.0340799,0.0219902,-0.191943,0.186978,
0.01745,-0.113361,0.0975952,0.0837514,0.0624989,-0.014395,-0.0282944,-0.217276,0.0444435,0.135585,-0.21994,0.0699563,0.0350859,0.0232969,-0.0637179,-0.0372585,0.00375904,0.01693,0.0546807,0.121753,-0.0741358,-0.14868,-0.157289,0.166632,-0.0182721,-0.0536736,0.0219145,0.0563626,0.195921,-0.0103756,-0.0585974,-0.0687743,
-0.0425544,-0.0989555,0.0074726,-0.0719112,0.0153464,-0.247156,0.0512716,-0.0267298,0.0896522,0.113498,0.00292859,-0.131512,-0.127326,-0.0609211,-0.116802,0.0441709,-0.084138,0.0332177,0.179099,-0.0733752,-0.100127,-0.0225215,-0.0239279,-0.171817,-0.0629017,-0.0350262,-0.148167,-0.061193,0.0270593,-0.221856,-0.0857198,-0.00144534,
0.032293,-0.0905627,-0.0492961,0.0702203,0.00576059,-0.105769,0.121515,-0.0161543,0.0426645,-0.0297474,0.0294164,0.00561126,0.0715775,-0.0574457,0.0766543,0.00185165,0.0670566,-0.0985805,0.120598,-0.148409,0.0109581,0.152739,0.0401299,-0.0157547,-0.0743918,-0.0518755,-0.0260771,0.104442,0.000677166,-0.0115312,-0.0289023,0.0190547,
0.037181,0.369891,0.0202434,0.0232097,0.0437512,-0.0120743,-0.00969859,-0.0718077,0.0321848,-0.0679811,-0.0197668,0.0814597,-0.0580552,-0.0366541,-0.131567,0.00274925,-0.0937751,-0.0148185,0.133663,-0.0736873,-0.078767,0.00378482,-0.0649949,-0.0611407,-0.126038,0.0674096,0.0481014,-0.109354,0.0730046,0.0446559,0.0647374,0.00420579,
-0.107221,-0.0560809,-0.11161,0.123665,-0.0464901,-0.027556,0.305321,-0.00227919,-0.0761768,0.154057,0.117474,0.109039,0.00269564,0.0263716,0.0499267,0.0989239,-0.142243,-0.157486,0.0920731,-0.0621968,0.065415,-0.0174526,-0.140218,-0.0542079,-0.0849618,0.117866,-0.225654,0.116558,-0.0458917,0.0478154,0.0321938,0.0799637,
-0.0775748,-0.0690988,-0.0320222,-0.0729155,0.0187734,0.121881,0.0871518,0.121257,0.0786812,0.0129753,0.176468,-0.0809181,-0.0689417,-0.0751291,-0.0994296,0.0433301,0.0357562,-0.00163578,-0.0836035,-0.0521512,-0.167427,0.0340049,-0.173776,0.135326,-0.00481029,-0.125618,-0.00227251,-0.0143472,0.0798675,-0.135251,-0.0400923,-0.10395,
-0.0190659,-0.101444,0.0473185,-0.107426,0.0389707,-0.129343,0.12732,0.0409035,0.0427751,0.005827,0.0767391,-0.215211,-0.0243374,0.150656,-0.0731977,-0.317458,0.0383237,-0.0791245,0.025585,0.00440719,-0.0336775,0.149267,-0.0113216,0.209263,0.0323947,0.0371862,0.00253975,0.0760007,0.0079175,-0.015527,0.215018,0.123437,
0.0840067,0.0512092,-0.0762333,0.0646759,0.193367,-0.0132196,0.0427621,0.0668864,0.202808,-0.110158,-0.0659771,0.0374526,-0.113617,-0.272751,0.118511,0.0832524,-0.128918,-0.0298192,0.0868032,-0.0290177,-0.131964,0.0500131,0.0208434,0.0236643,0.0772163,0.0776686,0.138752,0.173346,0.0289843,-0.00296165,0.0097211,0.0207294,
0.0178338,0.00512394,0.0625651,-0.057783,-0.070615,0.0348622,0.0410797,0.14009,-0.0253493,0.0886945,-0.164064,0.0341488,-0.111393,0.0108276,0.0552414,-0.00197868,0.153626,-0.0917437,0.0121165,0.0100101,-0.0425238,0.0153838,-0.0269415,0.00256859,0.0990932,-0.155608,-0.0529132,-0.104546,-0.0750871,-0.00807262,0.0641736,0.0206211,
0.0311403,-0.012412,-0.216981,-0.182244,-0.045994,-0.0429822,0.046365,-0.0848014,-0.0870651,-0.0902096,-0.0758879,0.209245,0.146971,0.0683149,-0.0442607,0.112063,0.025822,0.0879371,0.129752,-0.189528,-0.173811,-0.0998672,-0.010235,-0.0780948,-0.120757,-0.028493,0.177138,0.1292,0.0924005,0.0546447,0.199942,0.0250249,
-0.07399,0.0687276,0.0249284,0.087534,0.0572417,-0.144776,0.216614,-0.137834,0.0699769,-0.044902,-0.104098,0.176622,-0.195745,0.0767455,-0.0293687,0.0691567,-0.138683,0.0740074,-0.0524192,-0.0312737,0.250164,0.0668216,0.0476497,-0.0192815,0.118695,0.0151754,0.0108951,0.129121,-0.052802,-0.164519,-0.0122556,0.0718409,
0.0232454,0.0150614,-0.163368,-0.0904522,0.0130951,0.0546449,-0.118391,-0.181881,0.115617,0.0119627,0.0279075,-0.0690577,-0.015142,-0.0282697,0.0743287,0.162485,0.194575,0.0256276,-0.14921,0.00394258,0.00758638,-0.0773933,0.0599733,-0.112187,-0.167972,0.0881456,0.00321241,0.200965,-0.148073,-0.22577,-0.0182665,-0.102051,
0.0144964,0.0302999,0.0991309,0.035099,0.0722516,-0.115035,0.0338976,-0.0118631,0.0129947,-0.10795,0.0135808,0.0150226,0.162823,-0.0227879,0.0624151,-0.162527,0.0974349,0.0143832,-0.00590709,-0.131434,0.0755594,-0.110773,-0.0342955,-0.0529323,-0.0348462,-0.0746374,0.0348897,0.146991,-0.0526333,0.0290164,-0.133208,0.0272138,
0.140627,0.00525015,-0.168012,-0.0418087,-0.0920356,0.183542,-0.0140945,-0.0493579,0.0736042,0.0206702,0.116463,-0.0989525,-0.00413767,0.0763142,-0.234509,-0.15188,-0.0128292,-0.058653,0.141749,-0.0641735,-0.215351,-0.172621,-0.00431562,-0.056115,0.100215,-0.0303627,0.018627,0.112274,-0.0344451,0.053983,-0.0706971,0.0855173,
0.00451358,0.0493549,-0.0211504,0.0273603,0.173314,-0.209348,-0.0356355,-0.00529039,0.0137598,-0.0242902,-0.19093,0.0101358,0.209001,0.0939291,-0.0564866,-0.00368828,0.028773,-0.0656842,0.205078,-0.0472787,-0.00586188,0.0710966,-0.0352022,0.0450628,-0.118374,0.158515,-0.0327316,0.150008,0.152752,0.0908776,0.0952744,0.0624954,
-0.00069703,-0.188675,-0.0644235,0.0464693,0.0983463,0.0368776,0.118184,-0.163573,0.0406497,-0.0155446,0.126709,0.0487225,0.0381336,-0.0282206,-0.125674,0.0412084,0.0821921,0.188326,0.0728198,-0.113141,-0.129734,-0.0868117,0.0462095,0.195301,-0.0981494,0.141384,0.0406441,0.0914463,-0.0540339,-0.124637,0.0333435,0.0245783,
0.0334715,0.0045615,0.28181,0.0168117,0.105318,-0.0138362,0.143685,0.0126016,-0.150186,0.140172,-0.113405,-0.11768,-0.0509663,0.1055,-0.0770636,0.0681908,-0.0812503,0.0687282,0.109473,-0.0510199,0.178736,-0.00115551,0.0315438,-0.0228876,0.236497,0.0708374,0.102124,0.00530333,-0.0966932,-0.163274,0.0863611,0.0206954,
-0.0659816,0.0316293,-0.0102728,-0.0527973,0.152633,0.0357635,0.0177497,-0.0227383,-0.0489008,-0.0359417,-0.150087,-0.103379,-0.122098,0.094524,0.102065,-0.0771362,0.0820884,0.14612,0.0389562,-0.197863,-0.00029429,-0.0716858,-0.084975,0.0530849,0.0423275,-0.118931,-0.0359925,-0.0996337,0.0507091,-0.0944463,-0.00771341,-0.124849,
-0.0455672,-0.0543912,0.205922,0.0498793,0.229654,-0.10088,-0.0195619,0.177069,-0.130892,0.0987358,0.00881392,-0.035023,-0.0740681,0.0562576,0.0027118,0.11382,0.0848976,0.108379,0.212691,0.0451884,-0.0297961,0.105789,-0.0241084,0.168715,0.0164718,0.128554,-0.0459054,0.121996,-0.0504242,0.0221589,0.0527277,0.0984948,
-0.0943066,-0.0906698,-0.0504693,0.0652242,0.125657,-0.217694,0.12253,-0.0828485,-0.0873047,0.167484,0.0768624,0.0997241,0.0828598,0.163791,0.0933577,-0.0718787,-0.06015,0.0956697,-0.0703616,0.0609026,-0.162732,0.0124672,0.0143422,-0.1592,0.08243,0.00175714,0.206577,-0.0436497,-0.109691,0.160664,-0.116429,0.0907675,
-0.0959537,-0.053289,0.070092,0.0227913,0.0637674,-0.0558628,0.331294,-0.0507357,-0.00685825,0.0116279,0.23274,-0.000793101,-0.0804892,-0.0914993,0.177612,0.144852,0.0349045,0.109771,0.136313,0.0942498,-0.115348,-0.0383295,0.0843332,-0.204727,-0.0660799,0.113226,-0.165523,0.016935,-0.173256,0.157712,0.168661,0.120571,
-0.0358636,0.0962101,0.166697,-0.106292,0.0991377,-0.0812854,0.0950083,-0.0738096,-0.127186,0.150265,-0.0323576,0.0228593,-0.3068,0.094742,-0.029882,0.156934,0.0714423,0.23537,-0.0918728,-0.030729,-0.0466402,0.0704413,0.0772466,0.0543168,0.0480358,0.11628,0.0655237,-0.0279474,0.000578911,0.21496,0.0565451,-0.000227593,
0.10344,-0.141252,0.227244,-0.148001,-0.03413,0.0525331,0.0846718,-0.0295849,-0.0235623,-0.0716598,-0.0685593,0.0768895,0.0711506,0.0568021,-0.113627,0.139178,-0.123622,0.17656,0.0225884,0.15151,0.0117459,-0.0325783,-0.0355594,0.0125068,-0.178025,-0.0193708,-0.0741094,0.231673,-0.0321677,-0.0783954,0.183988,0.0452382,
0.103722,0.0610884,0.0609103,-0.0315093,-0.0773056,-0.123027,0.108747,0.0929509,-0.00103769,0.132721,-0.0540003,0.100766,0.0168994,-0.0651558,0.0607904,0.148285,0.143206,0.17079,0.120875,-0.0525697,0.0232604,0.0791307,-0.0630983,0.00644752,-0.118578,0.0560733,-0.075573,0.0659102,-0.118251,-0.102561,0.0490143,-0.016307,
-0.00994798,-0.106491,0.103132,-0.0880667,-0.243197,-0.214208,0.0698935,0.105115,-0.013655,0.0792933,-0.0203113,-0.155323,-0.0635613,-0.0107319,-0.107898,0.0711395,0.0290865,0.0899254,-0.0521742,-0.226607,-0.00956042,-0.0153189,-0.0535793,0.0216767,0.00373334,-0.0262127,-0.0348331,-0.163735,-0.0469257,-0.0199048,-0.090926,-0.0907271,
-0.0357685,-0.0184759,0.0836082,0.219129,-0.102252,0.102934,0.263061,0.107748,0.0903241,0.101856,0.0623944,-0.046766,-0.262528,-0.216622,0.0749734,0.134285,0.0464194,0.0481495,0.0600693,0.162443,-0.0428317,0.0237192,0.0179935,-0.0600584,-0.24114,-0.330126,-0.190026,-0.0560008,-0.184286,0.0412452,-0.0298824,0.0649175,
0.0214969,-0.0570994,0.049813,-0.060828,-0.0340629,0.00933039,0.0544611,0.00576178,0.01907,0.155298,-0.217171,0.118796,-0.0714507,0.0963459,0.0318208,0.0742397,0.0905673,-0.102705,0.165812,-0.122562,-0.044695,0.119923,-0.109139,0.0249995,0.0472265,-0.0791455,-0.00658313,-0.0193682,0.191069,-0.0112076,0.072573,0.0292406,
0.0145859,-0.0249961,0.0879653,0.0046847,0.0222546,0.0509521,0.0649629,0.149995,-0.0314363,0.19043,-0.208401,-0.0413168,0.0116633,-0.225554,-0.154551,-0.10469,0.000636322,-0.149487,-0.018179,-0.117855,-0.0832537,0.00261898,-0.154341,-0.257901,-0.268956,0.10368,-0.081421,-0.0621492,0.093039,-0.00646018,-0.199858,0.236322,
-0.190268,0.0843209,0.248449,-0.0234683,-0.0346564,-0.134732,0.0620306,-0.123206,-0.0796365,-0.0359659,-0.154883,-0.0493465,0.0487944,-0.114069,0.0127411,0.130147,-0.0686652,0.0185846,0.0826137,-0.181123,-0.160201,0.0204485,-0.208477,-0.0719231,-0.10859,0.094076,-0.175076,-0.0283855,0.150431,-0.108718,0.0297055,0.0103184,
-0.0514364,0.0531298,-0.0428469,-0.134428,-0.164472,-0.139581,0.129709,-0.0112994,0.00262928,0.18981,0.0675109,-0.0420811,-0.0328056,-0.149335,-0.0845574,-8.64977e-05,0.00184521,0.028207,-0.198146,-0.0512521,-0.0519271,0.0237259,-0.02699,0.149686,-0.0713254,-0.050417,-0.0511357,-0.145963,0.134922,-0.0982641,-0.123131,0.0269845,
-0.102851,-0.0186435,-0.0454319,0.0642009,-0.0750422,-0.0722681,-0.0716709,0.0575993,0.0946329,-0.00641483,-0.0860159,-0.20939,-0.124361,0.0267698,-0.0783846,0.04783,0.148012,0.0834777,0.0152873,-0.0574502,-0.0630152,0.0707725,0.146926,-0.116864,-0.0855279,0.132832,-0.0278886,0.0498876,-0.0519348,-0.105956,0.00156264,0.120834,
-0.0575302,0.0490646,0.123702,-0.187782,-0.0402329,0.0453616,-0.0264585,0.0899904,0.125605,-0.12329,0.044845,-0.0236564,-0.040394,-0.0013413,0.0754616,0.148,-0.020311,0.0845406,0.0817513,0.0295923,-0.217109,0.0456767,-0.106357,0.238487,0.0738597,0.00349219,0.0925743,-0.0636821,-0.00783689,-0.0276778,-0.0487003,0.00421548,
0.109338,-0.148724,-0.153792,-0.0628353,-0.0459779,-0.00565796,-0.047436,-0.16088,0.0999732,0.221521,0.0361887,0.074207,-0.0518441,0.0397243,-0.09232,-0.0348306,0.0691387,-0.195781,0.0156417,-0.101085,0.100031,0.0505409,0.10069,0.00406059,-0.0161923,0.0300224,-0.143368,-0.0982778,0.144203,-0.0849047,-0.0919563,0.0851789,
0.0147995,0.0918271,-0.0240531,-0.118298,0.0535969,0.00595116,-0.0441403,-0.247559,-0.11986,0.0218989,-0.0341558,-0.167263,-0.0832732,-0.267751,-0.0571591,-0.139521,0.0982072,-0.163937,0.0331172,-0.0930722,0.206224,0.0855853,0.0186737,0.0356419,0.0158262,0.107575,0.0347043,0.0828571,0.116743,0.00799231,0.0855044,-0.231944,
-0.110734,-0.0913036,-0.0347192,-0.0253788,-0.134004,-0.0629341,-0.047362,0.084948,-0.0466616,0.0819414,-0.0601389,-0.00540764,0.0397674,0.104735,0.224271,0.16369,-0.11442,0.0379781,0.0827193,0.0524113,-0.0673413,0.0839268,0.0462999,-0.0979456,0.0597113,0.247437,-0.0868258,0.0791381,0.00149669,0.0193091,-0.0315365,-0.0939967,
0.036996,-0.127413,0.134185,0.128223,-0.0751447,-0.156167,0.0371156,0.0063007,0.139215,0.0474309,-0.0672527,0.00789097,0.0553941,-0.107399,-0.0641292,-0.156563,0.0750216,-0.0111127,-0.224865,-0.0964778,-0.00188339,-0.0162866,0.0802505,0.0063974,-0.0369987,0.215061,-0.159475,-0.0793588,-0.124071,0.113125,-0.224494,-0.133205,
0.0969607,0.0182692,0.0392725,-0.0673277,-0.152963,-0.0238768,-0.0183156,-0.136638,-0.0668587,-0.0259545,0.0490296,-0.00883928,-0.0723018,-0.0851849,-0.0182277,0.00524398,-0.120312,0.112875,0.00795059,0.190117,-0.101532,0.126195,0.0660847,-0.0322821,-0.040794,-0.0673909,-0.133131,-0.00564616,0.113096,-0.103271,-0.0489694,0.00586602,
7.25982e-05,0.0479219,0.0754349,-0.151943,-0.105868,0.0683478,-0.232518,-0.137085,-0.127049,0.0401909,-0.188987,-0.100711,0.0823398,0.0919252,0.0219462,0.0669176,-0.0340423,-0.0558596,0.110119,-0.132923,0.120571,0.13838,-0.0415603,0.0261244,-0.0469274,-0.0460061,0.132745,0.0363653,0.0664188,0.100008,0.0111913,-0.0854351,
0.198213,0.127779,0.0826455,-0.0132071,-0.173553,0.0151139,0.211397,0.0365827,-0.0305383,-0.0235968,0.048559,0.0178799,-0.0819422,0.0739725,0.0845304,0.0533597,0.0128672,0.0750173,-0.0291592,0.101925,-0.064604,0.0837375,0.0231633,0.134587,-0.029301,0.0582645,-0.0954468,0.12128,0.124229,0.0265807,-0.12438,-0.0742969,
-0.0247026,0.0251622,0.104915,0.0434912,-0.0164432,0.00125294,-0.05485,-0.146236,0.00133614,0.138213,0.0369136,-0.0944268,-0.0610655,-0.22235,0.00035676,0.0479886,-0.054879,0.104248,0.0527267,0.0253024,-0.140121,-0.0299825,-0.0554767,-0.0966534,-0.0299604,-0.0458809,-0.16026,-0.104641,-0.191162,0.0884959,-0.0751108,0.198834,
-0.0397777,0.196488,-0.0148505,0.113807,0.125819,-0.181368,0.116097,-0.0540758,0.0356475,0.0606233,-0.0280073,0.210249,0.0386223,-0.115595,-0.114125,0.00735,-0.00245479,0.0348422,0.0428475,-0.129838,-0.0474642,0.111264,-0.0384218,-0.036294,-0.0518339,-0.0346801,0.0336515,0.0800436,-0.0499672,0.102475,-0.0908589,0.106012,
0.0503308,-0.0313655,-0.172411,-0.111544,-0.134864,0.0866589,0.0936998,-0.0135038,0.0395372,-0.198573,-0.0267379,-0.0619523,-0.0791549,0.061879,0.140789,-0.0667894,-0.0397572,-0.129184,0.118291,-0.107802,0.101607,-0.231828,0.17219,-0.009421,0.0865443,0.0906068,-0.0119443,-0.0323296,0.0396599,-0.0519165,-0.049241,-0.128974,
-0.0455313,-0.164937,-0.0939551,0.118932,-0.073602,0.0979205,0.0914221,-0.142443,-0.110881,-0.0922126,-0.073199,-0.0439481,-0.296382,0.0454809,-0.213014,-0.0644487,-0.0477585,0.096949,0.138783,0.13409,-0.118033,0.0114531,0.0531485,0.0951333,0.0548116,0.00104395,-0.0425203,0.060248,-0.0497897,0.0260711,0.025338,0.060076,
-0.261176,-0.165898,-0.00325552,-0.0736441,-0.00236586,0.143259,-0.033212,-0.0368254,-0.11685,0.06146,-0.121893,0.104295,-0.247006,0.0968178,0.105385,-0.00341162,-0.0636457,-0.0101437,0.20307,0.0566379,-0.159798,-0.00610444,0.0050898,0.163321,0.0275145,0.0555623,-0.0405543,0.0893114,-0.0294539,-0.127461,0.163366,0.0696087,
0.0364484,0.150545,-0.023944,0.127956,0.15532,0.0726779,0.0614112,-0.045607,-0.0237456,0.162092,0.0246729,-0.126949,-0.030267,-0.0247316,-0.0813742,-0.131706,0.00277964,-0.0877503,0.0174232,-0.0352697,-0.0930649,0.0730703,0.149115,0.0690098,0.266296,0.015985,0.0778933,0.125691,-0.00919485,-0.0925895,0.0198614,0.138314,
-0.119333,-0.0669976,-0.171876,0.0493606,0.000376475,-0.171899,0.0960212,0.0428456,-0.0353907,0.0199489,0.0514217,0.0479172,0.0404879,0.0130418,0.0193262,-0.0974503,-0.201642,-0.0588043,0.0948645,0.0861164,-0.170793,0.120022,0.126725,0.0724542,0.0791137,0.074433,-0.136609,0.0154401,0.0656877,-0.0691465,-0.0366152,-0.00933989,
-0.0830386,-0.0570639,0.0495431,0.0707779,-0.0234429,-0.00379262,0.156407,0.0609751,-0.109784,0.0660031,0.168951,0.0986703,-0.106643,0.238125,-0.158659,-0.0525725,0.067612,0.117927,0.159099,0.0424834,0.0950865,0.0363237,0.0515544,-0.105438,0.0372542,0.0052883,0.0167792,0.117456,-0.122203,0.0577916,0.14525,0.0838665,
0.0275735,0.0365853,-0.0111147,-0.0539576,0.158481,0.07682,0.0173579,-0.00338587,-0.266359,-0.270435,-0.0493773,0.0732666,-0.0204647,0.0267873,-0.129041,-0.096354,0.0394264,0.0182778,-0.0486193,0.00353833,-0.252484,-0.14868,-0.0212839,0.0631832,0.0237786,-0.109871,-0.149863,0.102786,0.0596617,-0.0922962,0.0502884,-0.0432701,
0.044024,0.115951,0.0817036,0.212311,0.100797,0.0284569,-0.0203252,0.163637,-0.169492,-0.0150045,-0.0966509,-0.0223262,-0.0345712,0.265801,0.127539,-0.248006,-0.201955,0.161719,0.117768,0.0398006,-0.16422,0.161584,-0.100491,-0.0204208,-0.11722,0.109349,-0.0128034,0.0972824,-0.0757408,0.0780921,-0.250926,0.0492871,
-0.0968081,0.0689758,-0.0269681,-0.0874104,0.0662608,0.0154745,0.0561575,0.0224842,-0.0106175,-0.050613,-0.010227,0.0517268,-0.155143,-0.0355478,0.0675353,-0.117239,0.090303,0.0708345,0.147783,0.0238177,-0.0330895,-0.0126149,-0.0715611,0.0064066,-0.111871,0.0123181,-0.106451,0.144119,0.010043,-0.0643677,-0.0320569,-0.00594789,
0.0204375,0.011761,0.00690776,0.103076,0.00467829,-0.0642365,0.075592,0.035885,0.0507071,0.18888,0.00243956,0.138019,-0.172164,-0.0167486,-0.0793853,0.0231668,-0.0776302,0.102915,0.0609542,0.0188868,0.0289802,-0.058492,-0.0210696,0.0977105,-0.147428,0.00282849,0.101677,0.0447915,0.0709584,0.10244,-0.0460616,0.157824,
-0.0477193,0.10381,0.0967712,0.168719,0.12082,0.0368754,0.0165407,0.125196,0.109345,-0.0801289,0.0261624,-0.149015,-0.265757,0.0102879,0.101642,-0.072421,-0.0183845,0.0129661,0.0671985,0.000552352,-0.238283,-0.0145059,0.00216225,0.12351,-0.00490619,0.101978,-0.194378,0.0670813,-0.134898,-0.0893027,0.0431798,-0.0367246,
0.0308709,-0.00986005,-0.0368071,-0.0926525,0.00994872,-0.00168314,0.046762,0.0432759,-0.141849,-0.128725,0.0100342,-0.123342,-0.0243486,0.00691276,-0.0500588,-0.0539996,0.0388765,-0.0212963,-0.116459,0.0916223,0.101545,-0.140608,-0.0576038,-0.135605,-0.0871599,0.0852625,0.00834459,-0.0154638,-0.14444,0.18761,0.0248486,0.235451,
-0.00104377,-0.0524974,0.0885232,0.108352,-0.0911774,-0.184925,0.0656618,0.225147,0.0203605,-0.0778249,-0.145593,-0.0484961,-0.237143,-0.00063145,-0.0483085,0.0501766,-0.0434492,0.191225,0.152327,-0.13134,-0.0762881,-0.0264744,-0.104704,0.276919,-0.00570199,-0.0734138,-0.160302,0.0278801,-0.0021318,-0.22198,-0.0960078,0.0275099,
0.0540063,0.00771657,-0.0908459,-0.032609,0.0342974,0.0767736,0.0365413,-0.0860951,0.024284,-0.0706872,0.0198553,-0.0643781,0.037273,-0.0346431,0.0736887,0.00500671,0.0536501,0.0233069,0.169252,-0.198223,0.0373984,-0.113171,-0.0992805,0.096458,-0.207775,0.138635,-0.0693406,0.0296828,0.0332829,-0.100884,-0.127554,0.197394,
-0.0306349,-0.0675187,0.034616,0.0735124,0.121297,-0.00432379,0.0734395,0.0815276,0.120653,-0.0767212,-0.0972653,0.0790917,0.0844137,-0.0112763,0.173337,0.259133,-0.163891,0.111748,0.0834252,-0.0896825,4.70907e-05,-0.0940937,-0.140462,0.100746,-0.0972478,0.172931,0.139969,-0.238998,-0.133542,-0.0753026,-0.132813,-0.112005,
-0.141712,-0.0671166,0.0919853,0.0739319,0.0266232,0.127814,-0.0814542,0.00205005,-0.0452562,-0.111545,-0.0575519,0.0977168,-0.0418002,-0.00475858,-0.0570909,-0.058003,-0.127072,-0.0809141,-0.16041,0.0195157,0.0250456,-0.116885,-0.0118734,-0.0981868,0.0106953,-0.0103005,0.0580186,-0.11383,0.0432294,-0.0815074,-0.0618872,0.0120036,
0.0769178,-0.0459943,0.0450034,-0.0314373,-0.00561089,0.0434294,0.00904616,0.0449103,0.0146164,0.102341,0.137164,0.0299091,0.0407868,-0.0498014,0.034025,-0.0579715,-0.127945,-0.00944405,0.170781,-0.0703451,-0.01505,-0.113386,-0.038445,-0.195995,-0.0394814,0.199515,-0.000484807,-0.137012,0.0670527,-0.0790875,-0.0925332,0.0741109,
-0.13084,0.0794462,-0.0776897,0.00815488,-0.0397127,-0.0955928,0.0327231,0.0518375,-0.141579,0.0666436,-0.107183,0.146806,0.152938,0.131274,0.0235815,0.121335,-0.0568402,-0.0493838,0.207057,0.0470347,-0.134891,0.0419283,-0.0190113,-0.212799,-0.0838932,0.0870968,0.128364,-0.134858,0.0270596,-0.124289,0.0611388,0.0197661,
-0.0540225,0.143771,-0.192254,0.076436,-0.0259709,-0.0176219,0.110532,0.00368918,-0.0170969,-0.0195032,0.167955,-0.0112336,0.105047,-0.0600589,-0.0789543,-0.0672067,-0.0523775,0.0562881,-0.205951,0.0252047,0.0241874,-0.123164,-0.0507113,0.0647753,-0.0925773,-0.11673,-0.0937873,0.0582923,-0.0144715,0.0358096,0.0540404,0.0086637,
0.0177859,0.0522295,-0.0071101,-0.177162,0.161483,-0.0353645,0.102876,-0.0221292,0.0268765,0.0541987,-0.0144327,-0.0273341,0.0664227,0.172586,0.0576514,0.0209655,-0.13713,-0.0264394,-0.0156257,-0.198412,-0.0544524,-0.0975866,-0.0894564,-0.0583682,0.0717121,0.037313,0.180972,-0.110061,-0.100326,0.031788,0.0481682,0.128951,
0.100601,-0.0174207,-0.0618965,0.0605852,-0.110282,0.0735613,0.00456334,-0.0666369,0.0110161,0.0682248,-0.0268596,-0.0159985,-0.11128,-0.208537,0.28395,-0.0921919,-0.0203836,0.016953,-0.00251434,0.0227355,0.174747,0.202514,0.112874,-0.0112282,-0.014554,0.175757,-0.0970063,0.0713931,0.116048,-0.0438492,0.228906,-0.0647435,
-0.0246566,-0.0224923,-0.122112,0.00866542,-0.199184,-0.0709061,-0.0307199,0.00442831,-0.05437,0.0914697,-0.0286268,0.00917829,0.0285391,-0.0357216,0.0148945,-0.0790986,-0.069436,0.032029,0.00539255,0.256578,-0.129387,-0.0274779,0.0469151,-0.153833,0.00965964,0.114815,0.177163,-0.0765051,-0.130636,0.143378,-0.0140703,0.138249,
-0.0641031,0.00929108,-0.0567143,0.0250591,-0.00892786,-0.0147427,-0.02044,0.0327021,0.214084,0.0684644,-0.15147,-0.13328,0.0823932,0.00698707,0.136651,-0.0855962,0.085845,0.0118424,0.0487521,0.0278612,-0.0414793,-0.07398,-0.126099,-0.0258769,-0.0309028,0.0530232,-0.131025,0.0533881,0.164352,-0.0896233,-0.261593,0.0314258,
-0.0422035,-0.211952,-0.026678,0.132114,-0.0770876,-0.0820845,0.0293499,0.0795871,-0.124954,-0.0482556,-0.00403943,-0.00542786,-0.0688056,-0.0165878,0.170237,-0.130447,-0.0218408,-0.0144938,0.00213708,-0.0287819,0.107996,0.0745119,-0.0399055,0.110695,-0.0431287,0.0225356,0.0157621,-0.0189453,0.0134251,0.197832,-0.125548,-0.067163,
-0.104964,0.133291,0.0489207,0.291639,-0.019108,0.102914,-0.100233,0.151345,0.0772026,0.0508414,-0.0776779,-0.00191774,-0.0219729,-0.102386,0.140374,-0.0113273,-0.00414631,-0.107165,-0.0476599,-0.0973317,-0.187581,-0.148736,-0.0485916,0.0562909,-0.0175833,-0.0828783,-0.0169143,0.0526957,-0.137519,0.202914,-0.0103591,-0.144577,
0.0216461,0.106339,-0.0719197,-0.135134,-0.0549681,-0.00377676,-0.138453,0.304491,-0.0453812,0.0214608,0.0469038,-0.0629191,0.233161,0.140765,-0.0340647,-0.0360982,-0.0712768,0.102225,-0.0903164,0.0652315,-0.203808,0.0314759,-0.0894025,0.0184949,0.214681,0.0676213,0.0596499,-0.0888236,-0.104747,-0.0769998,-0.163117,0.145896,
0.05575,-0.0358045,0.0461507,0.00926469,-0.0238683,0.0580306,0.104054,-0.0157188,-0.0593554,0.0200863,0.158752,0.0375073,-0.0863299,-0.0807723,-0.0654645,-0.0305965,0.0969669,-0.000588513,-0.00912115,0.0174662,-0.104593,-0.0166113,0.0523541,0.00491631,0.257496,0.0243194,0.125132,-0.137645,-0.0635523,-0.0174962,0.0564324,-0.0598945,
-0.211459,0.0710157,-0.0345956,-0.0768789,-0.0823441,-0.019883,0.212585,-0.190396,-0.0924305,-0.00944716,-0.173304,0.147036,-0.0178899,0.0711313,-0.034396,0.016086,-0.0875803,-0.0425543,0.0441497,-0.184458,-0.0171843,-0.015072,-0.0913973,0.030721,-0.0204976,0.0770884,-0.0200114,0.0289497,0.0632852,0.131275,0.0833123,0.0962316,
-0.13129,0.0225363,-0.0109016,0.159609,0.0392642,0.043567,0.036562,-0.0119859,-0.0303618,-0.112028,0.123778,0.0729589,0.0220036,-0.0404169,-0.213358,0.0330902,0.00195038,0.11782,0.071932,0.0683284,0.100226,0.0691825,-0.0100057,0.172269,0.0274533,-0.0731679,-0.024358,0.154051,0.0800263,0.00643637,0.122098,0.152775,
0.19918,0.116008,-0.0374614,-0.106329,0.114391,0.0576411,0.22221,-0.122253,-0.0781895,0.115546,0.0866903,0.00788184,-0.0236072,0.0844125,-0.0269323,0.0602723,0.00825252,-0.197677,-0.137572,0.105952,-0.0796953,-0.0348904,-0.00121022,-0.0167035,0.0164158,-0.0279698,0.0257269,-0.0117139,-0.102091,0.0281466,0.0052601,-0.155527,
-0.0406806,0.0364524,-0.0233081,-0.0178298,0.0704308,-0.041565,0.171971,0.0702814,0.131873,0.0297938,-0.00584763,-0.00611734,-0.157833,-0.0265636,0.0210958,-0.0757227,0.118123,-0.0733508,0.144196,0.0340999,-0.0816108,0.0321736,0.0157629,-0.0376151,0.0567463,0.0677744,0.130891,0.173826,0.11098,-0.00571819,-0.180302,0.0522702,
0.0037233,0.275613,-0.164766,0.155914,-0.116482,0.0465558,0.153916,0.0649503,-0.238978,0.0730054,0.000724461,-0.0625582,0.128222,0.0932296,-0.0841073,-0.119919,-0.0473878,0.119022,-0.00952073,0.150319,-0.0973696,-0.21489,-0.0489832,0.00805508,0.0890121,0.116603,0.0189106,-0.0553584,0.0625831,-0.108505,-0.13578,0.039543,
-0.113789,-0.00863405,0.0901694,0.0295924,0.0904279,-0.108805,0.0971444,-0.0298481,-0.161632,0.134811,0.135495,-0.0462022,-0.0285762,-0.0308273,0.00739104,0.0362207,-0.0368606,0.151837,-0.103926,-0.0812141,-0.0366073,-0.0834555,-0.0604147,-0.0746999,-0.00457471,0.0067874,0.0423282,0.182479,0.00198899,0.107447,-0.172678,0.0364861,
0.0492122,-0.0205796,-0.124618,0.00898456,0.0819442,0.00295897,-0.00663844,0.165609,-0.0737222,-0.0184145,0.111868,-0.104387,-0.122066,-0.132859,0.125315,0.205059,-0.0190955,0.0569859,-0.0895073,-0.0228819,0.00837149,-0.117022,0.140775,-0.0846603,0.0309737,0.0668044,-0.05406,0.0845852,0.195003,-0.0526299,-0.0280097,-0.127058,
0.0818664,-0.201607,0.0388512,-0.0706498,0.157862,-0.0905562,-0.0207043,-0.165913,-0.207898,0.0882523,-0.0426281,-0.0587905,0.0664738,0.0346388,-0.0286814,0.126129,-0.199044,0.166483,0.21971,0.0991291,0.0826071,0.107121,0.101223,0.097289,-0.104866,-0.117397,0.0695428,0.0957503,0.139939,0.0492282,-0.112773,0.124689,
-0.0297557,-0.0307517,-0.0052307,0.0425182,0.188621,0.136641,0.118149,-0.0768921,0.181763,0.124734,-0.0449411,0.0819501,-0.1533,0.069012,-0.0515425,-0.174486,-0.10632,0.29574,0.133022,0.183262,-0.0162807,-0.0376191,0.00202112,0.10108,-0.00572364,-0.0185314,0.128442,0.149639,0.150228,0.0518263,-0.0916805,-0.104393,
0.0323251,0.0689769,-0.0267506,0.0151374,0.131325,-0.0276172,-0.0297194,-0.0602568,-0.110859,-0.210076,-0.243023,0.0467115,-0.00762032,0.109251,-0.0746232,-0.0492769,-0.060216,0.0822259,0.168985,0.0281338,-0.0791737,-0.051468,0.128745,-0.024587,-0.151665,-0.110064,0.0347934,-0.075345,0.0234661,0.111019,0.124799,0.000989897,
0.00984415,-0.178851,0.0894588,-0.0994442,0.0325244,-0.115743,-0.227162,-0.0168302,0.0738649,0.0707539,-0.327902,0.182675,-0.153537,0.0766073,0.211166,-0.0726753,-0.0431219,0.0419191,0.102745,-0.0463489,0.0396164,0.216351,-0.100857,0.0154761,-0.0512957,-0.0451485,-0.0294035,0.19749,0.0357022,-0.139165,-0.0839892,0.139758,
0.0455992,0.158298,-0.0660321,-0.0377029,0.0630525,0.132358,0.0896246,0.259163,-0.0438304,0.0612373,-0.0588383,0.0292928,-0.0395659,-0.0800383,0.0800786,-0.125618,0.108752,0.120098,0.184779,-0.124618,0.035044,0.0803389,0.0139576,0.0051452,0.023586,0.0582466,0.122938,0.054174,0.081354,0.0184348,-0.129321,-0.0887735,
0.0507659,-0.0349175,0.158248,0.00745372,0.0712142,-0.159922,0.145951,0.14653,-0.00112922,0.0474602,-0.14229,0.0916406,0.0880832,-0.0701441,0.0528675,0.0937042,-0.0735879,-0.109923,0.189125,0.10056,0.0843404,-0.0882058,-0.0777543,0.166419,-0.318104,0.0250171,-0.0571201,0.0424806,0.0388372,-0.0507278,-0.0595086,0.231748,
0.00660016,0.0992805,-0.0953726,-0.0816704,0.107994,0.13492,0.0104332,0.00276323,0.0695581,0.152599,-0.0800009,-0.0445809,-0.200533,-0.107383,-0.0813293,0.0775878,-0.091319,0.0566595,0.0466207,-0.206511,0.135601,0.157552,-0.131606,-0.11012,-0.0036718,-0.0278443,0.041455,-0.0659302,-0.16159,-0.14641,-0.0382325,-0.00211508,
0.123849,-0.107584,-0.00350389,0.024177,-0.0689391,-0.0995325,-0.0170214,-0.0577722,0.0937365,-0.0407188,-0.0722383,0.0950832,-0.093158,0.0749786,0.0466401,-0.029286,-0.215845,-0.0923948,-0.0555823,-0.0668054,-0.151089,0.050342,-0.0874111,0.0366215,-0.170014,-0.135116,-0.232202,0.0394072,-0.074359,-0.0433769,-0.0583599,-0.0490628,
-0.162539,0.00880441,0.00459694,-0.0276561,-0.146197,-0.0949171,-0.156471,-0.00529709,0.0978397,0.255304,0.114581,-0.043284,-0.0193089,-0.0428887,0.0780559,-0.0745595,0.0874798,-0.0407894,0.108349,0.17234,0.129629,-0.0738025,-0.014862,0.148607,0.120311,-0.0725977,-0.0211815,-0.0555208,-0.0520017,-0.0502433,0.0642034,0.0399348,
-0.0856903,-0.0714186,0.0481879,0.0496163,-0.0864436,0.126428,-0.0241646,0.109615,0.0091694,0.0719984,0.0707834,-0.0238054,0.101714,0.242139,-0.155808,-0.082599,0.081754,0.00542173,0.133683,-0.0421306,-0.174743,0.046145,0.0520996,-0.0439476,0.106034,-0.162818,-0.260428,-0.0965371,-0.00273343,0.027567,-0.117603,-0.0927697,
-0.155682,0.0365636,0.0705613,-0.0129931,0.0683128,0.145676,-0.108858,0.100414,0.0292809,0.0940378,-0.0406327,0.0903584,-0.208503,0.0409306,0.112237,0.17583,-0.0267053,0.0488417,0.0365611,0.178934,-0.147604,-0.0229365,-0.0825058,-0.0782053,0.0284711,0.0362694,0.121236,0.0856346,0.016623,-0.115933,-0.079077,-0.00625381,
0.126322,-0.0617724,0.0523175,0.0111269,0.011076,-0.101434,-0.000113547,-0.142283,0.190598,-0.0441249,0.0816033,0.056228,-0.203365,-0.060264,-0.165267,-0.0771096,-0.0370213,0.0127428,-0.0465623,-0.0418806,-0.0296893,-0.0514464,0.0256457,0.0473558,-0.046117,0.109332,0.125062,-0.0825392,-0.101021,-0.134642,-0.0485626,0.0542417,
-0.0283814,-0.0745896,-0.0288842,0.133568,-0.0367187,0.0102341,0.157895,0.0924281,0.037153,0.0533058,-0.0573181,0.0997689,-0.0809764,-0.00601602,0.153905,0.147936,0.0440093,-0.105967,-0.190714,0.0178148,-0.114099,-0.0808538,0.0142782,0.0294229,0.0674321,0.0990486,0.0246972,0.00379486,0.0871286,-0.0252399,-0.000666282,0.109116,
-0.115353,-0.0955622,-0.154375,0.0080565,0.097359,0.137513,-0.0392108,-0.148953,-0.162283,0.00339469,-0.174876,0.177326,-0.0400808,0.237669,0.0848188,-0.00294345,0.17256,-0.0708524,-0.249469,0.112494,0.0164608,0.053129,-0.150521,-0.0263974,-0.0125987,0.0683052,-0.207632,-0.0270042,0.0487962,0.0135477,-0.0161846,-0.0533406,
0.000300022,0.279086,0.00604616,-0.29369,-0.0559062,-0.00385499,-0.180572,0.114863,-0.0789555,0.0118875,0.00947969,0.00323837,0.0447793,0.0302306,-0.16735,-0.109453,0.0900465,-0.082147,0.0668063,0.159595,-0.139166,-0.0475079,0.0890155,0.0195296,0.135447,-0.102811,0.0770452,0.121401,-0.070979,-0.035217,0.293075,-0.166715,
0.0612072,0.146659,0.00323089,-0.0274038,0.0740157,-0.176198,-0.0441221,0.111034,-0.0584282,0.142673,-0.0252649,-0.0453105,-0.0746305,0.0606397,0.126086,-0.160008,-0.0318556,0.0867506,-0.0787577,0.164702,0.0474683,-0.00523039,-0.010846,0.0436641,0.00793456,-0.0887631,-0.142156,-0.0513386,-0.103465,0.0725545,-0.0860079,0.0168841,
-0.169612,-0.0862227,0.235042,-0.0973771,0.0744738,0.168731,0.0376138,-0.115836,-0.00631401,-0.042758,-0.0670815,0.126557,-0.0857467,0.000161873,-0.063768,-0.255236,0.0734338,0.10553,-0.00841562,-0.156655,0.0589358,0.108277,0.00102352,-0.067632,-0.0484729,-0.112516,-0.145631,0.0979827,-0.0701566,0.010024,-0.0539017,0.0408906,
0.143977,0.0831764,-0.00721635,-0.113194,0.000731155,0.131904,-0.0244903,-0.101946,0.0102709,0.237255,0.0642112,-0.022755,0.113135,0.0758173,-0.00897105,0.140587,-0.00838705,0.108997,0.009786,-0.0997525,-0.0697424,0.00216511,-0.10692,0.0100104,-0.0427579,-0.170058,-0.213574,0.0592158,-0.0107133,0.0122008,0.137476,-0.0512375,
0.0495315,0.117746,0.00353266,-0.144253,0.0626651,0.0188199,0.202833,-0.0752032,0.00378323,0.0213292,-0.114877,-0.105992,0.259051,-0.0519431,0.0729352,0.0154438,0.0574238,0.0571489,-0.0164973,0.0280695,-0.17491,0.0412652,0.0166878,-0.00901158,0.0159998,-0.196538,-0.111441,0.00446582,-0.0353447,0.170017,0.098816,-0.167351,
-0.0461145,-0.198239,0.0800077,-0.0380255,-0.0531353,-0.0506318,-0.0448623,0.165685,0.00727859,0.098513,-0.149235,-0.121934,-0.085621,0.0937903,-0.0755679,-0.216097,-0.0218003,-0.168843,-0.0457846,-0.128868,0.0514517,0.034829,0.24733,0.0164238,-0.108799,0.0435531,-0.172435,0.052349,0.00936206,-0.0240319,0.129406,0.0145932,
-0.0983123,0.00226735,-0.181079,0.068396,-0.200496,-0.0940657,0.0597778,-0.00378551,0.0339001,0.134385,-0.0907713,-0.0411913,-0.068297,-0.10108,-0.0070325,0.009101,-0.145162,0.170143,-0.313903,0.0448297,0.0329346,0.00752516,-0.203906,-0.0402865,-0.0747149,-0.121335,-0.0730556,-0.0645491,0.0886723,0.00102766,0.208786,-0.0757204,
0.0663618,0.0361933,-0.0775078,0.0730027,-0.15177,0.112732,0.0645917,0.0330456,-0.0657106,-0.0611869,0.113091,-0.047996,-0.0170901,0.0107123,-0.0422464,-0.02819,-0.130375,0.101972,-0.0850201,0.0592606,0.0207826,0.00995649,0.125715,0.0669594,-0.093009,-0.074923,0.0111444,0.132464,-0.205522,0.18528,0.0573351,-0.0101532,
0.00321272,0.0104456,-0.0884175,-0.000949278,0.135064,-0.100205,-0.161445,0.0298077,0.00959252,-0.191793,0.0950461,-0.0256645,0.0337259,-0.0152304,0.0850127,-0.0998885,-0.0592163,-0.13257,0.0835915,0.0700558,0.30854,0.11667,0.182964,0.0740875,0.10501,-0.0259157,0.0238659,0.0801707,-0.0809047,0.0178981,-0.183861,0.0828322,
-0.0525424,0.126166,-0.0704078,0.0229707,-0.131265,0.0241504,-0.0389936,0.0716005,-0.151559,-0.0569126,0.248187,0.0923501,-0.0295439,-0.0384628,-0.186816,-0.0881915,-0.0493404,0.148086,-0.00952566,0.198475,0.136434,0.122498,-0.0781465,-0.043361,-0.133709,-0.0854039,-0.0616128,0.138984,0.0687343,-0.00956412,-0.0771931,0.165392,
-0.077616,0.00189412,-0.11953,-0.122801,-0.0219223,0.0561051,0.000870747,-0.0539937,0.0793081,-0.0549714,0.154271,0.120843,-0.146692,0.00997435,0.0304442,0.0639209,-0.160067,-0.0655124,0.000861904,0.147298,-0.0415711,-0.0179647,0.108839,0.0826208,-0.198931,0.00485465,0.0348773,0.181806,-0.248041,-0.111736,-0.00169593,-0.164705,
0.129136,-0.189797,-0.0390307,0.106626,0.0175781,-0.17443,-0.103983,-0.0972184,-0.122028,0.246925,0.0198455,-0.0187308,-0.160399,-0.0368818,0.139958,0.0905767,0.000270174,0.113765,-0.0597236,0.0433459,0.0648761,-0.0782373,-0.200725,-0.124493,0.0675291,-0.0214811,-0.0675436,0.0112711,0.125353,-0.202175,-0.0663907,0.0688827,
-0.0460677,-0.112172,-0.0219635,0.0258061,0.029612,0.0550229,0.0749637,0.0646057,0.00329312,0.101366,-0.0931632,-0.0102503,0.147726,0.0161236,0.0335272,-0.0789024,-0.00455677,-0.0981482,0.105662,-0.0445947,0.0262545,0.00308961,0.323543,-0.0313597,0.149069,-0.165708,0.0376457,0.0965462,0.0739782,0.0197743,-0.013229,-0.0113621,
0.010036,-0.00961304,0.0131911,0.038972,-0.197287,-0.0704734,0.0278562,-0.17614,-0.00742463,-0.0492825,0.0461103,0.119585,0.045642,-0.0356344,-0.0734848,0.0653227,-0.0643515,0.039568,0.216547,0.046038,0.156489,0.104107,-0.0448504,0.0304801,0.12525,0.0397089,-0.0495525,0.00255328,0.0828831,-0.0338431,0.0575693,0.0016794,
0.0780991,0.0911295,0.000554238,-0.0329417,0.017976,-0.222023,-0.072227,0.00247223,-0.0255238,-0.0873759,0.0421307,0.193632,-0.133632,-0.0281769,-0.00876281,-0.0912449,0.0117995,0.0990811,-0.0461649,0.133542,0.00816682,-0.0581034,-0.137305,-0.211144,0.0576516,0.0957309,0.0356515,0.0648409,0.182221,0.147292,-0.114995,0.122379,
-0.0305463,0.0276184,0.113971,0.220979,-0.127803,0.0366877,0.16119,0.145073,-0.0164902,0.165928,-0.0857836,-0.00781715,-0.0943644,-0.0263248,-0.101711,-0.0589922,0.00855193,0.0584364,0.259275,-0.174487,0.0870724,0.0807691,0.0512115,0.115471,-0.0573312,0.0142341,-0.0628166,0.0689999,0.0486307,0.042194,-0.206386,0.0525518,
0.0396291,-0.178189,0.0627152,0.111866,-0.0666528,-0.13277,-0.199784,0.0402316,0.158242,0.15527,-0.0826256,0.0834159,-0.041182,0.1394,-0.0201421,0.0891762,-0.182875,-0.0451914,0.176074,0.0707896,-0.0852618,0.0259188,0.0330795,0.0362698,0.000534248,0.0763423,0.0166929,0.223854,-0.105643,-0.0321668,-0.180593,-0.0610373,
0.132742,-0.256231,-0.0685328,0.0608689,0.0691789,-0.0898765,0.0460408,0.250759,0.0518548,-0.122311,-0.0881569,0.079178,-0.0468986,0.304578,-0.0202738,-0.0807198,-0.0397576,-0.221284,0.1513,-0.00496913,0.0581128,0.0797144,-0.00417064,-0.00831715,-0.106498,0.0157522,-0.135612,-0.173325,0.138771,0.201736,-0.0289595,-0.0560734,
-0.0644856,-0.172828,-0.117795,-0.0782885,0.0519528,-0.121911,0.0597105,-0.0294144,-0.0204389,0.0447944,-0.00861603,-0.00318474,-0.0598809,0.0104497,0.0329474,0.0397003,-0.0333219,-0.0261515,-0.00370609,-0.15532,-0.0151337,-0.0829175,0.00663107,-0.119978,0.031842,0.098639,0.0270654,-0.131067,-0.0469833,-0.26796,-0.13973,-0.11834,
0.134136,-0.127897,-0.125272,0.0480041,-0.0449041,0.0611499,0.00353096,0.0588153,-0.00114903,0.0144248,-0.0892136,-0.0340428,-0.100195,-0.0247796,0.267214,-0.0526504,0.0643992,0.0999748,0.0744848,0.151603,0.160099,-0.0591568,-0.0520926,-0.0568271,0.0447451,0.0701531,-0.0623177,0.0911496,-0.0767577,-0.055636,0.127783,0.0294829,
0.0965766,-0.0903782,0.0212431,-0.121119,0.0638873,-0.0818978,0.0261863,0.171131,0.0588407,-0.0396896,0.097315,-0.0150102,-0.143683,-0.137022,-0.044426,0.0121528,-0.104894,0.0256699,0.0843558,0.0340803,-0.0538871,-0.191643,0.00483144,0.0138676,-0.22036,0.0856604,-0.0705598,-0.0289124,-0.0155916,-0.086942,0.0626638,-0.0339188,
-0.0287264,0.177939,0.113424,0.00247597,-0.127239,0.0800835,-0.068224,-0.0106444,-0.0427413,0.0352598,0.12154,-0.159537,-0.163392,-0.0372382,-0.123408,-0.0747351,-0.0369692,0.0547463,-0.0214506,0.182879,-0.00889123,-0.0382986,0.0454552,0.0693566,-0.118301,-0.0249344,-0.115923,-0.240755,0.0834693,-0.0141625,-0.0647256,0.0988051,
-0.19523,0.226547,0.26237,-0.121344,-0.119383,0.0760443,0.073852,0.238525,-0.112235,-0.0727689,0.149344,0.0407437,-0.12905,-0.155531,-0.098254,0.175094,-0.0222489,0.0354859,-0.0177075,0.118002,0.091481,-0.0690916,-0.102055,0.00691263,-0.0444879,0.147081,-0.0910755,0.101266,-0.0178443,-0.120258,-0.0814453,-0.0118654,
0.118973,0.0870891,-0.0554153,-0.00910469,-0.00314943,0.125406,0.0653902,-0.0244849,0.0388433,0.0361806,0.142087,0.135007,-0.104828,0.0334879,-0.0798082,-0.0778567,0.0374736,-0.00309182,0.0196205,0.149416,0.0826936,-0.132906,-0.0172458,0.113871,0.00964086,0.0544723,-0.0524941,0.0215369,0.155996,0.0926048,-0.0465769,-0.015259,
-0.0782463,0.198303,0.22187,0.185456,-0.0124637,-0.0294196,0.0291445,0.0812633,0.177984,-0.184103,0.0172498,0.0429958,0.106714,-0.0846281,-0.113083,-0.131843,0.0628927,0.128078,-0.0961239,-0.179341,-0.06015,-0.0386905,-0.0678274,-0.0164618,-0.0537433,-0.0631577,-0.00681629,0.0357133,0.0350777,-0.0754063,0.00904511,0.0142144,
-0.0856591,-0.0434361,-0.167155,-0.0799387,-0.0631995,0.0437702,-0.0134623,0.118886,-0.0224625,-0.059874,0.0240648,-0.12351,-0.111605,0.00404168,-0.172619,-0.127839,0.130612,0.0294239,0.134628,-0.0694522,0.149746,0.00258394,-0.181352,0.120053,-0.0184406,0.148564,-0.101285,0.148748,0.190532,0.174441,-0.134019,-0.0318434,
-0.00506911,0.0175118,-0.0315555,-0.0823584,-0.00694621,0.0182935,0.0707845,-0.0229379,0.059164,-0.12866,-0.0507347,-0.129351,-0.00699716,0.198065,-0.20313,-0.029098,-0.0189309,0.155783,-0.0289261,0.0827484,0.015413,0.0673446,-0.0558441,-0.0853168,0.098771,0.141268,-0.165737,0.0175987,0.126031,0.0128004,-0.0250097,0.0678096,
0.0178744,0.0539858,0.12641,-0.0222671,0.0518009,-0.115624,-0.0824069,0.0829904,-0.0479402,-0.0965585,0.200659,-0.18835,-0.0129366,-0.0499189,-0.218116,0.0648783,-0.0501848,0.0713637,-0.0880321,-0.0907368,0.0676846,0.0974553,0.00828051,0.0254691,0.049158,-0.162542,-0.0988894,-0.132862,0.136979,-0.052692,0.098981,0.192664,
-0.00560326,0.0736549,0.02226,-0.0851462,0.0706275,-0.0854973,0.0831584,0.0214501,-0.118509,-0.0870112,0.10459,0.0168579,-0.133448,-0.00253099,-0.165111,-0.109299,0.0173099,0.0257381,-0.0145845,-0.00312486,-0.0619651,-0.0697028,-0.0191675,0.195676,-0.183351,0.187366,0.162301,0.0440804,-0.0628547,0.0183983,0.00957596,-0.0292395,
-0.0859164,-0.157007,-0.0382238,0.0637887,-0.00863562,0.0442809,-0.132783,-0.087638,-0.0454495,0.0381774,0.0461849,-0.0540919,-0.12143,0.0770294,-0.00440864,0.0868416,-0.0139794,0.0299525,0.0360007,0.101159,-0.002941,0.0814676,-0.0233345,-0.228502,-0.0522664,-0.0216188,0.148602,-0.271545,0.0145724,0.0758916,-0.128537,0.00591961,
0.050942,0.107457,-0.103978,-0.0265832,-0.0319867,0.0717777,0.124507,-0.11109,-0.0829655,-0.101526,-0.0421493,-0.0835422,0.148559,0.0404525,0.0321639,0.0478164,-0.00573867,-0.0420824,-0.0230419,-0.0161765,-0.00984588,0.0254026,-0.0767635,-0.0341636,-0.0588205,-0.0250928,0.165225,0.00219621,0.0860448,-0.0155791,0.0724015,-0.0179813,
-0.101988,0.0481349,0.0688369,-0.049298,0.0635187,-0.140346,-0.0340207,-0.0355923,0.0812409,0.0326329,0.272599,0.0945672,0.118657,0.091017,-0.0973906,0.0881002,-0.0644762,-0.0855495,0.0249728,0.0243761,-0.180811,0.00876549,0.062269,-0.0405974,-0.0412255,-0.139575,0.114599,0.152535,0.0283512,-0.0848918,0.0363445,-0.115602,
-0.103211,-0.0929786,0.341613,0.0643694,-0.00382951,0.0389684,0.0142,0.0314311,-0.116453,-0.0220948,-0.0479237,0.127664,0.154962,-0.0907424,0.109336,0.0635337,-0.219908,0.091852,0.0134969,0.0645918,-0.0073109,0.0187394,-0.193138,0.0384736,0.176987,0.0437631,-0.142831,0.164264,0.0856054,0.0933131,-0.0101697,-0.080627,
0.0529919,0.0138575,0.060384,-0.0322897,-0.00435809,-0.133219,0.026457,0.0669181,0.0466953,0.13806,0.0243023,0.0108993,0.0137818,0.0660233,-0.0237583,-0.0355826,-0.00490441,0.0567624,0.0580862,0.150267,0.0773626,-0.123015,-0.0353844,0.0284637,0.0878335,-0.0501314,0.0154163,0.11665,0.0950591,-0.0917246,0.130592,0.193009,
0.151234,0.134824,-0.00497565,-0.0669969,-0.083853,-0.0357312,-0.020974,0.0319724,-0.106749,-0.0475206,0.0787822,0.115392,0.0114349,-0.116808,-0.0873788,-0.0710286,0.0966987,0.169749,0.0406817,-0.044225,0.1034,-0.0634972,-0.0413735,-0.0903817,0.079668,-0.168172,0.0015314,-0.0226508,-0.0472812,-0.0250536,-0.190441,0.0790893,
0.116296,0.072113,-0.08287,0.133309,0.0269635,0.0648899,0.15727,-0.297315,0.182289,0.0968066,-0.0714198,0.113696,-0.0200494,0.0931371,-0.0390797,-0.117772,0.00291769,0.0694708,-0.0193722,0.0528824,-0.150815,-0.0994826,-0.0641007,0.173615,0.0972438,-0.0358794,-0.0365749,-0.0218359,0.0314882,-0.0543972,-0.095595,-0.0697486,
0.077389,-0.116932,0.0874148,0.0867366,-0.0066111,-0.0543608,-0.00268908,-0.128934,0.161886,-0.164056,-0.0126104,-0.000203177,0.112818,-0.144934,-0.00290339,0.0498253,0.0970756,0.0525378,0.159074,0.0437179,-0.0139132,-0.12819,0.102797,-0.0757424,0.101655,0.158014,-0.012885,-0.0616555,-0.0222575,0.00324207,0.16349,0.00876058,
-0.0178736,0.0325885,-0.0853461,0.104024,-0.0985226,0.0475147,-0.045495,-0.00299339,0.142695,0.0476526,-0.160766,-0.0249915,-0.0733279,-0.105383,-0.100724,0.125501,0.00672429,0.0767283,0.00301176,0.133925,0.17704,0.0378106,-0.0523677,0.00633758,0.117134,-0.168184,0.1181,0.0548845,0.0958855,0.0113736,-0.0325393,-0.0832563,
-0.0372325,0.112526,0.0692278,0.0419444,-0.0186216,-0.0809058,-0.198564,-0.173808,0.0358929,0.0165867,-0.0317799,0.0319984,-0.240453,-0.00648505,-0.0928756,-0.0256153,-0.00485822,0.0386388,-0.0785537,-0.0408011,-0.042656,-0.104342,-0.0603401,-0.0675823,0.195914,-0.188703,0.015128,-0.157139,-0.182248,0.000239506,0.0366726,-0.111759,
0.170625,0.0893117,0.144134,-0.00947564,-0.0374923,-0.129984,0.066713,0.0221876,0.0118884,-0.173078,0.138413,0.0566652,-0.133909,-0.216956,0.109794,0.0118339,0.025383,0.0213983,-0.0345763,-0.0286923,0.0311445,0.0349899,-0.0148313,0.10567,0.0286986,-0.0650337,-0.0726992,0.0575395,-0.162647,-0.172679,0.0486619,-0.0515122,
-0.0544248,0.129232,-0.0571766,0.132148,0.0597599,0.168862,-0.224409,-0.0550758,-0.0231467,0.104821,0.0811661,0.0146714,-0.16436,-0.0691041,0.206141,0.0383988,0.123317,0.0167698,0.271569,0.156294,0.106238,-0.0429168,0.00706547,0.056947,-0.092803,-0.0825745,0.0113461,-0.0242383,-0.00340949,-0.0482518,0.0255583,-0.062695,
-0.0542078,-0.0879692,-0.136787,0.109332,0.129281,-0.169392,0.0418514,-0.108245,0.113937,-0.0712824,0.0323077,0.0730082,-0.00510963,-0.18302,0.165018,-0.0736922,-0.0427755,0.0727326,-0.103744,0.0557469,-0.0173554,0.0372707,0.0379104,-0.123701,-0.0174751,-0.0982926,0.0635682,0.136097,-0.0659267,0.0563189,-0.100086,0.0616988,
0.128103,0.0833227,0.103212,0.10544,-0.255154,-0.0243847,0.205881,-0.126247,-0.0712789,-0.240567,0.219839,-0.0423774,-0.141441,-0.081152,0.0593975,0.0896762,0.064323,0.0345149,0.0827668,-0.0367567,0.103488,-0.0960737,0.133225,-0.0315734,0.0481345,0.0548454,0.0856294,0.0779562,-0.12134,0.0894054,-0.0320348,0.0629665,
0.0955931,-0.00810219,-0.07927,0.206002,0.2317,-0.210139,0.103896,-0.0203766,0.0727,0.200394,-0.0457549,0.101073,-0.043994,-0.0956708,0.118685,0.178707,0.0992046,-0.00323341,-0.0914734,0.133079,-0.00184015,0.0377203,0.032838,-0.13457,0.155658,0.103185,-0.120989,0.0505912,0.0738479,0.115953,0.163483,-0.156663,
0.120135,-0.0841886,-0.0225632,-0.0514874,-0.00600325,0.00307446,0.0487766,0.0775497,0.0291777,0.025412,-0.0436822,0.0249646,-0.108053,-0.163626,-0.0299629,-0.0248485,-0.284358,0.074488,-0.0161509,0.052569,-0.0658644,0.18936,0.174163,0.0452835,0.125461,-0.0667245,0.0528242,0.00118572,0.0374587,-0.0163853,-0.0742455,0.0937385,
0.219465,-0.0177852,0.146577,0.170043,-0.0325288,-0.11831,0.0607312,-0.0802211,0.0388109,-0.057996,-0.260426,0.068371,-0.184824,-0.0745124,-0.0918749,-0.0328193,0.0149765,-0.132965,0.118497,0.0167412,0.148801,-0.103683,-0.0325267,0.0701252,0.0179103,-0.0942593,0.0990037,0.0624758,-0.143111,0.0236898,-0.0301071,0.201556,
0.087735,0.149962,-0.134121,0.131316,-0.10118,-0.0741812,-0.137611,-0.000804308,-0.012362,-0.0141935,-0.0117502,0.0122552,-0.120789,-0.131496,-0.0301657,0.0899818,0.0762479,-0.114596,0.0510928,-0.0505425,-0.0753984,-0.0879332,0.185515,-0.153681,-0.0728266,-0.103105,-0.0382963,0.0724892,0.0832258,0.146328,0.075272,0.000421659,
0.0772856,-0.0536821,-0.0552853,0.137771,-0.0187524,0.0944297,0.0741675,0.0190529,-0.170785,-0.162894,-0.0476164,-0.0430588,-0.0612861,-0.0864227,-0.0869726,-0.154754,0.0254428,-0.028811,0.0549457,0.0847882,-0.115253,-0.0491136,0.0153362,0.109386,0.08801,0.0456655,-0.124212,0.0309515,0.24768,-0.083457,0.0349321,-0.0993848,
0.122591,-0.0757512,-0.0522233,-0.0526591,0.0885676,-0.0163052,-0.00344036,0.0656489,0.0199952,-0.0895612,-0.0863109,0.0115662,-0.0743961,0.0469445,-0.0107032,0.0331138,-0.0290296,-0.100246,0.0754855,0.0611109,0.105825,-0.121424,0.265719,-0.0180317,0.14492,0.0974422,-0.24876,-0.0467789,-0.332049,0.110176,-0.0772649,-0.0934459,
0.113847,0.156564,0.112669,0.0552522,-0.00379779,-0.0818889,-0.0838106,-0.00212193,0.21148,0.0640405,0.00689889,-0.00884528,-0.0662631,0.0112058,0.146399,-0.0914102,0.0759978,-0.0698187,-0.0719981,-0.0107111,0.152471,0.0951059,-0.11767,-0.0299619,-0.0736575,0.161942,0.0235923,0.0214264,0.246909,0.0154725,-0.123608,-0.158104,
0.148634,0.0208845,-0.00964004,0.0695736,-0.0491503,-0.0293251,0.119009,-0.0793862,0.0209828,-0.187372,0.00961462,-0.102352,0.0640847,0.0144656,0.0190329,0.0348876,-0.130113,0.00111675,-0.0377831,-0.0109713,-0.0856248,-0.0110031,0.0249014,0.0767603,0.00285075,0.0800536,-0.0169524,-0.00473619,0.129387,-0.293764,-0.0753959,-0.00836485,
0.079225,-0.115156,0.136706,-0.0221334,-0.0629276,-0.00294201,-0.189142,0.117458,0.0147284,0.0508172,0.0322683,-0.0323787,0.0875158,-0.181772,0.0224486,0.0137633,0.0634478,-0.0739575,0.0211514,0.0915932,0.0436053,0.0167016,0.209757,-0.194584,0.122098,0.058816,-0.170454,0.0180554,0.00926398,0.0391949,0.00982076,-0.128496,
0.0802881,0.101541,0.0292854,-0.0819557,0.232505,0.0813591,-0.0361164,-0.0137148,-0.0175196,0.0180723,-0.0585791,-0.0743214,-0.344908,-0.103244,0.0506879,-0.0716065,0.0588462,-0.116769,-0.0446154,-0.11604,-0.0266227,-0.18356,-0.18037,-0.0384112,0.0119408,-0.132285,0.0812716,0.0851776,0.0350725,-0.0126143,0.0290129,-0.163796,
-0.0874093,0.0268942,0.0431177,0.0185496,0.0953729,0.152944,-0.0115524,0.0266856,0.0147134,-0.150821,0.0177671,0.0629024,-0.0719542,-0.00190592,0.0543103,0.0218488,-0.0779629,-0.0944184,0.0902054,-0.0620836,-0.194982,-0.114376,-0.237741,0.237115,0.0546453,0.0987921,-0.0871084,0.00821664,0.0817532,-0.090438,-0.029651,0.145981,
-0.0268029,0.0351533,0.0795165,0.0259359,0.0870625,-0.0389978,0.052159,0.0197425,-0.0198802,-0.0699384,0.0745184,-0.0711333,0.198593,-0.156277,-0.00449804,-0.0961872,-0.111991,0.11755,-0.105705,-0.0702344,0.131213,0.066387,0.0239688,0.127331,-0.00382296,0.0158312,0.0110981,-0.101653,0.0281446,0.0344344,0.120368,0.162285,
-0.0192127,-0.120783,-0.0251986,-0.0989376,0.10714,-0.0595875,-0.0381394,0.0702432,0.0166965,-0.114065,-0.0754756,-0.0753122,0.116235,0.0510585,-0.0281026,0.106954,0.00537779,-0.0466243,0.0475966,0.077272,0.0281476,0.0719197,-0.0722138,-0.10738,0.0297767,-0.0957632,-0.0668182,0.0048211,0.029217,0.112083,0.0274118,0.104214,
-0.042824,0.154654,-0.00121681,-0.0665786,0.11325,-0.00471108,-0.0498623,0.00722257,0.0910052,-0.102322,-0.0506392,-0.014266,0.0819542,0.0644533,0.0375509,-0.132591,0.0656152,-0.0247507,0.108015,-0.0522714,0.0597475,-0.00506869,0.0493708,-0.0699559,0.0789751,-0.00305041,-0.214496,0.0667199,0.0401297,0.109701,-0.0946459,-0.126871,
-0.0479703,-0.0657905,-0.121731,0.0197924,0.0916553,-0.0939803,-0.0356707,0.114752,-0.0117008,0.00625969,-0.185989,0.0202817,0.0875177,0.0959726,0.162677,0.153032,0.0200748,-0.00693677,-0.160482,0.168083,0.0919199,0.0552648,0.0216362,0.21486,-0.125983,-0.0707273,0.0549612,0.0267839,-0.00536538,0.0745777,0.0262165,-0.054365,
0.0187472,-0.00228452,0.0752348,-0.0906151,0.0595626,0.0293925,-0.0540001,-0.175919,0.00771807,0.223597,0.0624637,0.0511939,0.0371211,-0.134392,-0.0441777,-0.0728981,0.027432,0.00574489,0.0160772,0.132599,0.000495243,0.0302747,-0.0775977,0.155318,-0.146113,-0.0220966,-0.0481284,0.0736667,0.00961272,-0.0897837,-0.093124,0.0560991,
0.0831,-0.0769077,-0.0676224,-0.0237272,-0.047733,0.089223,0.279945,0.0627134,-0.029709,-0.135206,0.0799887,-0.0489989,0.000113518,0.0155623,-0.022706,-0.071745,0.147572,-0.103508,-9.25458e-05,-0.0641873,0.0750563,0.0394852,0.0368434,0.0604264,-0.0707957,-0.0959087,0.0209596,-0.0437547,-0.1554,-0.0122738,0.0734886,-0.00828048,
-0.055004,-0.00297467,0.0326019,0.0346355,0.0908767,0.044841,-0.0992174,0.135373,-0.0111427,0.0594502,0.0273932,0.00749863,0.0247804,-0.0853282,-0.028094,0.149756,0.0353823,0.0652911,0.123153,-0.163599,-0.0761764,0.028323,-0.00925476,0.0938584,-0.0629775,-0.0480511,-0.0467999,0.0415827,0.0679588,0.0685365,-0.293275,-0.157106,
-0.0775188,0.0235655,-0.139112,0.0562596,0.0825569,0.0926118,0.16924,0.0231285,0.103226,0.137537,-0.0826468,0.0656106,0.0415514,0.0553552,-0.0532413,0.228588,0.136466,-0.0115799,0.0865154,-0.023579,0.0594109,-0.167705,0.243974,0.10832,0.0561115,-0.276583,0.074998,-0.0290151,-0.0736027,-0.105703,0.0311963,-0.0210323,
0.171995,-0.0657769,0.00177023,-0.0991396,-0.200839,0.0712746,0.207816,0.063463,-0.0394594,-0.0474297,-0.000819564,0.0595099,0.0895843,-0.167809,0.132166,-0.123012,0.113116,0.0616606,0.115617,0.140501,0.0458003,0.0158558,0.0349405,-0.155246,0.0171975,0.0627223,-0.0887517,0.0629093,0.210164,0.132949,-0.111126,-0.10152,
-0.0641564,-0.00806449,0.0273682,0.0205156,0.159181,-0.0193428,0.0195476,-0.037704,-0.00115387,-0.00131673,-0.00135255,-0.00835531,-0.233027,0.0188974,0.0399909,0.0611832,0.0218792,0.130205,-0.0669659,0.100822,0.176033,-0.0630038,-0.0390326,-0.0410749,-0.039503,-0.0289783,-0.0886875,0.218792,0.0124206,-0.0162571,0.0730136,-0.0962494,
0.0183131,0.0382679,0.130805,0.0336342,0.0003565,0.030353,-0.0995925,0.0869333,-0.115033,-0.0726112,-0.105092,0.133869,0.10599,-0.0360915,-0.0161225,-0.121417,-0.178237,0.0697399,0.0407742,0.0560731,-0.0302877,0.0988521,-0.135836,0.00531765,0.0580032,0.0488433,-0.13693,0.0503521,-0.0939677,-0.00828748,0.00798743,0.0540843,
-0.0328273,-0.0161235,-0.185514,-0.109688,-0.137933,0.102531,0.0157582,0.0577029,-0.0578655,-0.0291465,-0.20792,0.0345186,0.0877827,0.0158889,0.0786115,0.0181509,0.170661,0.0776559,-0.12373,-0.0973311,-0.210824,-0.0921522,-0.0503224,0.0472485,0.0945211,-0.0493642,0.0535173,0.028312,0.0557863,-0.062733,0.216915,-0.0144225,
-0.149531,0.100542,0.135871,-0.277323,-0.163753,0.0312143,0.0180718,-0.14064,-0.0088209,-0.0988523,-0.066054,0.14225,-0.149071,-0.00477584,-0.0609388,-0.0809187,0.0467862,0.00212466,-0.0369594,0.0521499,0.150165,-0.202054,-0.061506,0.0989286,-0.00116294,-0.226461,-0.147651,0.125689,0.15041,0.0492798,-0.0254427,-0.213029,
0.0269148,-0.00525999,0.0642148,-0.0676817,-0.0389017,0.0520259,0.042451,0.00860478,0.00418667,0.00157868,0.080881,-0.0280338,-0.0221162,-0.0123942,-0.143247,0.103325,-0.0957138,-0.104125,-0.0928378,-0.0687217,0.0783987,-0.0428421,-0.206572,-0.157524,-0.0570787,0.11885,-0.037042,0.0877608,0.0158232,0.205021,-0.108029,-0.107938,
-0.0302136,-0.143375,-0.0243128,0.133948,0.0436498,0.0775158,0.020106,-0.0526984,-0.0984071,-0.0557506,0.137487,0.13061,0.0723037,0.0237739,0.095915,0.057104,-0.0763999,0.0813851,-0.122029,-0.0661272,0.0984542,-0.129187,-0.138383,-0.038819,0.0825466,-0.0233199,-0.161462,-0.0181627,-0.207853,-0.0167461,-0.0911419,-0.0533361,
-0.139828,0.0128024,0.0205415,-0.206977,0.067865,-0.0895381,-0.14493,-0.0371804,0.134033,0.0573264,-0.243537,0.0889135,0.028875,-0.0228142,0.115361,0.00456729,0.0846769,-0.0689222,0.26244,-0.168561,0.0891859,-0.0169657,0.127561,0.14112,0.0194447,0.0279711,0.0783191,-0.102125,0.0347889,0.00956968,0.0637255,0.00352895,
-0.0679272,0.144142,-0.110719,-0.0864353,0.000380635,-0.0043452,-0.025382,0.0354578,0.0819219,0.062863,-0.0970452,0.136283,-0.188847,-0.0968548,-0.025307,-0.0989946,-0.187456,0.00467706,0.0624109,0.15947,0.0487382,-0.0400935,0.0375546,-0.0144671,-0.0648475,0.0661975,-0.0143253,0.0111957,0.0664224,0.116744,0.069849,-0.0825301,
0.252113,-0.116232,-0.0665688,-0.00201393,-0.0398416,0.0895465,-0.109831,-0.175272,-0.214009,-0.0842112,-0.121949,0.0116864,-0.0831576,-0.026009,-0.117707,-0.0167242,0.0824001,-0.0152719,0.0365238,0.147434,0.160294,0.0726389,0.0341138,0.114371,0.144327,-0.00368885,0.162459,0.0774733,0.0418863,-0.0696024,0.168429,0.0405856,
0.0164053,-0.0288605,-0.23159,0.0755777,-0.0694754,0.0733983,-0.0186423,0.0412221,-0.199056,-0.085143,0.0946993,-0.0858215,-0.083271,-0.0256315,-0.0164276,-0.0595608,-0.0260871,-0.150267,0.00760841,0.0158869,0.18538,-0.0252853,0.0983863,-0.172191,0.0100674,-0.109638,0.0942181,0.0733602,-0.0441093,0.103224,0.0731703,-0.125552,
-0.0412446,0.124447,-0.05781,0.0549856,0.0116889,0.0910905,-0.106559,-0.0441456,-0.0414022,-0.0715703,-0.0213796,0.0636751,-0.0494485,-0.0579792,0.043759,-0.060058,0.0663172,-0.135703,0.118195,0.0638937,-0.0291124,0.0350061,-0.0172242,-0.0630581,0.101423,0.105959,-0.0377443,-0.0265442,0.0292523,-0.0612436,0.164233,-0.0587202,
-0.210173,0.126631,0.0920096,-0.0546218,-0.00601369,0.0584518,-0.0508856,-0.0839842,0.0973649,-0.12323,0.0683925,0.0097796,-0.145927,-0.0153344,-0.174562,0.0399496,-0.170678,-0.147437,-0.160929,-0.16122,0.0889424,0.095363,-0.050343,0.0798116,0.076972,0.0119259,0.0358419,-0.0305165,-0.1335,0.086002,-0.0114279,-0.0298326,
-0.0643251,-0.205026,0.0482011,-0.0529268,0.0620976,-0.122921,-0.164029,0.145732,-0.00216821,-0.164706,-0.0194114,0.189344,-0.0184408,-0.0234732,0.0936519,0.0525277,-0.0808291,-0.0691838,0.164888,0.0448732,0.00320067,-0.0891134,0.148416,-0.125381,-0.213153,-0.0481484,-0.0585626,0.0538391,-0.0838702,-0.129852,0.0187681,0.0390696,
-0.294885,-0.0546947,-0.0339375,-0.200041,0.103649,0.105542,-0.0894519,0.00748982,0.108122,0.0405043,0.107398,-0.107112,-0.205348,-0.136818,-0.073489,-0.0906362,0.150583,0.00956182,0.13705,-0.00154507,-0.0046167,-0.107446,0.0386648,0.0355806,0.0325763,0.0609745,0.104625,0.0413744,-0.0422042,-0.071575,0.0109033,-0.0967757,
0.0767125,0.115705,-0.0559289,0.0754855,-0.114316,-0.113858,-0.0952995,-0.0271286,-0.0445734,0.126334,0.150787,-0.0150073,0.243109,0.0865021,0.021135,0.158951,-0.109304,-0.0203066,0.0517944,-0.0744918,-0.121002,-0.0031301,0.0231037,0.0426342,-0.0036915,-0.0768737,0.0951822,-0.098184,-0.0582824,-0.183173,-0.199259,-0.0544168,
-0.093755,-0.0889481,0.159181,0.00948944,-0.239173,0.126584,-0.146682,0.122761,-0.0134993,0.13466,0.0165454,-0.123227,0.0356205,-0.117791,-0.152073,-0.162345,-0.0859943,-0.124376,0.152665,-0.0391895,0.163569,-0.0268311,-0.0240434,0.0721277,-0.0524586,0.0174938,0.149248,-0.0369062,-0.186144,-0.109543,-0.21635,-0.00112477,
0.149007,0.0318769,0.0610855,-0.231358,0.0833527,0.104574,0.0391125,0.109807,0.00666151,0.106672,-0.0733837,0.0307258,-0.0789986,-0.136449,0.202466,-0.0446121,-0.0448778,-0.0294512,-0.0230849,-0.113841,0.229343,0.122372,-0.0602322,0.0432095,-0.0103364,0.0225296,-0.094526,-0.11867,0.152712,0.0729131,0.150322,-0.00932901,
0.303013,-0.106796,-0.0553925,-0.0226114,-0.0359882,0.103164,0.00102825,0.0126347,0.0539714,-0.0206842,0.200961,-0.00146956,0.0584591,-0.0369608,-0.0792118,0.0928094,0.0277934,-0.0452865,-0.167967,-0.0543937,-0.0664845,0.139082,0.0174812,-0.089616,0.0240162,-0.170058,0.00716977,-0.00945397,-0.00436658,-0.128495,0.0112322,0.0622073,
-0.0637981,0.0352624,-0.0501727,0.240371,-0.309237,0.14025,-0.00167105,-0.0199439,0.155951,0.0164297,0.143562,0.0541845,-0.0708453,-0.108876,-0.102883,0.0771052,-0.00745858,-0.0185235,-0.0364094,-0.25304,-0.156416,0.102062,-0.0336636,0.0069036,0.00880761,0.143539,0.0119682,0.143424,-0.029172,0.0955205,-0.0772017,0.00787436,
-0.151595,-0.0733981,-0.120083,-0.021252,-0.0203001,0.103798,0.151395,0.010976,0.0917066,-0.169583,-0.0276505,-0.0752565,0.237509,-0.130019,-0.00195007,-0.00800861,0.0727694,-0.0365585,0.139566,0.26213,0.0464624,0.0264214,-0.0299304,0.0309348,0.0673256,-0.154869,-0.0485846,0.0205359,0.153387,-0.0770049,-0.0619843,0.0385656,
-0.0416447,0.0232578,-0.0483294,0.00474248,-0.116444,-0.0697262,0.0309406,-0.100867,0.108512,-0.204194,-0.246065,-0.0643388,-0.0164478,0.0512869,-0.0626951,-0.0174271,0.0645925,0.032004,-0.0537459,0.00149521,-0.16732,0.121594,-0.0899222,-0.0958009,0.0611913,0.111645,-0.0873562,-0.0520476,-0.10614,0.0686648,0.277814,0.128284,
0.0724718,0.0884098,-0.0222263,-0.143721,-0.0109738,-0.0307517,0.111949,-0.0721895,-0.0133242,0.0242854,-0.0919321,-0.128958,-0.105807,0.16154,-0.187762,-0.0334621,-0.0620894,-0.107602,0.198767,-0.11336,-0.0661686,-0.0647839,-0.153021,-0.054046,-0.0876915,-0.0811482,0.0806865,-0.0343183,0.00406582,0.026417,0.130122,0.0881316,
0.123778,0.146311,0.076658,0.105725,0.0333192,-0.124641,-0.0720712,-0.0156854,-0.150012,-0.0776236,0.0582701,0.0979041,-0.0376488,-0.0504144,-0.227665,-0.00588503,0.0588397,-0.00221403,-0.0462987,0.0738744,-0.0366283,0.0843697,-0.000266912,0.0910947,0.0537481,0.00416782,0.066174,-0.0609055,0.0907192,0.0653574,0.235886,0.0729662,
-0.0422992,-0.0645359,0.11732,-0.00335447,-0.0134663,0.0317917,-0.144814,0.0209929,0.0857321,0.0396927,-0.112943,-0.253863,-0.0179895,0.0432799,-0.0968783,-0.147935,0.00452576,0.0646243,-0.111114,0.114696,0.0504868,0.150204,-0.0855026,-0.037053,0.0848718,0.195918,-0.0601975,-0.0320832,-0.146066,-0.0145295,-0.00719289,0.126319,
0.0479077,0.0206574,0.010951,-0.0715649,-0.109338,-0.14583,-0.101163,0.229068,-0.0672181,-0.0313828,-0.160682,0.0157803,0.0632642,0.0402413,-0.0484387,-0.167977,0.0852588,0.156806,0.0783204,0.0250728,-0.0577862,0.0226825,0.075622,0.210948,-0.0318169,-0.181043,0.0451725,0.0460728,-0.127633,-0.105844,-0.0305017,-0.101495,
0.0303183,0.130631,0.0238262,0.156145,-0.00380276,0.0160402,0.0454115,0.0284452,-0.022075,-0.177575,-0.000160315,-0.116037,0.0237231,0.055593,0.0505705,-0.00135734,-0.0115544,0.0384159,-0.0105264,-0.0775039,-0.0764605,0.100011,0.0606222,-0.142148,-0.0502898,-0.00590981,-0.100796,0.102346,-0.0964015,-0.133474,0.0326985,0.231164,
-0.0489788,0.156166,-0.113616,-0.121128,0.0198482,0.081135,-0.0396346,0.0330634,0.00613822,-0.0166937,-0.156922,-0.222377,-0.129024,-0.0356187,0.112502,-0.0548409,-0.117209,0.0742759,0.0639942,0.0177475,-0.149967,-0.01644,-0.140133,-0.104412,0.0665754,0.0441309,-0.0378007,-0.149492,-0.0845927,-0.0631101,0.0425976,0.115937,
-0.0907259,0.0276332,-0.104899,0.0465803,-0.0162486,-0.0907782,0.107005,0.0206527,-0.0782305,-0.13079,0.0435104,0.0633904,-0.0501682,0.0913489,0.0971656,-0.0513468,-0.0467216,0.0784142,0.022626,0.0756122,0.0264462,-0.0574022,0.0336446,-0.0228305,0.135448,-0.077195,0.0177688,0.167398,0.0733246,0.015388,-0.0236054,0.0328909,
-0.0155058,0.125196,-0.00968892,0.0234585,0.00976692,0.0784155,0.0871674,0.111181,0.0441006,-0.0333826,-0.0925953,-0.100107,0.0201773,0.0376763,-0.0487442,-0.0720731,0.0887169,-0.0525644,0.0680876,0.0407673,0.0869728,-0.0462835,0.160984,0.00762336,-0.0185748,0.0288705,-0.00501433,-0.0227228,0.0728171,0.0101172,0.048804,0.010641,
-0.106586,0.0848255,0.118766,0.0559206,0.0545406,0.112511,0.132933,0.0351538,-0.0857905,0.142549,-0.246354,0.037288,-0.00990968,0.292258,-0.18051,-0.0495688,-0.245901,0.0563069,-0.0483645,-0.143127,-0.113179,-0.0728413,-0.147377,0.0960582,0.0923378,-0.00817045,0.0349596,-0.131747,-0.127939,0.145299,0.0731883,-0.0755406,
0.0597265,0.0232392,-0.105026,0.0406395,-0.0543388,-0.103922,-0.076489,-0.103339,-0.00455749,0.0303754,0.123146,0.0606585,0.037827,0.115377,0.069588,0.0435105,-0.0931168,0.024507,-0.0111921,0.0406663,-0.0510518,-0.0700992,-0.0558375,-0.0163423,0.0248727,-0.0334558,-0.0319156,0.076771,0.0232944,0.12239,0.000233043,0.140366,
-0.03573,0.0847622,0.0542362,0.0106183,-0.20138,0.0870696,-0.0425325,-0.152748,-0.00251934,0.0217514,-0.140227,0.110007,0.061505,0.0642099,0.0705362,-0.130215,-0.124133,-0.0332227,-0.115399,-0.0292599,0.0722222,0.0640685,0.10398,-0.0193572,-0.0257073,0.045619,-0.172739,0.0569189,-0.180292,-0.13756,-0.00433936,0.122266,
-0.0412006,0.0161027,0.0592881,-0.0528027,-0.0796858,0.111305,0.00388887,0.0415797,0.0629015,-0.21181,-0.0965904,-0.0979042,0.161491,-0.00651813,-0.0637508,0.107298,0.0635441,-0.0627257,0.0600728,-0.0214129,-0.0287051,-0.0619664,0.163223,0.018381,-0.014256,0.0584377,0.0172059,0.0237112,0.158513,0.021936,-0.109628,-0.00102945,
0.150999,0.0558468,0.0726198,0.0525421,-0.0131149,0.0972512,-0.00336302,-0.132381,-0.0429381,-0.241821,0.0140593,-0.204399,0.162459,-0.0253698,0.0927497,0.0802467,0.117853,-0.0674073,-0.141609,-0.131264,0.0563637,-0.102301,-0.0844365,-0.12038,0.0389145,-0.0312845,0.0339655,0.0110852,0.0225935,-0.0856734,-0.0168667,-0.0728595,
-0.0657566,0.0202867,-0.0963132,0.103713,0.199001,0.0608307,0.041605,0.106308,0.079042,-0.261381,-0.0275927,-0.152229,0.0409102,-0.0951771,-0.0155033,-0.172524,0.130837,-0.128345,-0.240933,0.115991,0.0225173,-0.0644964,-0.103126,-0.0550014,0.125367,-0.00381845,-0.00663835,-0.16455,0.211682,0.139599,-0.0514798,0.028392,
-0.0113674,-0.0288215,-0.0766486,-0.102805,0.0387112,-0.0760117,0.202576,0.0434902,0.152461,-0.0277484,-0.088175,0.142641,0.0965129,-0.0876232,-0.13608,-0.196793,-0.0406452,-0.0255203,0.171612,0.180642,0.105974,-0.0574648,0.00943134,-0.041533,0.0276645,0.00364029,0.00658865,-0.107309,0.0637386,0.000888195,-0.0813728,0.00102783,
-0.0906508,-0.00240213,0.0399951,0.0364232,-0.149225,-0.0607272,0.104674,-0.0731741,0.0274501,-0.0473484,-0.00389662,0.257376,0.129078,0.00863701,0.0489146,-0.220634,-0.0433504,0.201941,0.0588923,0.051443,-0.00641492,-0.0853819,-0.0907032,0.114137,-0.0346971,-0.077131,0.0812257,0.058244,0.117482,-0.0866034,0.178253,-0.218002,
0.0455598,0.000315357,0.174611,0.0259129,-0.0625644,-0.0123818,-0.179903,-0.0372694,-0.0351213,0.0821089,-0.16464,-0.0557039,-0.0138046,-0.0650935,-0.0642925,-0.0698672,0.0285865,-0.113235,0.0890416,0.104588,-0.00431104,-0.00704868,-0.138757,0.0767784,-0.0152152,0.195524,0.194404,-0.083334,-0.0572244,0.0304661,0.114803,-0.0635921,
0.0234387,0.0492682,0.0223089,-0.0638038,0.103939,0.048832,0.160722,0.00291781,0.0521891,-0.144956,0.014001,0.00989854,-0.0702061,0.0536244,-0.0467583,0.0500148,0.136791,-0.0850146,0.114165,0.146547,-0.095683,-0.0608801,0.107894,-0.0245544,0.0313239,0.0999672,-0.0590433,-0.122204,-0.0557856,-0.135324,0.0539744,-0.136362,
0.0694057,-0.140631,-0.140094,-0.0238128,-0.0530973,0.00852326,-0.0332478,0.0370448,-0.0630592,-0.0666415,-0.0444105,-0.124165,-0.0477494,-0.061565,-0.0283701,-0.0550085,0.162951,0.141078,0.183101,0.0595292,-0.069175,0.0857306,0.0811493,0.190196,-0.135664,0.139815,-0.091257,-0.0288975,0.236923,0.10185,-0.108029,0.0966375,
0.0967055,-0.0254915,-0.268821,-0.0624426,0.0893138,0.0259867,0.00996608,-0.212614,-0.0558266,0.0966667,-0.0496118,0.00650128,-0.168255,-0.0726214,0.0303952,0.13319,-0.117363,0.013176,-0.076034,-0.0229233,-0.0441238,0.0107175,-0.0588033,-0.183917,-0.00128001,-0.00720519,-0.093031,0.0947761,-0.0501332,0.134585,-0.0350346,0.0154079,
-0.0858719,-0.00412522,-0.110337,0.130864,-0.140378,-0.146568,-0.0613552,0.154847,-0.0138518,-0.169708,0.0653412,-0.238608,-0.00120987,0.144229,0.126782,0.0448937,0.054443,-0.151372,-0.0877312,0.0701474,0.06783,0.109555,-0.141181,0.0663827,0.0243005,0.0387692,0.150767,0.1048,0.0240467,0.100352,0.0731229,0.0517467,
-0.0358669,0.0933776,0.119363,0.0521495,-0.291808,0.0124472,0.0758036,0.106304,0.0320949,-0.0295757,0.0707271,-0.038695,0.0245071,0.160909,0.0581482,-0.0238469,0.00576229,-0.210444,0.0483647,0.00908348,0.0694948,0.0905496,-0.16146,0.152445,-0.235014,0.199722,0.0294301,0.0547117,0.20214,-0.0525839,0.0497632,-0.0261807,
-0.0803955,-0.114273,-0.123745,0.116791,0.056103,0.0866801,0.121899,-0.121583,-0.0552251,0.106067,0.0136024,-0.102906,-0.0538785,0.0784485,-0.0144377,-0.170996,-0.0135304,0.0398151,0.126878,0.106891,0.119001,-0.0674659,-0.0425467,-0.0853077,0.0112594,0.0605984,0.0255318,-0.0872624,-0.0253608,-0.0960042,-0.107919,-0.0260915,
-0.0107521,-0.108151,-0.0958611,0.0292084,0.0294004,-0.0564572,0.159657,0.0731956,-0.0262294,-0.140417,-0.144167,-0.00884378,0.0168807,-0.0130469,0.0383109,-0.123658,0.114062,0.00763156,-0.118127,0.0618137,0.0619322,0.111291,0.0526782,0.151181,0.0982428,-0.00526061,0.019286,0.100404,-0.0431401,-0.18346,0.12914,0.127647,
0.063293,0.00633665,0.109667,-0.0557878,-0.186898,0.031618,-0.0828102,0.0654112,-0.100276,-0.289035,-0.0204044,0.0070672,-0.0799315,0.0978302,-0.0591477,-0.108537,-0.0965276,-0.0423909,-0.0477609,0.0963864,0.0162781,-0.0356079,0.125439,-0.0286297,0.102469,-0.0623952,0.165538,-0.108942,0.0448327,-0.0883568,-0.0391382,0.186443,
0.0833023,-0.0200584,-0.0132235,-0.0356369,0.0386677,-0.0058243,0.020439,-0.182559,-0.0253366,-0.0696467,-0.000999784,-0.000485201,-0.145859,0.0746032,0.125394,-0.120263,0.0725808,-0.071181,-0.0185983,0.204834,-0.000902495,-0.0104914,-0.109173,-0.055043,0.171531,-0.0238307,0.200787,-0.0632577,-0.15976,0.0452143,0.15977,-0.0241257,
-0.149367,0.0236158,-0.0401975,0.0195795,0.0952799,-0.0485423,0.0722918,-0.130572,0.074046,0.0148343,-0.0473778,0.0370775,0.0276723,-0.248114,-0.0107211,0.0544239,0.0174362,0.0391373,-0.0547481,-0.198247,-0.0272152,0.174134,-0.0337032,0.131623,-0.0655994,0.0392126,-0.0461421,0.0369473,0.0706694,-0.181829,0.0053644,0.0681615,
-0.083388,0.0167741,-0.027543,0.0337134,0.0453178,0.0802626,-0.120293,-0.111012,-0.127952,0.0776768,-0.0999724,-0.182937,-0.172031,-0.0807285,-0.0694613,-0.0912546,0.0223619,0.235162,-0.169973,0.0479996,-0.0754551,0.195706,0.152707,0.0648906,0.0315879,0.0638123,0.119031,-0.0134126,-0.0283213,0.0199582,-0.0880412,0.189443,
-0.00355308,-0.144427,0.0854998,0.196231,0.200177,0.0453541,0.0312598,-0.0786199,-0.151625,0.0716742,-0.0251919,-0.0651961,-0.0190419,-0.0750566,0.15614,0.0695396,-0.0524248,-0.0131689,-0.155408,0.153484,-0.11559,-0.0133713,-0.0608216,-0.108038,0.15874,0.0147543,-0.0598032,-0.0977234,0.120828,0.0117139,-0.00632578,0.0157457,
-0.0797523,0.0519724,0.0707408,-0.0023538,0.0328,0.198823,-0.00503995,-0.0614456,-0.00342225,0.206962,-0.180986,0.102472,-0.087136,0.0232908,0.0361478,-0.0442646,-0.0159131,-0.194401,0.0660102,0.0465243,-0.00701851,-0.00581431,0.0432357,0.0451385,-0.0351416,0.141382,-0.0155389,-0.0604253,-0.032981,0.0388498,-0.0127491,-0.15152,
0.981484,0.987554,1.0035,0.99558,1.03441,0.994143,0.974776,1.04433,1.04473,1.02506,0.985769,1.0007,0.989725,1.0102,0.979704,1.02474,1.05384,1.02809,0.987505,1.05037,0.923219,0.968831,1.039,0.97995,0.996799,1.02267,0.997862,1.04605,0.988715,1.02098,1.0748,1.04437,
0.133787,0.0437992,0.185518,-0.250801,-0.105916,-0.00732276,0.0576472,-0.226206,-0.0258047,0.19982,-0.0068599,0.185982,-0.112438,-0.259748,0.0961244,0.0244752,0.0197843,0.0622798,0.0738278,-0.0941373,0.00263014,0.0612427,0.012975,-0.0323655,0.123792,0.110497,0.141344,0.00761929,-0.0809654,0.155786,0.0923292,0.053976,
0.0329504,0.176895,0.062966,-0.0521609,-0.195437,-0.0261695,0.037284,-0.177476,-0.0117338,-0.0674798,-0.0458007,0.0955169,0.0554886,0.0809536,-0.147941,0.0746808,-0.0334627,-0.182135,-0.0915613,0.0616102,0.198691,0.136322,0.152315,0.069218,0.0583209,0.0601699,0.0592828,-0.187441,-0.0806635,-0.059103,0.0894574,-0.121885,
0.175937,-0.0025668,0.222738,0.111882,0.105963,-0.0313328,0.0235096,-0.339054,0.0391748,0.146577,-0.0499867,0.100648,-0.0398029,-0.307633,0.0781458,-0.0300694,-0.25596,0.297837,0.218989,0.0746774,0.230674,0.127461,-0.129881,-0.0939099,-0.0317221,0.0648357,0.230937,-0.000398507,0.0704102,-0.0419259,0.198013,-0.0104392,
-0.227884,0.0539766,-0.0222592,-0.0455504,0.232874,-0.0118943,-0.16854,0.148584,0.0774173,0.0272208,-0.00390198,-0.089456,0.0668965,0.0937914,0.040528,-0.0099399,-0.132309,-0.246641,-0.111207,0.0593923,0.395666,0.106334,-0.0700804,0.133004,0.0546167,0.189355,-0.00346318,-0.0989221,-0.0330751,-0.0663787,0.00356625,-0.0067298,
-0.076538,-0.337676,-0.00219088,-0.177946,0.0335526,0.045934,0.0480339,-0.0301576,-0.0882484,0.0994142,0.265741,-0.111627,0.0960525,-0.397309,-0.39049,0.00575294,0.0546954,0.0327502,0.116917,0.113861,0.0232137,-0.343299,-0.160001,-0.177417,0.228471,0.217261,0.0909743,-0.0513037,-0.0259016,-0.0586356,-0.172593,0.195578,
-0.0942898,0.131592,-0.091289,-0.0704658,-0.116732,0.0999733,0.0543488,0.105174,0.0792532,-0.481988,-0.0774416,0.167137,0.189983,0.167188,-0.00445756,0.0433609,-0.0647152,-0.265152,0.15089,-0.0853061,0.240657,0.0974944,0.217085,-0.0585981,-0.000639829,-0.0632821,0.306475,0.10099,-0.0627813,0.0999412,0.0550718,0.057952,
0.0774943,-0.125673,-0.10216,0.290713,0.0672095,0.178132,0.24421,-0.0477034,-0.105736,0.0147311,0.479962,-0.398778,0.103293,0.439187,-0.248628,0.0536669,0.00554159,0.224458,-0.0374009,-0.151383,-0.135273,-0.0583407,-0.0638338,0.231631,0.14369,-0.126546,-0.18221,-0.25573,-0.0367161,0.00133349,0.0320216,-0.255877,
-0.0762848,-0.219537,0.0107983,-0.10621,-0.0720509,-0.116018,-0.159396,-0.248312,0.0613133,0.202968,-0.141224,0.104063,0.0701924,-0.326632,-0.0325816,-0.0246843,0.0101607,-0.0573418,0.152728,-0.0113614,-0.0114435,-0.140321,0.0829845,0.335517,0.117049,0.107441,-0.00682319,0.482438,-0.00744471,-0.150303,-0.137547,0.388545,
-0.0288508,-0.0670638,-0.075209,0.106229,-0.0239836,-0.185081,-0.0346592,-0.14526,0.198638,0.0119,-0.149824,-0.0957996,-0.0375547,-0.304204,0.105509,-0.128725,-0.119251,0.191398,-0.0836747,0.226596,-0.330621,-0.0205207,0.11551,0.212511,-0.214115,0.146088,-0.275196,0.230403,0.0735846,-0.00530435,-0.0242034,-0.0208506,
0.210279,0.00169636,0.243713,0.197332,-0.00578947,0.294421,-0.0628079,-0.228998,0.303796,0.0406792,0.0515265,0.110969,0.0329652,0.103901,0.18312,0.121446,-0.171632,-0.0571619,0.284101,-0.204403,0.0141235,0.00455919,-0.265812,-0.0664767,-0.125584,-0.164546,-0.148446,0.119628,-0.25807,-0.22554,0.103542,-0.0739271,
-0.144599,-0.0230465,0.226422,-0.108055,-0.083338,-0.14967,-0.0934826,0.277956,0.117288,0.0143569,-0.179321,-0.0449754,0.013603,-0.0236698,0.302912,-0.144417,0.0878307,-0.152836,-0.345614,-0.0208413,-0.0428835,0.123601,0.0462407,0.0559023,-0.230357,0.218392,-0.0221969,-0.109589,-0.0470197,-0.0477679,0.0254102,-0.168274,
-0.167107,0.187207,0.361596,-0.212299,-0.197299,0.0325497,0.141672,-0.1969,0.159449,0.0623805,0.0773909,0.160653,0.15944,0.0922218,0.0367283,0.0354418,0.0786693,-0.304202,0.217375,0.0669964,-0.195166,0.0390147,0.0778048,0.19392,0.145712,0.0837615,0.00256574,0.158171,-0.0542316,-0.0246624,-0.006817,0.24878,
0.110087,-0.047212,-0.250411,0.440076,0.399551,-0.0359327,0.0636232,0.0227447,-0.00550913,-0.0165416,0.000870445,-0.296056,0.237822,-0.147353,-0.391426,-0.093781,0.0723154,0.283704,-0.196078,0.146743,0.195586,0.197857,0.232954,0.018888,-0.0686192,0.0152357,0.0795762,0.208603,-0.094111,-0.115635,0.130439,-0.13989,
0.0448851,-0.027651,-0.137458,0.179939,0.247938,-0.169148,-0.227457,0.0394197,-0.409498,-0.0782745,0.212176,-0.236657,-0.036239,-0.00796056,-0.517887,-0.0409026,-0.0718263,0.360723,0.184931,-0.160683,-0.0676106,0.0444076,-0.158992,0.109851,-0.0242055,0.025912,0.153645,-0.0308075,-0.0426453,-0.108014,0.165709,0.076968,
-0.0680656,0.025551,-0.0657433,-0.154865,0.160699,-0.354976,-0.0663695,0.075346,0.276539,0.110219,-0.00446868,0.108339,-0.0455426,-0.166632,-0.399474,0.120131,-0.00480674,-0.000893465,0.215455,-0.166517,-0.0691179,0.270439,-0.0161471,-0.0755208,-0.0418268,0.0932013,-0.00767374,0.254693,-0.062544,-0.0484355,0.0540334,0.0952177,
0.274015,0.083341,-0.0211005,0.482964,-0.00382295,0.339156,-0.0282883,-0.115133,0.102915,-0.186205,0.0118257,0.0340074,0.302268,-0.0850116,0.156093,0.0364842,-0.00502068,0.0622192,0.312585,0.0919787,0.0135146,0.231175,-0.0512422,-0.130904,0.0671103,-0.0609476,0.11069,0.0144277,0.0691784,-0.0595487,0.053461,-0.22277,
0.0253919,0.0503136,0.0841999,0.119338,-0.164358,0.128528,0.0382678,0.0200312,0.111338,-0.215493,0.0176494,0.259936,0.00514592,-0.113433,0.0192738,0.0379619,-0.108693,0.119399,0.165981,-0.109412,-0.217843,0.359792,0.0670025,0.11307,-0.224947,0.152286,-0.0833009,0.0242576,0.0608645,-0.128145,-0.024442,-0.0839048,
0.248187,-0.278461,-0.310488,-0.0638414,0.0290861,0.00086099,0.0280168,0.409579,0.02616,0.282998,0.131904,-0.0637815,0.031814,-0.236669,0.0732128,-0.226221,0.108885,0.261127,0.379944,-0.0822191,-0.0750742,-0.167022,-0.161252,0.101008,0.241614,0.145509,0.0383117,0.231589,-0.0828629,-0.0384937,0.112555,0.26371,
0.311325,-0.0888178,0.177104,0.0792227,-0.00243804,0.485931,-0.106233,0.0397448,0.0655707,0.0710829,0.265111,-0.0529816,0.302967,0.291954,0.417851,-0.0641456,-0.0332021,0.00904383,-0.178422,0.317356,-0.168442,-0.329336,-0.173216,0.00285042,0.223428,-0.0459678,0.0222841,-0.264349,-0.176814,0.0428674,0.0215033,-0.0318495,
0.104629,-0.0246776,0.168894,-0.117449,0.17742,0.0369099,-0.0449588,-0.139394,-0.187331,-0.0357935,-0.0323529,0.246348,-0.162249,-0.191204,-0.141346,0.0504027,-0.0234992,-0.0312367,-0.0255728,-0.0626367,0.205062,-0.0468644,-0.0676906,-0.126651,0.00488432,0.231965,0.063212,-0.0547346,-0.0558051,-0.0278872,0.168024,0.333938,
-0.031814,0.0454511,0.472712,-0.25778,0.233243,-0.0142535,-0.0550944,0.0387403,0.0166331,0.0499418,-0.070748,0.138628,0.0420938,0.357407,-0.0317989,0.161076,-0.170802,-0.294791,-0.299913,-0.147396,0.0751012,0.26473,-0.0129138,-0.0579158,0.129385,0.0222811,0.0278569,-0.136281,-0.127066,-0.0124936,0.242791,-0.0955005,
-0.0490473,0.210722,-0.198661,0.232474,0.0934755,-0.0112897,-0.0854563,-0.0527449,0.0645369,-0.3951,0.27816,-0.0257594,-0.142397,0.218711,0.0877176,-0.145692,-0.00078479,-0.0305472,0.080487,-0.120907,0.0731134,0.226089,-0.125018,-0.325209,0.106503,0.212945,0.300499,-0.13848,0.0402304,-0.182246,0.173268,0.00630271,
0.160666,-0.0726579,0.127889,-0.22053,-0.0371849,0.0605633,0.111377,-0.159742,0.129167,0.371019,-0.0963117,0.333402,-0.402463,-0.16491,0.212381,0.147543,-0.0367768,0.026142,0.0723962,0.273053,-0.0409156,-0.363321,0.210648,-0.0934721,-0.138999,0.0131076,-0.160006,0.0822313,0.00326185,-0.0989955,0.0574456,0.178563,
-0.423173,0.145675,-0.203519,-0.179551,0.0194066,0.071914,0.284592,-0.128087,0.177099,-0.160066,-0.0387887,-0.129972,0.0817228,0.270159,-0.338774,0.112737,-0.07418,-0.211886,0.197607,-0.45135,-0.254947,0.09065,-0.0960239,0.0992255,-0.109251,-0.123698,-0.0614554,0.0867523,-0.0816389,0.0255686,-0.170814,0.266935,
0.0509795,-0.161733,0.183697,-0.290261,-0.114471,0.11782,0.22597,-0.204657,0.257051,0.0329107,-0.203083,0.0705746,-0.0424679,-0.342099,0.230623,-0.0778581,0.0746986,0.0354962,-0.115736,-0.110863,-0.0637974,-0.209135,0.226966,-0.135877,-0.137303,0.316418,-0.122021,0.135845,0.0340196,0.0527898,-0.116372,-0.00415377,
0.141819,-0.307788,-0.0887941,-0.0326657,0.12664,0.0612935,-0.0662881,0.140318,-0.212129,-0.257114,0.146264,0.0230776,-0.0297547,0.0281961,-0.158569,0.269951,0.14918,0.0638981,-0.292903,0.179398,0.021714,-0.216839,0.289925,0.244104,0.202047,-0.109393,-0.0176157,0.0945786,-0.0180931,0.0728455,-0.0778342,0.135754,
-0.259133,-0.068786,-0.00664432,0.216665,-0.0587188,0.0374194,-0.00562242,0.186688,0.0159441,-0.110074,0.18367,-0.0255882,-0.0369934,0.173733,0.0606816,-0.147881,-0.00791092,0.156017,-0.115727,-0.0957461,-0.0592952,-0.15292,0.183288,0.0994753,0.000770323,-0.0507952,-0.109737,-0.155477,0.114484,-0.13109,-0.104557,0.058336,
-0.179242,0.200338,0.455106,-0.02676,0.180398,-0.184187,-0.21723,0.0358097,-0.0240703,0.391278,0.240089,-0.154153,-0.187331,-0.290858,0.183044,-0.157847,0.0856227,0.140884,-0.279098,-0.118891,-0.220507,0.0631728,-0.155527,0.303994,0.0436444,0.227781,0.0585383,-0.401443,0.100159,0.00151006,0.155697,-0.335584,
0.055645,-0.194013,-0.127134,-0.212265,0.0827976,-0.139746,-0.124808,0.239303,0.0344493,0.0442263,-0.1528,0.135877,-0.0425999,0.148528,0.0846044,0.350287,-0.0620606,-0.0198159,-0.0696437,0.291006,0.190956,0.0409556,-0.0272025,0.227462,0.0615346,0.14857,0.245016,0.0516861,-0.28072,-0.268549,-0.174564,0.017885,
0.0144493,0.0661101,0.149064,0.0269577,0.0954763,0.278348,0.373596,-0.0982696,0.205165,-0.0123391,-0.0408519,0.303432,-0.0360817,0.0768324,-0.239041,0.0994817,-0.0161268,-0.0540504,0.186679,-0.120272,0.065857,0.102641,-0.11656,-0.0199814,0.00715302,-0.284815,-0.241893,0.0492073,-0.0239841,-0.0645267,-0.0500668,0.116154,
-0.121007,0.0330404,0.131548,0.0390831,0.149143,0.0879072,0.13988,-0.158592,0.0507379,-0.0990025,0.151475,0.298026,-0.143882,-0.0866516,-0.393276,0.00925435,-0.0286423,0.190314,-0.0901183,-0.112208,-0.044706,-0.167753,0.100923,-0.00881511,-0.0418798,0.100005,-0.171543,-0.100949,-0.129183,0.0171949,-0.0146076,0.212399,
0.103265,0.109118,-0.308992,0.20329,-0.234661,0.0532254,0.14372,-0.148946,0.196264,0.128104,-0.137011,-0.157477,0.25384,-0.176099,0.0226054,-0.1797,-0.10024,0.0159148,0.23134,-0.00686975,-0.174563,0.127994,0.0927547,0.128793,-0.178997,-0.034682,-0.131585,0.278323,0.0380629,0.00451821,0.0550167,-0.164115,
0.99819,1.02818,1.02849,1.02046,1.02316,1.05482,1.01965,0.985054,1.00942,1.01455,1.0114,1.04259,1.02936,0.951251,0.975766,1.02681,1.01025,1.00815,1.00733,1.00707,1.0023,1.02299,1.03217,1.03001,1.00541,1.00905,0.973805,1.01487,0.98272,0.986277,1.01435,1.02886,
0.313163,-0.257594,-0.0268872,0.0300036,-0.0788662,0.0419707,-0.0692652,0.00470815,0.0455243,-0.0013573,-0.138542,-0.498193,0.439462,-0.0685184,0.164083,0.0456671,
-0.0521794,0.101608,0.222366,-0.18446,0.228887,-0.0825879,0.197854,-0.13078,0.235602,0.0809255,0.20166,0.377946,-0.197797,-0.245989,0.221293,0.027995,
0.0671732,-0.339684,-0.313531,0.108995,-0.281478,0.427693,0.360586,0.38337,0.0399507,-0.00836215,0.13587,0.401136,-0.224536,0.132529,0.13052,0.130513,
-0.0631974,-0.310391,0.246749,0.264285,0.613935,-0.00409589,-0.220591,0.0893772,0.249323,-0.0694273,-0.406824,-0.0986346,-0.286783,-0.11917,-0.237886,0.35946,
0.198744,-0.108697,0.186073,0.171478,0.406628,0.163211,-0.177466,-0.0913251,-0.0353993,-0.053054,0.134034,0.467814,0.177665,-0.232608,0.0958372,-0.0968143,
0.200617,-0.318899,0.199208,0.0129339,-0.035093,-0.0507019,0.185658,-0.00742116,0.0272463,-0.0262871,0.0260753,-0.319633,0.0718266,0.290943,-0.15035,0.576534,
0.019818,-0.0335024,0.15726,-0.0685297,0.299531,-0.196177,0.229631,0.281824,-0.130939,-0.170785,0.164902,-0.151124,-0.0406971,-0.025361,0.210218,-0.0180952,
0.0207731,0.188052,0.129064,-0.152519,0.00608865,0.0201384,-0.122524,-0.218816,0.101272,-0.0541515,0.158196,0.339508,-0.296485,-0.121006,0.0237573,0.336857,
0.0845178,0.268941,-0.124161,-0.0583727,0.0586799,-0.0425008,0.202573,0.331875,0.377659,0.0736281,0.00935099,-0.0517216,-0.0300636,0.198631,0.176616,0.192223,
-0.10289,-0.135979,-0.064856,0.590951,0.216236,0.0888737,-0.00373433,0.475336,0.0371293,-0.0189552,-0.294449,0.21337,-0.22895,0.111174,0.0621105,-0.389685,
-0.0281669,-0.299657,0.0287817,0.287238,0.232527,-0.0446014,0.0267162,-0.187749,-0.0564525,0.0558675,-0.14851,0.299115,0.0704657,0.17317,-0.269402,0.381461,
0.119236,0.0831344,-0.2967,-0.101207,-0.217142,0.0140739,0.394987,0.242579,-0.161407,-0.206793,0.361838,0.1868,0.145418,0.324751,0.379873,-0.0638572,
0.059869,0.145286,0.170025,-0.0997661,0.121561,0.0120554,-0.272535,-0.126187,0.183242,0.0666879,-0.0487638,-0.13602,0.0428934,0.00949378,-0.116772,0.514544,
-0.0176616,-0.0365032,0.421111,-0.273589,0.190316,0.184289,0.13389,-0.0443355,0.0838326,-0.214107,0.0780717,0.691253,-0.195184,0.0686297,-0.173879,0.493188,
0.310143,-0.0771306,-0.189279,0.00199401,-0.636912,0.327127,0.076371,0.272023,0.26809,0.293073,0.0182609,-0.35033,0.496183,0.034203,-0.251354,0.390111,
0.0769856,-0.0584452,0.239234,-0.115165,0.0380661,0.0893567,0.133283,0.152355,-0.150744,-0.146667,0.538117,0.110039,0.142069,0.0113732,-0.183529,-0.0901779,
0.080835,5.89798e-05,-0.270526,0.0477906,-0.0842382,-0.14322,0.105789,0.0279674,-0.150799,-0.0320384,-0.0768333,-0.0396018,0.0116685,-0.028178,-0.0846052,-0.029268,
-0.0783031,-0.252805,-0.139176,0.473197,0.447937,0.128778,-0.034098,0.0852332,-0.0830055,0.0947826,-0.381369,-0.0850314,0.194201,-0.247527,-0.020701,-0.267034,
-0.146756,0.100693,-0.00302995,-0.217139,0.491284,-0.621525,0.386442,-0.165638,0.219974,-0.0728311,0.0769563,-0.318508,0.29133,0.0522318,0.117035,-0.0917826,
0.153262,-0.160162,0.0254812,0.323336,-0.250677,0.273087,-0.294328,0.106729,-0.0836571,-0.0629764,0.0143346,-0.265649,0.246906,0.0759015,-5.93816e-05,0.0919328,
0.12308,0.0552654,0.110613,0.00643953,-0.15907,0.172472,-0.07659,-0.314495,0.00461833,-0.213483,0.288923,0.0566115,0.328094,-0.198424,0.200623,-0.254461,
-0.0943662,0.133895,0.206574,-0.223159,0.171706,0.225639,-0.0822062,-0.297239,0.494714,0.170268,-0.0199181,0.355392,-0.111332,-0.280945,0.394251,-0.00238446,
0.0461617,0.312088,-0.0796269,0.233903,-0.253052,0.168051,0.0388631,0.41383,0.115915,0.0113273,0.10368,-0.36886,-0.0511681,0.133154,0.0346627,-0.157247,
-0.0330564,0.303652,0.0936195,0.166325,0.135337,0.237123,-0.259874,0.308089,-0.0346432,0.00814505,-0.0446279,0.254233,0.237206,0.20892,-0.256217,0.139775,
0.0826387,-0.0932715,-0.140702,0.172291,-0.0503307,0.0714918,-0.0703289,-0.36458,-0.153313,-0.0940604,0.0908498,0.167263,0.227943,0.117605,-0.328356,0.237479,
0.0111272,0.27673,-0.342086,0.217884,-0.123145,0.208755,0.304088,0.033688,0.0873961,0.315229,-0.262966,0.239296,0.108067,-0.0570422,-0.0417117,-0.285265,
0.0924213,0.0190695,-0.0201224,-0.155009,-0.213581,-0.129518,-0.0156237,-0.375594,0.147293,0.11334,0.03592,0.247679,0.215929,-0.184681,-0.0234799,-0.109673,
0.0109178,0.502048,0.0403719,-0.110755,0.369021,-0.358469,0.100347,0.348373,-0.0128636,0.172275,0.350008,-0.256555,0.387229,0.256672,0.121946,-0.127678,
-0.102263,0.0195124,0.0416531,-0.0423213,-0.104208,-0.0932346,-0.170168,-0.00866142,0.0891736,-0.160197,0.220947,0.0980455,0.109006,-0.0216175,0.0332754,-0.0209895,
-0.00728263,-0.14159,-0.0417282,-0.0891535,-0.0377559,0.0319858,-0.148448,-0.0063976,0.100624,0.126741,0.246059,0.0629767,0.0194362,0.0101756,-0.258019,-0.0659565,
0.0577479,-0.0531383,-0.0200773,0.0896167,0.148746,0.20035,0.303957,-0.141548,0.220796,0.106223,-0.0385341,0.223237,0.166918,-0.0116664,0.173798,0.04091,
-0.171016,0.217805,-0.257001,-0.218558,0.123684,-0.373381,0.286984,0.0604721,-0.492153,-0.2962,0.226146,0.111073,0.326329,0.0492722,-0.0958837,-0.163761,
1.02773,1.02418,1.01561,1.03407,1.03299,1.02978,1.01376,1.03281,1.01134,0.993432,1.04385,1.01646,1.02436,1.02169,1.01398,1.0264,
0.151426,-0.0303626,0.105339,0.137091,-0.0122956,0.220297,-0.0130977,-0.409782,0.15139,0.39951,
-0.154317,-0.0395467,-0.038998,-0.278843,0.758009,-0.126369,-0.736193,0.0772768,-0.412778,-0.0871749,
-0.273419,0.169079,0.669382,-0.192287,-0.00506295,-0.173695,0.0690833,0.19621,-0.344519,-0.323172,
0.842725,-0.175209,0.0179719,-0.0627532,-0.323179,0.588946,0.175075,-0.118592,-0.386566,-0.274136,
-0.0849638,0.119579,0.421042,-0.664692,0.214136,-0.176216,0.804968,0.10782,-0.439815,-0.72293,
0.270668,-0.35119,0.358238,0.348437,-0.488866,0.20766,-0.610925,-0.0363216,-0.247419,0.167211,
-0.38413,0.103925,-0.747052,0.0355493,-0.15294,-0.048421,0.106125,0.423849,0.022147,0.268497,
-0.0522385,0.525591,-0.37321,-0.158287,-0.241346,0.852274,-0.425383,0.350506,-0.331189,-0.0847157,
-0.615272,0.0464168,0.141195,0.568733,0.146766,-0.0607041,-0.0431433,-0.326204,-0.382977,-0.0963626,
0.0312579,-0.0821978,-0.083014,0.483795,0.199422,0.152608,-0.098024,-0.214873,-0.112386,-0.197092,
-0.493843,-0.00244357,0.0053818,-0.361902,0.184465,-0.305007,-0.40908,0.0814962,0.223524,0.636315,
0.246329,-0.211948,0.380106,0.419376,-0.163539,-0.695773,-0.364585,1.21593,-0.25813,-0.0164044,
0.176339,-0.49792,-0.199244,-0.152718,0.289045,0.296534,0.168638,-0.662125,0.668206,0.178681,
-0.236321,0.38153,-0.0981585,-0.176345,-0.174123,0.321295,-0.210803,0.0259834,0.336311,-0.114036,
-0.300297,-0.134244,-0.0250126,-0.147832,0.223346,-0.167043,0.153213,0.0547667,-0.712849,0.426743,
-0.446346,0.697565,0.400255,0.531413,-0.385003,-0.265505,-0.265067,-0.184001,0.432038,-0.429628,
1.03947,0.965027,1.08089,0.998057,1.00597,1.03987,0.978166,0.917011,0.988114,0.987476,
