ClassifierNetwork,
784,16,16,10,
0.0899373,-0.0556709,-0.243929,0.0696285,0.152242,-0.0741034,-0.0419699,0.0929631,-0.0947228,-0.0170286,-0.0232501,0.0739883,-0.0881206,0.0764609,0.0635092,-0.139996,
0.132403,0.0399897,-0.0492006,0.100005,-0.00896237,0.0696495,-0.275666,0.0915605,-0.081243,-0.0491778,0.104845,-0.112841,-0.00347836,0.0374424,-0.163648,0.0268621,
-0.213442,-0.0456712,0.1181,-0.25728,0.0412194,0.104906,0.131464,0.134833,0.0792389,-0.0129214,-0.0792925,0.0134732,-0.00654247,-0.127539,-0.0651238,-0.085888,
-0.00385397,0.117624,0.044022,0.00227739,-0.0415144,-0.0891777,0.151546,0.134583,-0.137526,0.0347293,-0.125763,0.106164,-0.00372313,-0.168297,0.0111179,-0.102581,
-0.131844,-0.0915703,0.0243201,0.149507,0.0244691,0.0870486,-0.0193268,0.123357,-0.00505869,-0.0207242,-0.0229991,-0.056299,-0.0711688,0.0575915,-0.0166693,-0.0346943,
-0.115332,-0.0181096,-0.0230016,-0.0329392,-0.131373,-0.00863074,0.0360189,0.0964488,-0.0227365,-0.00904274,-0.0438143,0.00109433,-0.00566832,0.044923,0.151394,0.00672806,
-0.0597439,0.0561302,-0.0632291,-0.0237451,-0.1265,-0.0260688,0.0298476,0.0594401,-0.195395,0.0739852,0.249506,0.129923,-0.0466285,-0.0106576,-0.0226358,0.0233192,
-0.173294,0.00615137,-0.0279645,0.0803233,-0.0975364,0.0263496,-0.146333,-0.120737,-0.120613,-0.095133,0.059506,-0.0257698,0.0948492,-0.153394,0.0153044,0.183139,
0.0196024,0.0201588,0.0624279,-0.0574669,0.0156378,-0.383045,0.115964,-0.0482544,0.0770437,0.0657791,-0.0743573,-0.0277722,-0.128571,0.0132156,-0.00133052,0.0158147,
-0.00475848,0.123648,0.0539987,0.07791,0.0650997,0.10719,0.0829279,-0.0220282,-0.0722954,0.116062,0.0545827,-0.0385627,-0.157336,-0.0245989,0.0994561,-0.000813493,
0.0799362,0.065542,0.122381,0.0422483,0.0903373,0.187905,0.180334,0.0944707,-0.0276909,-0.0200184,0.0762447,-0.127719,-0.0821191,-0.142774,0.0491153,0.126017,
-0.152192,-0.201203,0.0833891,-0.0243653,0.0115904,0.170926,0.0169463,-0.0607116,-0.147227,0.0766208,-0.146094,0.0317384,-0.137305,0.0467017,0.00888774,-0.00325114,
-0.18176,0.00608191,-0.00182069,-0.0575968,-0.168119,-0.0352082,-0.139337,-0.00870568,-0.114886,0.0702292,-0.0266082,0.0978623,0.0139473,-0.178446,-0.00478102,-0.218417,
0.0553011,0.12561,0.139393,0.0223752,0.0509217,0.0579712,-0.0243371,0.077783,0.0520796,-0.0756327,0.134133,0.103825,0.0851017,-0.0505719,-0.00151257,0.0133134,
-0.0389083,-0.225104,0.134651,0.0130217,-0.163613,0.14518,0.119442,0.0229594,-0.00722473,-0.0517274,-0.130593,-0.080176,0.037683,-0.104759,0.16368,-0.105792,
0.0952066,-0.0941605,-0.250656,-0.00734374,0.249772,0.308193,-0.0386997,0.161879,-0.122624,0.0891971,-0.000146983,0.265679,0.0841273,0.0923774,0.0627098,0.00817269,
0.0103815,0.256079,-0.107887,-0.0553573,-0.0328707,0.0190487,0.0601736,0.0178501,-0.00188877,0.00791379,0.231582,-0.101575,-0.0132508,0.0128663,0.0237199,-0.119049,
0.0606055,-0.0432003,-0.0718766,-0.100596,-0.0213974,-0.107943,-0.116342,-0.0261106,-0.014941,0.185217,-0.00940443,0.109805,-0.0483364,0.0425707,-0.0554825,0.0495805,
-0.0889684,-0.0848133,-0.160314,-0.105179,0.251792,0.0381204,-0.17734,0.100657,0.154335,-0.0918722,-0.0692265,0.0520435,0.0713332,0.0505075,0.0906981,0.108101,
0.0728345,-0.130434,0.137626,0.128301,0.191721,0.0455541,0.0272956,-0.116197,0.0173344,-0.0501312,0.06807,-0.00832526,-0.131577,0.0164681,-0.143669,-0.0239089,
0.0880917,-0.0801117,0.144154,0.0834456,-0.0276395,0.0145313,0.153399,-0.00814668,0.0805189,0.00641179,0.0215191,0.0478503,-0.0700776,0.0153552,-0.0420373,-0.0689479,
0.0658629,-0.0555676,-0.0641256,0.148873,0.0867471,0.100969,0.220693,0.0185853,0.102138,0.0705902,0.014186,0.0304509,-0.205201,0.0725999,0.0897513,-0.00246146,
-0.117981,0.0775154,0.10692,0.0711725,0.150171,-0.0369197,-0.0645377,-0.235155,-0.178936,0.0323045,0.0720065,0.14616,-0.141704,-0.0312195,0.0120227,0.145768,
-0.0419067,0.0662113,-0.0828593,0.116078,-0.0324108,0.0322565,0.138349,-0.103402,0.0789348,0.00965413,-0.0258045,0.0745187,0.120781,-0.200028,-0.00920736,-0.0100303,
-0.00874667,-0.0137695,0.0253007,-0.0535573,0.173381,0.0823088,-0.0455163,-0.0133104,0.0550153,-0.0691063,0.0645043,-0.123467,-0.112762,-0.184259,-0.046576,-0.0195825,
-0.0499876,0.0250739,-0.18831,0.11612,-0.124146,0.00297458,-0.0794653,-0.0106258,-0.0461978,0.207126,0.152503,0.0268795,0.102713,0.0462615,-0.0426555,-0.0657334,
-0.0335312,-0.234981,-0.0625831,-0.0266623,0.00861982,0.131072,-0.02544,0.00035285,-0.163095,-0.0549736,0.0482117,-0.0354518,-0.0774108,-0.0851688,-0.236521,-0.140626,
0.0404918,-0.0502079,-0.102228,0.00392654,0.141696,0.0601443,-0.0418482,0.020384,0.0566611,-0.0377668,-0.0854868,-0.0156799,0.0576843,-0.0442111,0.00284462,-0.0557963,
-0.0929968,-0.115285,-0.0834611,-0.0236817,0.063663,0.123386,0.00635396,-0.13908,-0.105801,-0.0933389,0.00517011,-0.0177497,0.0539244,-0.0357093,0.0515885,0.120889,
-0.0268097,0.0939782,-0.0173382,-0.127459,0.172699,0.0134659,0.000404648,-0.0316435,-0.0558747,-0.145142,0.0947279,0.137117,-0.0340789,0.013051,-0.00543456,-0.00304645,
-0.0253477,-0.0828589,0.140619,-0.0207427,-0.0671656,-0.0300691,-0.0437128,0.0814248,-0.0714415,-0.00464916,0.120611,0.0917162,-0.0760825,0.0101486,0.020213,0.128088,
0.163749,-0.0257357,-0.0951658,-0.0819983,-0.0841909,0.0492606,-0.100916,0.200217,0.045253,0.0305683,0.110711,0.174367,0.0621565,0.000119118,-0.0622936,0.169244,
-0.0143076,-0.0568273,-0.204994,-0.0862669,-0.0651179,0.0247102,0.0250317,0.0543688,0.086657,0.0443461,0.0806077,-0.173764,0.0650821,-0.101058,0.0100777,0.00548228,
-0.188834,-0.102096,-0.00587936,-0.0435007,0.0366104,-0.0302393,0.029466,-0.0133047,0.193111,0.0725812,0.0161302,-0.0201969,0.0663119,-0.0237474,0.0437329,-0.114936,
0.0543953,0.121985,0.0353467,0.145937,0.0907885,0.0528905,0.117961,0.0343425,-0.0520271,0.00425053,-0.000934142,-0.0467019,-0.0250755,-0.182558,-0.0439118,-0.00987232,
0.163142,0.128198,0.0170742,-0.0679894,0.0836584,0.147091,-0.138831,0.164901,-0.110469,-0.0707778,0.0264847,-0.00446466,0.00541752,-0.0241705,0.110312,-0.111497,
0.196901,0.0162535,-0.116922,0.214406,0.231458,0.254837,0.0818473,0.0379883,0.0502194,0.0844018,-0.0330647,0.156189,0.013193,0.0745264,0.234169,0.162481,
0.240754,0.107053,0.0012437,0.017941,-0.0309721,-0.02537,-0.252049,-0.0964991,0.0802902,0.0184295,-0.057339,-0.109114,0.0919159,-0.00356069,0.0594898,0.169356,
-0.119694,-0.0256797,-0.0542768,-0.0625044,-0.130998,-0.0537771,-0.0491751,-0.192465,-0.0423139,0.0443359,-0.0463879,0.0924291,-0.0910521,-0.0511584,0.00439336,-0.100553,
-0.0624887,-0.145646,0.0494371,-0.0376326,-0.0518719,0.205976,0.0863268,0.0968859,0.0658136,-0.0391788,-0.0306391,0.152224,0.174038,-0.116236,-0.0742012,-0.137835,
-0.133264,0.119083,-0.0170077,-0.0574023,-0.0166593,-0.0726025,0.0365684,0.07081,-0.0287879,-0.0865308,-0.0744262,0.0238758,-0.121548,-0.00933513,0.0736984,-0.0301141,
-0.0281481,0.130193,0.0390334,0.020034,-0.0654437,0.0210921,0.0581096,0.0634094,-0.0995006,-0.0752392,0.0657402,-0.112978,0.0130714,-0.122172,-0.122111,0.0446849,
-0.0260598,0.0437982,0.0404393,0.174155,-0.117067,-0.102216,0.0904012,0.165005,0.231972,-0.0444338,0.0353088,0.0531816,0.0354191,0.15202,-0.0503807,-0.00880147,
-0.215909,-0.0390381,0.0671111,-0.175555,0.101023,-0.078956,0.115322,-0.0162789,0.0227105,0.0619998,0.0662217,0.0415818,-0.205394,-0.0112918,0.0166598,-0.163438,
-0.115219,-0.0829198,-0.112468,0.120698,-0.0305227,-0.0835488,-0.0938496,-0.0805269,-0.197295,-0.114988,-0.0141628,0.0445686,0.0669437,0.0965985,-0.0244097,0.183958,
0.072226,0.132388,0.068743,0.0719287,0.145545,-0.0683089,-0.0264401,-0.0902746,0.018388,0.0430251,0.0722155,0.0476921,-0.0663405,0.0169599,-0.0405406,0.0872859,
0.00575536,0.0221375,0.0460605,0.0577519,-0.282251,-0.0194266,0.0690962,0.071913,0.1346,0.0184127,0.199156,0.0166852,0.0107254,-0.0034692,-0.135366,-0.0256757,
-0.0815477,-0.115517,0.106887,-0.000941365,-0.00126467,-0.0353032,-0.0363093,-0.0717593,0.0516478,-0.0501258,0.217456,-0.172011,0.0348811,0.051322,0.220902,-0.14753,
-0.0403996,-0.0187184,0.0149835,-0.0542488,0.115333,-0.0114784,-0.0831043,-0.153015,0.0864687,0.0632504,-0.0236135,-0.187951,-0.0237565,0.0699157,0.0529898,-0.189499,
-0.0671052,0.0468094,0.0222553,0.143117,-0.0152719,0.047769,-0.0270154,-0.00174567,0.215842,-0.0320342,-0.0773316,0.0771096,5.1094e-05,0.0508568,0.281049,-0.0288167,
0.121739,0.0474601,0.0163473,0.0425074,-0.00690081,0.12861,-0.20687,0.0469698,-0.0869374,0.0451981,-0.117323,-0.0861199,0.0894631,0.15617,-0.00607756,-0.124128,
-0.0377375,-0.0745219,-0.00693617,-0.155141,0.0798206,-0.0060468,-0.0989482,-0.0350808,0.173713,-0.0295034,0.350952,0.0812279,0.0433397,-0.0801414,0.136573,0.210672,
0.269771,0.139561,0.00969451,0.0318769,-0.030174,-0.0750565,-0.116792,0.132526,-0.0780882,-0.035803,-0.240001,-0.0440627,0.0248866,0.040827,-0.101794,-0.156163,
0.00171758,0.0569557,-0.0919428,0.0591175,0.0359876,0.133992,-0.0875361,-0.0627314,-0.122898,0.0104246,-0.0567269,-0.0744228,0.015398,-0.0534318,0.0424967,0.10853,
-0.0440309,-0.132499,0.0120556,0.049755,0.12936,-0.0143855,-0.0562062,-0.1136,-0.125131,-0.138643,0.220757,-0.177703,-0.0378083,-0.176304,-0.0170846,0.0126144,
-0.251416,0.0525567,-0.0335374,0.114374,-0.128939,0.0824859,-0.0760822,0.114618,0.0256244,0.199891,-0.0597145,-0.118225,-0.0334543,-0.198151,-0.138792,0.0430654,
0.0352324,0.0820822,-0.177202,0.00661725,0.0143459,0.149808,-0.187121,-0.0241559,0.145723,0.0942239,-0.0297342,0.0674938,-0.147432,0.0614995,-0.039753,0.135728,
-0.0106065,0.0366956,0.0581864,0.0824027,-0.0534523,0.0593079,0.0511955,0.0866038,-0.0150311,0.138104,0.0936555,0.0858876,0.0625617,0.0685969,-0.114943,-0.0969793,
-0.008898,-0.0599794,-0.0749077,-0.0528959,-0.0240842,-0.0970092,-0.162598,0.0657823,-0.0700559,-0.0727066,-0.0863355,-0.0601006,-0.0683537,0.096252,-0.0132784,-0.0501156,
0.0329618,-0.0108339,-0.0505979,-0.00848261,-0.0985506,-0.0212941,-0.096531,0.0995265,0.0512472,-0.0608154,-0.138196,0.113202,-0.026818,-0.121403,0.170983,0.175148,
0.177765,-0.145558,0.117172,0.12942,0.0936818,-0.004176,-0.0459213,-0.0323782,-0.0809146,-0.0216388,0.0818713,0.11988,0.141217,-0.0546318,-0.00679882,-0.0240522,
-0.0367358,-0.0127627,0.000678618,0.143009,0.0244558,-0.0188341,0.148791,-0.0424275,0.0483267,0.0875413,0.00718152,-0.080312,0.060354,0.0855134,-0.00921749,-0.0891351,
-0.0213978,0.0467899,0.0955796,-0.0725591,-0.0496428,0.00891166,-0.0433801,-0.286436,0.015091,-0.0114541,0.0358327,-0.028222,0.0361237,-0.164165,-0.00109361,0.126677,
-0.152127,0.099428,-0.280101,0.0825836,0.0324362,0.0636282,0.118986,-0.133238,-0.05494,-0.0896736,0.00382856,0.012026,-0.0654546,0.00481869,0.0537104,0.0449265,
0.111724,-0.124375,0.0734664,-0.0352013,-0.0215964,0.127413,0.113423,-0.0149332,-0.0536971,0.0944202,0.177653,-0.0245057,-0.079481,-0.0120754,-0.0232206,0.00980791,
-0.13832,0.162486,0.0715168,0.145935,0.0108105,0.0056836,0.117746,-0.0604669,-0.0185187,-0.0607645,0.0527615,-0.0682855,-0.170809,0.13987,-0.00523751,0.0540588,
0.105801,0.0849588,-0.075213,-0.0115594,0.0999091,0.0918376,-0.20857,0.178673,0.0518414,-0.010735,-0.0329006,-0.0664114,-0.047221,0.00901503,0.0475937,-0.158359,
0.0268453,0.0361298,0.0783784,0.115958,-0.0851557,0.039032,-0.118074,-0.020838,-0.0806057,-0.0913034,-0.00563105,-0.105266,0.0540847,-0.0270758,0.0755177,0.0925037,
0.025418,0.0508532,0.0654767,-0.0678795,0.0173521,-0.0831925,-0.0962607,-0.0858523,-0.0134755,-0.0170658,0.3058,-0.081559,-0.0780859,0.0298899,-0.0620235,-0.171547,
0.0445701,0.0231441,0.0456022,0.0689136,0.0138119,-0.20662,-0.0449346,-0.190718,-0.125594,-0.0152074,0.108437,-0.0749343,-0.145194,-0.0141042,0.00085804,0.00516215,
-0.195273,0.0717199,0.0122433,0.205386,-0.0811321,0.0140511,-0.141769,-0.0429481,0.0303189,-0.107493,0.0258592,-0.0716145,-0.0590353,-0.050028,-0.0846621,-0.0806937,
-0.015095,0.0127767,-0.0646632,-0.085907,0.0300263,0.035333,0.0972972,0.0931917,0.0373561,-0.254582,0.0646876,0.0100957,0.110999,0.047705,0.165622,0.0648944,
-0.050428,0.228052,0.0184943,-0.0096239,0.0177221,-0.140465,0.0626129,0.0469875,-0.121347,0.0463927,0.114683,-0.210619,-0.177393,-0.0206177,0.204749,-0.042551,
-0.178505,-0.0097213,0.0213046,-0.174561,0.0153472,-0.131905,-0.0401151,0.10964,0.0801815,-0.0136264,0.124981,-0.0849731,-0.0432583,0.254109,-0.0530231,-0.0357414,
-0.102166,-0.0505839,0.125497,-0.0760536,-0.0765829,0.112486,0.146244,9.84833e-05,0.0433878,-0.0110094,0.0686309,-0.110451,-0.00886693,-0.0630548,0.180046,-0.0465534,
0.166141,-0.0230316,-0.0789933,-0.0122985,-0.0669842,0.0935702,0.0222775,-0.000525788,-0.0989229,-0.0425114,0.00578704,-0.0835741,-0.013759,-0.0135258,0.0563327,-0.0426173,
0.056944,-0.0241055,0.0133942,0.103558,0.0285289,-0.199082,0.0551012,0.0228706,-0.0692811,-0.120063,-0.0675973,-0.197777,-0.0432654,-0.0415162,0.116401,0.151357,
0.0947019,-0.131014,0.0953003,-0.0111269,0.0707495,0.0436058,0.0397044,-0.014393,0.0450286,-0.182707,-0.106229,-0.120897,0.0957216,-0.164543,0.0149698,-0.136136,
0.0404394,-0.0977271,-0.0124814,0.0183406,-0.122699,-0.0768674,-0.0118695,-0.0510519,-0.181413,-0.0234077,0.080732,0.000769966,0.0890016,0.143262,0.0803171,-0.0559027,
0.084299,0.0475641,-0.0108419,-0.0803736,-0.185439,0.0279076,0.0717196,-0.0404823,-0.0496834,-0.109293,0.0385367,-0.00803298,-0.131034,-0.0731918,-0.168839,0.122172,
0.16572,0.0147166,0.000674786,-0.11362,0.000556447,0.0855681,0.183749,-0.102306,-0.231337,0.0883808,-0.0243417,-0.113671,0.106671,0.00877479,0.115329,0.0944954,
0.218463,-0.164699,-0.222442,-0.196792,-0.0517048,-0.0793539,0.0305834,0.0115902,0.148076,-0.161973,0.0142581,0.123524,0.0298616,-0.1306,-0.0170594,-0.042191,
0.0670438,-0.0514474,-0.0329271,0.0654409,0.0256509,0.0240797,0.0323985,0.0388292,0.0301458,-0.0351254,-0.0320665,-0.0506457,0.0326068,0.0792063,-0.0409284,0.0799795,
-0.154427,0.014737,0.0428032,-0.0123342,0.0235893,0.171963,0.055868,-0.0868966,-0.11573,0.00786634,-0.0243254,0.044576,0.0372113,-0.0257747,-0.0316728,0.00842283,
0.00801485,-0.0621677,-0.187339,-0.10747,0.124835,-0.125485,-0.158412,0.000444946,0.0764857,-0.128984,-0.0186848,-0.0989602,-0.126856,-0.0290003,-0.0823252,0.203298,
0.0268409,-0.0533257,-0.0386726,0.118244,0.0688364,0.00329821,0.126623,0.014286,0.0398498,0.0305449,0.0905757,-0.140323,-0.0773847,-0.0967083,0.0460269,-0.0128136,
-0.124976,0.00397358,-0.162339,-0.087497,0.159583,-0.279012,-0.0932535,-0.0125441,0.0315592,-0.0510659,-0.136905,-0.129198,0.01034,-0.0340262,0.163298,0.125631,
-0.106538,0.0216057,0.138985,0.0568468,0.0566441,0.123379,0.0177521,0.0777881,0.00562631,0.0426534,-0.204021,-0.0108976,0.0423664,0.211025,0.272922,0.225662,
0.00375299,-0.141938,-0.0795236,-0.0539823,0.120483,0.0822503,-0.0323988,0.153967,0.0383106,0.0727239,0.0101622,0.0176735,0.136124,-0.0900871,0.00170268,0.0783386,
-0.166533,0.0284683,0.0539788,-0.00591501,0.0235844,0.151999,-0.239031,0.0339341,-0.15724,0.091215,0.0286165,-0.0133748,0.132995,-0.0228816,-0.0773429,0.0690677,
-0.093317,0.0803935,-0.038686,-0.000710526,-0.0141828,0.0679127,0.0974157,-0.0569775,-0.0667029,-0.0727824,0.0200985,0.0447687,-0.351595,-0.124125,0.179181,-0.190294,
-0.102133,0.0228325,0.0771437,-0.10916,0.0523108,-0.00703365,-0.0111019,0.0689693,0.00246032,-0.0895184,0.0245456,0.0304196,0.0902947,-0.0774604,0.12805,0.101215,
0.0717468,0.184156,-0.0126615,-0.0452681,-0.0193974,0.108892,-0.0137588,-0.0582153,-5.73102e-05,0.0898037,0.139073,-0.169309,-0.0249304,0.0671241,0.0637075,-0.229719,
-0.107907,-0.00639515,-0.0865444,-0.0676956,0.0992682,-0.169355,-0.189438,0.0857494,-0.0262066,-0.0373454,0.00449352,-0.0820205,-0.0904591,0.248878,0.0523572,-0.124296,
-0.0178762,0.275144,0.0266221,0.0558724,0.0703418,-0.195115,-0.0173575,-0.102342,0.0923544,-0.221131,-0.0531517,-0.0281817,0.0198861,-0.137163,0.0760367,-0.288388,
-0.0598058,-0.00336339,-0.127245,-0.127583,0.0968303,-0.0531216,-0.118531,-0.0639358,0.0402563,0.134712,0.13531,-0.259973,-0.0214824,0.0599742,0.090113,-0.217449,
0.214517,0.181523,-0.0511171,0.0289112,0.0964629,-0.087711,0.0914138,0.062062,0.0160541,0.0176915,0.128201,-0.255879,-0.0442974,0.226412,-0.281649,-0.0562582,
-0.0838816,0.117277,-0.0598297,0.0682993,0.139885,-0.088126,-0.139827,-0.100671,0.117018,-0.133129,0.0820357,-0.223082,0.0165379,0.136682,-0.0825168,-0.150198,
-0.194168,0.0514705,-0.0268058,0.0840618,0.139375,-0.0395585,0.024704,-0.143698,0.0446375,0.191629,0.0625953,-0.135815,-0.190044,0.0127785,-0.0247266,0.0265416,
0.0416569,0.161248,-0.150396,0.197344,0.086171,-0.189451,-0.0798547,-0.00268909,-0.0435383,-0.0213115,0.0740292,-0.154516,-0.0852438,0.0275297,-0.12863,-0.0512135,
-0.02666,-0.175856,0.0456403,-0.00168611,-0.0500406,0.0844259,-0.0586908,0.0651364,0.0688144,0.160563,0.145208,0.0243425,-0.136381,-0.067222,-0.108651,-0.165009,
-0.0519109,-0.00300836,-0.127729,-0.00887751,0.119423,-0.0369111,-0.149963,-0.157175,-0.0141691,-0.109503,-0.141047,-0.0779247,-0.0628475,0.0413234,-0.10532,-0.17399,
0.206067,0.239807,0.146974,0.0551775,0.042649,-0.12343,-0.0708663,-0.0654253,-0.104631,-0.00329648,0.09092,0.0497901,0.0567729,-0.0620285,0.0144149,-0.0597613,
0.111534,0.0811242,-0.0323844,0.0742658,-0.0389722,0.0723085,-0.155028,-0.141338,-0.0199128,-0.0333723,-0.0242497,-0.0988542,0.104001,-0.0336406,-0.0226005,-0.00897714,
0.167466,0.0084358,-0.0433945,0.152403,-0.11507,0.10651,0.019413,0.143496,0.123072,0.0336772,0.13185,-0.00248952,0.112518,-0.158532,0.0924047,-0.185207,
0.0545581,-0.0446059,0.0585949,-0.00667673,-0.0318937,-0.0666865,-0.0183507,0.235923,-0.0198947,-0.082224,-0.0830193,-0.133366,-0.0159823,0.11991,-0.0245932,0.0634413,
-0.0623852,-0.0999872,-0.029924,0.0472189,0.078489,-0.139115,0.14702,-0.144264,0.0569594,0.0617863,-0.0393044,0.0589823,0.135996,0.0384114,0.0219965,0.0269119,
0.0489769,-0.027413,-0.0779126,-0.00729931,0.183504,-0.0326953,0.0138285,-0.194032,-0.0936854,0.0447703,-0.155878,-0.0574993,-0.11764,0.0205975,-0.137048,0.0312928,
-0.140063,-0.0255131,-0.0547797,0.17035,0.0520726,0.0412269,-0.0496267,-0.078887,0.022075,-0.131063,0.0135255,-0.0954664,0.0976014,-0.00962438,0.076666,-0.0171487,
0.0728379,0.0469859,0.106323,-0.052546,0.0963964,0.0644065,-0.0526965,-0.101625,0.049239,0.0790817,-0.166411,0.168964,0.0559292,-0.0391972,-0.0542357,-0.075458,
-0.0973205,-0.180406,-0.0214959,-0.0250802,-0.0644462,-0.030731,-0.131911,0.024869,0.00174248,0.0601755,0.0314419,0.0627792,0.147271,0.0351143,0.0404404,0.0174554,
-0.0865126,-0.0179288,-0.253941,-0.127298,-0.0433338,-0.0202105,0.119098,0.0402467,-0.0974563,0.130946,0.0524649,0.142975,0.0787215,-0.106707,-0.133869,0.0776992,
0.227879,-0.00508716,0.0299678,0.314969,0.0203322,-0.032555,0.0438097,0.0850586,-0.0261283,-0.0473169,-0.221836,0.0990819,0.195861,-0.040795,0.0496755,-0.0811229,
0.0772154,0.107174,0.202361,0.0848839,-0.0997258,-0.0489855,0.00832652,-0.00951344,-0.0226144,0.136687,-0.0828375,0.0906094,0.0571352,0.0401057,0.150116,0.226577,
0.0660534,0.0720008,-0.0346656,-0.0618929,-0.00519807,0.092488,0.117017,-0.0305841,0.0134739,0.0968572,0.06807,0.113232,0.0891542,-0.0404051,0.0464986,-0.130821,
-0.0718186,-0.0492797,0.134435,-0.0199346,-0.169782,-0.203198,0.122602,0.0253798,0.0646906,-0.174141,0.0421253,0.111844,-0.12993,0.0155808,-0.0379523,0.100294,
0.0723472,-0.0061413,0.0734493,0.132409,-0.18327,-0.0674522,-0.0421962,-0.0382461,0.15624,0.0591044,0.0319845,0.162636,-0.00877402,-0.173821,-0.074284,-0.0173792,
-0.0188136,0.122904,-0.00496924,-0.000246491,0.0382084,-0.155257,0.0187295,0.112961,0.102655,-0.0764804,0.0794323,-0.000347039,0.0870872,-0.166724,0.0547722,0.022574,
0.070417,0.14687,-0.0902273,-0.076572,-0.0280691,0.123917,-0.0352965,-0.0631907,0.0141682,0.0966099,0.0518915,0.0460351,-0.0282551,-0.0436376,0.201053,-0.158482,
0.0598192,0.0602763,0.179557,-0.0721183,0.269926,0.073814,-0.0558721,0.0612796,-0.183657,0.182026,0.090229,-0.123851,-0.0874678,-0.0310174,-0.0424982,-0.0279119,
-0.0475474,0.078811,-0.106738,-0.237371,0.0295804,-0.0402511,-0.151326,-0.16153,-0.134498,-0.0861155,0.00545644,0.0114259,-0.146309,0.0697301,-0.0475949,-0.0653544,
0.02093,0.0486671,-0.0346248,-0.0520824,0.179019,-0.0152851,0.025853,-0.242657,0.0604739,0.186997,0.0805437,-0.0372149,-0.0480516,0.120629,-0.0348191,-0.0664269,
-0.0454702,0.12894,-0.201312,0.00249613,0.214523,-0.0870818,-0.00939858,-0.104612,-0.0294166,0.0106431,-0.0766801,0.0264487,-0.119854,0.0435478,-0.00696831,-0.0651897,
0.038997,0.173496,-0.147902,-0.0673271,0.118784,-0.092209,-0.0926754,-0.10417,-0.101576,0.0256194,0.0912714,-0.202546,-0.0525147,0.100154,0.05578,0.0347582,
0.0182454,0.229383,-0.133001,0.0743497,0.0972266,0.118352,-0.215805,-0.0903935,-0.095954,0.132861,-0.034171,-0.151829,-0.0684319,0.12168,-0.0960818,0.0213854,
0.144991,0.183341,-0.149988,-0.0915636,0.164407,-0.0495346,-0.0584682,-0.164367,-0.000278711,-0.0255116,0.136453,-0.154397,0.0234059,0.13799,0.0646621,-0.0181979,
0.0644894,0.0330654,-0.0559521,-0.0352736,-0.0411789,0.072106,0.0836414,-0.108562,-0.115771,0.0879139,0.0378425,-0.0631456,-0.112673,0.175391,-0.206335,-0.11716,
0.097,0.26283,0.0254638,0.176799,0.114133,0.0779391,-0.075481,-0.0511864,-0.202357,-0.16801,-0.0157097,-0.292523,-0.11505,0.0966155,-0.21153,0.146089,
-0.0196927,-0.0422233,-0.151706,0.0665319,0.195879,-0.0503983,0.000951505,-0.0503925,0.0250117,-0.0202151,-0.120478,-0.135236,0.0402276,0.160642,-0.140851,0.043444,
-0.089843,0.039168,-0.118175,-0.0215649,-0.124212,-0.098092,-0.0284452,0.0581326,-0.103228,-0.0599692,-0.165509,-0.0518776,0.0686757,0.0784597,-0.00871117,-0.0306022,
0.0660849,0.0313566,0.0354053,0.132616,0.0906754,0.0182814,-0.061041,-0.00586704,0.0817692,-0.0825664,0.0581609,0.0403661,-0.180187,0.00630499,-0.0571105,-0.053905,
0.0717813,0.0951747,0.0141156,-0.00486644,0.0416667,-0.0371686,0.00467267,0.150656,-0.0602536,-0.0682276,-0.0157638,0.0659256,0.158678,0.205774,0.00850515,0.0674564,
-0.050643,-0.118769,0.042709,-0.0425903,0.00625081,0.0333982,0.124774,0.076379,0.0729688,-0.0556252,0.08541,-0.0433419,0.00795549,-0.0950116,-0.0300119,0.0226713,
0.0220228,0.0948917,0.044738,-0.0497997,-0.00875534,-0.00918904,-0.121191,0.0142747,0.0259831,-0.0936082,0.0834222,0.0931294,0.0899517,-0.127232,-0.063854,0.024253,
0.263146,0.0498,-0.132239,0.0745587,0.0155269,0.0159481,0.0385949,-0.114748,-0.141466,-0.155258,0.078086,0.0726697,0.148227,-0.0308851,0.13208,-0.0408575,
-0.026083,-0.0834939,0.0796694,0.215924,-0.229322,-0.0824799,0.00139624,-0.016174,0.21367,0.0212436,-0.126293,-0.0368144,0.0403928,-0.063138,-0.0813575,-0.0310369,
-0.0509846,0.00362991,-0.073004,0.022236,-0.0262198,-0.0520781,0.295517,0.104569,-0.035194,-0.160991,-0.0477303,0.107728,0.291871,-0.0929922,0.112906,0.0901006,
-0.0066256,-0.115799,-0.0394625,0.015441,0.0938204,0.115057,-0.0784045,0.0347056,-0.145299,-0.0298354,-0.0396732,-0.0344548,0.0346546,-0.0228744,0.100856,0.0319258,
-0.12932,0.0930733,0.0341379,-0.0150019,-0.0712164,-0.0113359,0.0705902,0.0926628,-0.0202914,-0.059733,-0.0712822,0.110929,-0.0497128,0.124753,-0.202601,-0.0713484,
0.13137,0.15912,0.0282081,-0.0422952,-0.121447,0.136095,-0.0942338,0.123972,0.0825416,-0.00437725,-0.175783,0.0900181,0.0415649,-0.107647,-0.0101137,-0.0383373,
0.261563,-0.0992611,0.0160149,-0.00616604,-0.123989,0.0316043,-0.142291,0.025674,0.0337618,0.130289,-0.124589,0.0736341,0.0262306,0.166835,0.200039,-0.0178159,
-0.011152,-0.0885927,0.186219,-0.158089,-0.126142,-0.118276,-0.240201,-0.0289722,-0.0305949,-0.107735,0.0777844,-0.158558,0.133606,0.0652018,0.0932614,0.107676,
-0.032238,0.0554909,-0.0881754,0.0777461,0.0664378,-0.13468,-0.0136721,-0.113421,-0.0961685,0.058877,-0.0542324,0.163276,0.0650776,0.0318864,0.126624,0.046666,
0.141655,-0.00509007,-0.1545,-0.0982073,0.10009,-0.02009,0.102597,-0.193248,0.0742195,0.0694688,0.0211525,-0.020775,-0.015199,0.00151961,-0.0128517,0.0198463,
-0.0138479,0.0225139,-0.0709875,-0.0645093,0.11013,0.0247377,-0.191891,-0.00355116,-0.0812471,0.04657,-0.0482532,0.0814178,0.116928,0.0510364,-0.0095256,0.0870203,
-0.0864039,-0.211838,-0.0269462,-0.0349959,0.0283526,-0.177902,0.0608835,-0.0599171,-0.141386,-0.00890623,0.240328,0.086991,-0.145072,-0.0978879,-0.0268834,0.11232,
-0.0711552,0.0528698,-0.352399,-0.0483324,0.0419197,0.0245475,0.241547,-0.0978645,0.175785,0.0193732,-0.158544,-0.0483252,0.108028,-0.197661,0.0839565,-0.0224481,
-0.249912,0.032576,-0.07975,0.0155432,0.0590627,-0.0546309,0.0893826,-0.00192853,-0.0447334,0.042935,0.0514486,0.137882,-0.141043,-0.172136,-0.0552898,0.0526947,
0.0244156,0.167988,0.0040418,-0.0109662,-0.0125984,0.0661385,0.0502849,-0.0709416,-0.0604009,0.0292839,0.167708,0.0351129,0.0376327,-0.0536656,0.0510138,0.0646013,
0.0956981,-0.0284013,-0.0598416,0.0773545,0.124218,-0.00871186,0.242529,-0.228021,-0.0297235,0.166084,-0.00118268,-0.0303593,0.14903,0.0933786,0.113866,-0.000207889,
0.121827,0.0831329,-0.105782,0.18838,-0.0823023,-0.10733,0.0165725,-0.0680188,0.068594,0.090751,0.0845002,-0.0869385,-0.0211097,0.115494,-0.169856,-0.202549,
0.0675965,0.107414,-0.110218,0.201953,-0.0667166,-0.0537928,-0.0480564,-0.236598,-0.076046,0.164559,-0.0275446,0.0829394,-0.00441849,-0.0171416,-0.0954203,0.197423,
-0.0682868,0.0146225,-0.0272672,0.0212431,-0.0533859,0.0518673,-0.0985399,-0.155031,-0.10314,0.106542,0.00866015,0.0601078,-0.0633389,0.157336,-0.198231,0.0839152,
0.0664269,0.118771,-0.070164,0.246545,-0.0834857,0.0364196,-0.0654588,-0.033402,0.0047594,0.081662,-0.151077,0.0287497,-0.101718,0.0207176,-0.138391,0.0937598,
0.0145443,0.163923,-0.0433059,0.106403,-0.0128671,0.0537656,0.0481577,-0.156802,-0.0400321,0.0627557,-0.00905226,-0.0451593,-0.0445553,0.130151,-0.0720729,0.0832191,
-0.0445136,0.104445,-0.0660874,-0.0703729,-0.00423457,0.0297885,-0.141917,-0.189171,-0.00553847,-0.0262264,0.0107304,-0.0952551,0.0413985,-0.150781,0.0757768,0.0301927,
-0.225926,0.15046,-0.242743,0.145732,0.0999922,-0.125736,0.0822759,0.0233414,0.00415531,0.165217,0.0492223,-0.0481823,0.156289,0.123352,-0.290961,-0.0513135,
-0.0224944,0.253378,-0.105379,0.0845514,-0.0602199,0.0488211,0.0252714,0.0738304,-0.167732,-0.0100233,0.113634,0.0818302,0.0608368,0.116553,-0.11481,0.0417216,
0.100158,0.0851963,0.038993,0.152894,-0.0412837,0.0147128,0.00618904,0.084475,-0.00577962,0.0873331,0.0690902,-0.0529079,0.0523972,0.155703,-0.126737,-0.0843828,
0.0422025,0.0145363,-0.0781616,-0.0714944,0.121151,-0.0598343,-0.175092,-0.0063954,-0.0580665,-0.0554102,0.047267,-0.182934,-0.0467355,0.0884371,-0.0788802,-0.161369,
-0.0517896,0.0289108,0.00115929,0.208858,-0.0846819,0.17517,0.0193754,-0.0529545,0.0715427,-0.216116,0.0326161,-0.0255556,0.111446,0.214201,0.00407068,0.0402226,
-0.130893,0.129046,0.0330028,-0.01265,-0.0294774,0.134853,-0.056923,-0.00620803,-0.0463507,-0.0653925,0.0929612,-0.211462,0.171301,-0.0614709,-0.101076,-0.137134,
-0.0567144,-0.0428815,0.0652475,0.172076,0.0154286,0.0057144,0.103398,0.133075,-0.0397411,-0.224086,-0.0822853,-0.0049865,0.0655212,0.022285,-0.108341,-0.0239719,
-0.0163671,0.0925101,0.00924055,-0.0889433,-0.176341,0.0142132,-0.0879631,0.101553,-0.0896875,-0.157423,0.00687865,0.175877,0.0815954,-0.103623,0.0289785,0.076508,
-0.0565846,0.190337,-0.160003,-0.00963095,-0.0709594,0.00397678,-0.182856,-0.0272481,-0.127724,-0.0773796,0.0635141,-0.0854702,0.155621,0.0493836,-0.0658251,-0.00665097,
-0.0221121,-0.000442995,0.02789,0.0564141,0.0825983,0.230875,-0.0222995,0.0401843,-0.0395184,-0.105102,-0.0743641,-0.0742858,0.012093,-0.0197669,-0.0492344,0.0425777,
-0.0530229,0.113701,-0.130496,0.0209782,-0.0238188,-0.110125,0.0424034,-0.11591,0.0761537,-0.0153579,0.0483624,0.00495865,0.127369,-0.18041,0.115991,-0.0144738,
-0.211904,-0.0101304,-0.0182957,-0.0552012,0.0146978,0.0592002,0.0185773,0.0306367,-0.00145981,-0.0557659,-0.0697313,-0.247301,-0.100638,-0.0771902,-0.0494762,0.182737,
0.153902,0.0218078,-0.0636719,-0.00485658,-0.0390689,0.0176891,0.147338,0.117814,-0.0878572,0.0389011,-0.0105671,0.0689506,-0.193404,0.0316559,0.00505202,0.040169,
0.0535519,0.10418,-0.0296139,0.0923809,0.155715,-0.0259432,0.047952,0.0590508,0.0544822,-0.0466275,0.186501,-0.0748623,-0.0637728,0.0741047,-0.177352,-0.0113287,
0.0494878,-0.0570858,0.117985,-0.00306175,-0.0607525,-0.0902269,0.0338869,0.0327082,0.141099,-0.186815,-0.00343592,0.0580003,-0.130615,-0.0657502,0.0947228,-0.00187764,
0.105334,0.0957905,0.229808,-0.0501276,0.0246072,0.025302,-0.0366742,0.0830682,-0.00177081,0.0432787,0.125438,0.0413586,-0.0570951,0.0256456,0.148623,0.139337,
-0.0326032,-0.145477,-0.109706,0.0141578,0.172276,-0.174244,0.0450805,0.0436442,-0.059534,0.225796,0.051909,-0.153043,-0.00886948,-0.0950616,-0.011502,-0.0959828,
0.0843674,-0.164071,-0.0883812,-0.0353253,0.293181,-0.105005,-0.0372309,-0.06643,0.00197422,0.000560961,-0.0623255,-0.0726522,0.136143,0.0385575,0.00450626,0.154006,
0.142862,0.0647458,-0.213079,-0.035925,0.0380257,-0.138159,0.0286386,-0.0902656,-0.0157241,-0.118266,-0.000439597,0.180281,0.00831151,-0.0821657,0.0327638,0.23064,
-0.114278,0.0149968,-0.352936,-0.100958,0.0928866,0.074757,0.0841137,-0.00538106,0.102507,0.0639566,-0.10432,0.0114707,0.128542,-0.131468,0.0464148,0.139826,
0.00798658,0.0469623,-0.064083,0.037886,0.0782516,0.12555,-0.027422,-0.0320566,0.179594,-0.0363009,-0.0711314,-0.00581547,0.127295,0.178525,0.110491,0.179838,
-0.000468549,-0.0109856,0.0426712,-0.00621023,-2.61065e-05,-0.0603834,0.137781,-0.0197939,0.146799,0.094768,-0.137304,0.297184,-0.207428,0.0077378,0.00398901,0.0209155,
0.0518799,0.283776,-0.0996172,0.157773,0.122858,0.179235,-0.00667673,-0.125146,-0.0322739,0.0915252,-0.165577,-0.0319196,0.0309776,0.0500358,-0.00874815,0.150278,
-0.202923,0.186569,0.0193558,0.00996347,-0.0817587,0.034826,0.0364771,-0.0219046,-0.0291482,0.176437,-0.0751386,-0.000326194,-0.14893,-0.0218767,-0.0907468,0.0994756,
-0.0917106,0.178063,-0.0218616,0.0598568,0.0593643,0.114706,0.00422586,-0.189664,0.0265931,0.0439696,0.027453,0.00883847,-0.0665031,-0.0570459,-0.0308212,0.0487216,
0.0749966,0.197797,0.127274,-0.0541374,0.0162888,0.0969897,-0.188761,-0.214119,0.0712656,0.093657,0.0968244,-0.0353485,-0.052408,-0.0048688,-0.0527072,0.0233984,
0.0459975,0.309028,0.053948,0.129089,-0.0614854,0.0980994,0.0160437,-0.182722,0.00306855,0.138851,-0.0333933,-0.0904149,-0.0562529,-0.0678571,-0.0344545,0.0766671,
-0.121167,0.116953,0.0297481,-0.0423678,0.100556,0.105257,0.0883962,-0.037829,-0.0744711,0.133064,0.0876165,0.108008,-0.0232654,0.0989068,-0.138961,0.13091,
0.104807,0.104964,-0.0536029,-0.00615429,-0.0193981,0.1162,-0.0446909,-0.173459,0.130851,0.0515935,-0.0803056,-0.0870664,-0.00010783,-0.102419,-0.147009,0.0343301,
-0.0563845,0.183758,0.226467,-0.0398419,0.0288248,0.0339141,-0.111436,-0.0346277,0.125093,0.177785,0.0649275,0.0642142,0.119831,-0.000734691,-0.0437683,0.0874971,
0.114663,0.0968126,0.0864808,-0.0576392,-0.00606573,0.00169396,-0.0312244,-0.0456753,0.00473822,0.0226701,-0.0776037,-0.138578,-0.0949172,-0.0597313,-0.240307,0.0614927,
-0.0817619,0.162892,0.0354163,-0.0762136,-0.0569119,0.0233164,-0.000520206,0.166629,-0.0300661,0.0785643,0.002233,0.0106195,0.199623,0.0356917,-0.172111,0.110258,
0.127484,0.098258,-0.0404824,0.0844906,0.00985992,0.0231543,-0.0709104,0.0425994,-0.0354473,-0.124821,-0.0321509,-0.026091,0.0384057,-0.020032,-0.228615,-0.0461396,
0.163743,0.214741,-0.207553,-0.113338,-0.0848937,0.0636058,0.0750715,-0.0118499,-0.0196875,-0.0373028,0.111334,-0.00692246,-0.0372745,-0.170609,-0.218575,0.0732547,
0.0136931,0.0961059,-0.129758,-0.00231403,-0.0389831,0.10563,-0.11012,0.253869,0.0977609,-0.188207,0.0388019,0.0539046,0.211624,0.145577,-0.0426026,-0.0335879,
-0.221855,0.188647,0.0255305,0.000788215,-0.0567302,0.140773,-0.080512,0.0641449,-0.156939,-0.221737,0.102347,0.025569,0.172913,-0.0417671,0.114652,0.0221179,
0.187096,0.0312584,0.230438,0.163782,0.148931,0.138201,-0.0911535,0.140277,-0.062013,-0.290693,-0.029832,0.20475,-0.0927221,0.141897,-0.132392,0.0257158,
-0.0497929,0.175604,0.0423537,-0.0968279,-0.0340254,-0.0374204,-0.0479802,0.0448055,-0.0944152,-0.0517002,-0.0611063,0.0610889,-0.0788369,0.180677,0.0140745,0.0189668,
-0.00715485,0.0554541,-0.01156,-0.0146314,-0.0507643,-0.118029,0.127179,-0.187085,0.0175668,-0.0973184,0.043086,0.308245,0.0291334,-0.0395762,0.0973447,-0.0172188,
0.17485,0.142749,-0.0634003,-0.104605,-0.0943634,0.0108412,0.0516131,-0.0764164,0.0486487,-0.0864307,-0.178925,0.17282,-0.0880828,-0.102166,-0.0317078,-0.113861,
-0.0838162,-0.164369,0.00252129,-0.164159,0.188447,-0.00685866,-0.0112975,-0.0452781,-0.0381758,-0.112217,0.069043,0.0996982,0.0515981,-0.0435708,0.0159476,-0.0174911,
0.0115331,0.150021,0.0468721,-0.0665747,-0.0164321,0.0951113,0.0673584,0.0871402,-0.0352087,0.00472711,-0.0113129,0.10865,-0.205044,-0.260525,0.156033,-0.072417,
-0.0420713,-0.0307901,0.00354783,0.0834533,-0.0814288,-0.132169,0.0439707,0.0174359,-0.0563919,0.038963,0.0647518,-0.0565012,-0.0482432,0.165712,-0.193771,0.020125,
-0.212507,0.113078,-0.0420874,-0.00253854,0.0851058,-0.0537943,0.0120212,-0.150874,0.12614,0.0851428,-0.157654,-0.114947,0.161561,0.138923,0.0765098,0.0455929,
0.0192098,-0.095253,-0.111541,-0.214377,0.0982991,-0.0739694,-0.00664242,-0.0640488,-0.0674477,-0.181866,-0.0362105,0.0562576,0.00173627,0.0533319,0.113323,-0.0450494,
-0.028764,-0.0111365,-0.144285,0.0305292,-0.015241,0.0132743,0.0660999,0.0103892,0.067572,0.0557627,0.00994631,0.0399529,-0.0298112,-0.0795872,0.226799,0.0697847,
-0.0275435,0.106592,-0.138195,0.0291481,-0.0584554,0.0976298,0.0759127,0.161227,-0.0849133,0.0725197,-0.0237836,0.151342,-0.015501,-0.18316,0.149369,-0.182676,
-0.021868,0.0372815,-0.175825,-0.0121485,0.121821,0.107869,0.127698,0.113672,0.0243218,-0.000245303,0.106926,-0.0622876,0.078301,-0.199837,0.00994659,0.122046,
-0.146648,0.284126,-0.0978455,0.063925,0.0936432,0.229446,0.0638792,0.0177007,0.0121036,0.134497,-0.0275818,0.0335494,0.0408766,0.0459918,0.0737214,0.0905776,
-0.0126379,0.118955,-0.281727,0.0996773,0.123743,0.276979,0.254304,0.0316897,0.126691,0.115441,0.158422,0.201076,0.0760012,-0.0277398,0.0498902,0.10285,
-0.0585721,0.0686647,0.022783,0.298729,0.0225754,0.16156,-0.123096,0.0807357,0.216818,0.121939,0.155351,-0.0337749,-0.0635306,0.00238101,-0.0877625,0.276293,
0.0858139,0.104178,-0.0118529,0.121579,-0.0314488,0.103571,-0.0115813,-0.0227025,0.208634,0.14165,-0.212618,0.214367,-0.00647159,0.126309,0.228293,0.00402809,
-0.100227,0.168977,0.100008,0.119866,0.141285,0.0998644,-0.0153143,-0.145814,-0.0622994,0.0426173,-0.099941,-0.133569,0.0849168,0.00512419,-0.0435652,0.133841,
-0.0189555,0.177195,0.0791768,-0.0858288,0.0654647,0.0958938,-0.018106,-0.0598088,0.203217,0.193344,-0.117324,0.10086,0.0490484,-0.129959,-0.182722,-0.0173477,
-0.0189193,0.339712,0.122965,-0.00920148,-0.0375188,0.114665,-0.146842,-0.060302,0.272129,-0.0647386,-0.0272455,-0.0309019,-0.0110776,-0.0435239,-0.0401753,-0.0497059,
-0.00865048,0.22528,0.190671,0.0841063,0.0557936,0.161343,-0.0238871,-0.281295,-0.0489502,0.157195,0.224028,-0.0620432,-0.108271,-0.160246,-0.209596,0.00883515,
0.0230441,0.298113,0.10129,0.0622,0.0238397,0.075614,0.143909,-0.215977,-0.0567899,0.165853,-0.0554301,0.0185242,-0.0670476,-0.0567808,-0.132944,0.00300072,
-0.022802,0.0880927,0.0510762,-0.137556,-0.0165844,0.103658,0.109732,0.0319857,-0.0338068,0.0548351,0.0381001,-0.0716151,-0.0202596,-0.0619226,-0.114207,0.0924463,
-0.201659,0.173263,0.0716931,-0.0719917,0.0144462,0.162131,0.0852689,0.160609,0.00632999,0.0399331,-0.102719,-0.0502361,0.0265661,0.0173482,-0.0475098,-0.0744993,
0.0575955,0.223557,0.0134454,0.000472507,-0.063416,0.00151048,0.0733402,-0.00143609,0.0207719,-0.0146836,-0.0246052,-0.0112602,0.180513,-0.0106911,-0.357383,0.1395,
0.161226,0.185105,0.174674,0.154052,-0.119346,0.186593,0.0899782,0.0717292,-0.0330525,0.0288329,-0.0808936,-0.0391816,-0.141239,0.00106267,-0.105874,0.108157,
-0.168093,-0.0304357,0.172225,-0.183448,-0.0724144,0.0182126,-0.0363375,0.126586,0.0179027,-0.118743,-0.110408,0.00828937,-0.0628152,0.200242,-0.0690726,0.0253958,
0.208284,-0.00271245,-0.0661851,-0.112917,0.0461989,0.0465611,0.117188,0.180171,-0.0565941,0.097494,-0.0732028,0.0460352,0.0531268,0.0949853,-0.164559,0.0236399,
0.00835685,-0.0737268,-0.00865306,0.058943,-0.109609,-0.0471269,-0.163286,0.226767,-0.0591848,-0.186959,-0.0580041,0.0594766,0.228152,0.0995366,0.00773797,0.266816,
-0.107157,0.0296252,0.047589,0.0323309,0.0120568,0.283888,0.047724,0.209971,-0.109352,-0.0622629,-0.128251,0.184569,0.0106334,0.151432,-0.00698535,-0.0513827,
0.0677797,0.072565,0.0927753,-0.0356914,0.0337411,0.0372585,-0.066277,0.00109961,0.0415984,-0.212556,-0.18499,0.241925,0.0395354,0.19325,0.101365,0.0867624,
0.126557,0.0490159,0.171961,0.00671806,0.00997966,-0.134035,0.0259944,-0.00828808,-0.0962936,-0.115389,-0.0953339,-0.0578072,0.19051,-0.071978,-0.100341,0.0894862,
-0.0662895,0.161205,0.0318853,0.0587878,-0.0112569,-0.0512857,0.00997392,0.102904,0.0224644,0.0681296,0.0821289,0.0962287,0.0770352,-0.0740916,0.15577,-0.122849,
0.138465,-0.0400905,-0.0811257,-0.0506365,-0.0668645,0.0289126,0.0588915,-0.157854,0.0190248,-0.0123426,-0.103841,0.0196903,0.00320111,0.137743,0.0302348,-0.132385,
-0.184967,-0.0105477,0.120446,-0.040027,-0.0679525,-0.0140209,0.0118149,-0.032762,-0.0920741,0.0152335,-0.112726,-0.0439813,0.0196914,0.279244,-0.030371,0.00129588,
-0.0696006,0.0389227,-0.0324258,0.0243491,-0.0838421,-0.0211932,-0.196996,-0.0274985,0.105264,-0.0581285,-0.0522266,0.147592,-9.80101e-05,-0.0471878,0.219807,-0.134819,
0.10941,0.12595,0.0626649,0.0044623,-0.0236094,-0.00190822,-0.0896808,-0.126096,-0.046394,0.0274548,-0.120881,0.138006,-0.130468,-0.2764,-0.029542,0.134822,
0.131768,-0.0143225,-0.00624614,-0.125007,0.0371288,-0.195495,-0.0120299,0.0385777,0.11181,0.0325856,-0.085568,-0.0684345,-0.0129256,-0.14935,-0.0664657,0.139473,
-0.0782181,-0.0391276,-0.136157,-0.136719,-0.0679493,-0.0125949,-0.00223821,0.0885027,0.134094,0.283175,-0.0161104,0.0245682,0.0975795,-0.0987553,0.0315693,0.29051,
0.128206,-0.136923,-0.120553,-0.127806,0.05803,0.0184384,0.0985639,0.00719551,0.0700048,-0.00799739,0.019305,0.00697828,-0.127774,-0.00105007,-0.0369324,0.198601,
-0.0649587,-0.0163865,-0.151139,-0.0286327,0.127068,0.123543,-0.0144674,0.137965,0.101174,-0.0200883,-0.0133496,0.0526259,-0.0522693,0.0799435,0.105201,0.0464115,
0.069786,-0.0535458,0.049496,0.0870722,0.0132883,0.276338,0.0603692,0.0298532,0.276088,-0.0662215,-0.0433464,0.147066,0.0257239,-0.0140859,-0.00330794,-0.0344835,
-0.0684669,0.0197852,0.0174891,0.187871,0.0961779,0.219083,0.167786,0.238089,0.0920245,0.0723021,-0.0210842,0.11432,0.00788246,0.137642,0.0955659,0.0343904,
0.067998,0.0245727,0.0541604,0.19526,0.0375515,0.0720028,0.0892032,0.182146,-0.00115059,0.156692,0.027609,0.053706,-0.0876651,0.0621313,-0.0698632,-0.0299042,
-0.150752,-0.0007643,0.0986325,0.131551,0.0749194,0.164657,0.117846,0.0608828,0.208385,0.138476,-0.0580534,-0.0670072,0.0162519,0.0392252,-0.0864955,0.0137132,
0.0460131,0.104044,0.168947,0.152986,-0.0564765,0.0980098,-0.22925,0.142283,0.183224,0.0342207,0.00116295,0.0904204,-0.18,-0.0559258,0.0128351,0.0296783,
-0.119658,-0.124587,0.126956,-0.0184018,0.1339,0.00157884,0.0788186,0.0673219,0.106684,0.0978436,0.110328,-0.0885526,-0.0563959,0.0943866,-0.230199,0.0167879,
0.127406,0.168978,0.235516,-0.142698,0.0453702,0.0637502,0.174411,0.0392946,0.0337217,0.199712,0.0569334,-0.210945,-0.0167597,-0.282697,-0.0818467,0.0296018,
-0.0569474,0.165544,0.172036,-0.112056,0.108256,-0.0480659,0.00963525,0.0453793,0.0936347,0.200412,-0.0710522,-0.0256741,-0.00918964,-0.0265549,-0.10505,0.0190996,
-0.145129,0.0896097,0.157809,-0.162981,0.186549,0.165451,0.0996445,0.102238,-0.053815,0.0967303,-0.170557,-0.0634461,-0.0110426,0.0544673,-0.101691,0.0292322,
-0.11763,0.121453,-0.0262532,-0.0657604,0.167463,-0.0234745,0.179845,-0.0568185,-0.0582325,0.0339282,-0.218419,-0.0918731,0.0110748,-0.128619,-0.0788989,0.00447702,
0.0926857,0.00765202,0.025046,-0.110141,0.0944798,0.0334935,0.0231301,0.0371971,-0.0440844,-0.053865,-0.19529,0.171539,-0.0112365,-0.0874152,-0.142905,0.120105,
-0.159657,0.0763854,-0.0520754,-0.128332,0.192129,0.197437,0.07677,0.0355876,0.107989,-0.0329402,-0.0558807,-0.012928,-0.00858201,0.0560621,-0.135649,-0.0230302,
0.128329,0.0029575,-0.155281,-0.131448,0.0703676,0.0477456,0.10811,0.257463,-0.0133527,0.0493873,-0.116991,0.210901,-0.13253,-0.0181288,0.00542618,0.040415,
0.097896,0.10254,-0.0223702,-0.144103,0.167579,0.277864,0.0551361,0.0534485,0.0247427,-0.074192,-0.0691359,0.0160179,0.145622,-0.0433723,-0.276875,-0.0565035,
-0.0124472,0.0936802,0.0479691,-0.117685,0.0985692,0.0730671,0.156503,0.117557,0.0735826,0.00331671,-0.153309,0.140703,0.0484845,0.21434,-0.0789679,0.157862,
-0.107482,-0.0222421,0.0568603,0.0878895,0.0847856,0.219726,-0.0347298,0.209404,0.02771,-0.0843082,-0.184744,0.234413,0.0343879,0.144737,-0.108041,-0.0895657,
-0.0971635,0.0531808,0.201603,0.143134,0.0918219,0.203057,-0.0966091,0.261538,-0.218176,-0.217241,0.0623396,0.179155,0.139275,0.136087,-0.105879,-0.058324,
-0.0651527,0.189159,0.0973404,0.0492003,0.106404,-0.000529089,0.0566694,0.0533031,-0.0610523,-0.142098,-0.0608688,0.116729,-0.146487,-0.0157175,-0.139669,-0.15407,
0.0373888,0.170287,0.222997,0.064578,0.0699755,-0.130227,-0.0670674,0.110498,-0.127001,-0.0649783,-0.1004,0.139216,0.0429464,0.0439351,-0.119229,-0.0331854,
0.158057,0.0440838,0.0615283,-0.00716592,-0.0214925,0.0526164,-0.0275423,0.0823472,0.0446771,0.112828,0.0528838,-0.0551763,0.115046,-0.0622318,0.00127668,0.108279,
0.0401838,0.215562,0.0218073,0.0436071,0.0667087,0.040819,-0.0752434,0.0245727,-0.0715059,0.0882971,-0.0927864,-0.0160373,0.181352,0.0455659,-0.0134781,-0.0260667,
0.158964,-0.0997669,-0.100016,0.217854,-0.0358983,-0.0936235,0.0254837,-0.105369,0.0700208,-0.0570505,0.0152708,-0.131622,0.0808489,-0.11276,-0.087226,-0.142791,
0.143201,0.0529769,0.0638799,-0.0243659,0.0201212,-0.0710636,-0.0341939,0.117809,-0.129608,-0.18916,-0.0152906,0.0348678,0.0250122,0.0699067,0.103754,0.0802433,
0.101293,-0.0142865,-0.107465,-0.0741483,-0.106177,-0.0766103,-0.142777,0.0921104,0.0252426,0.0328341,0.00728062,-0.0857833,-0.063935,-0.126058,0.00758608,0.165795,
0.0791143,-0.00560403,-0.187984,-0.0021352,0.0636752,0.0686226,-0.108637,0.0395773,0.0792554,0.0587424,-0.103646,-0.0919644,0.00142419,-0.0394581,0.121741,0.21457,
-0.0439846,0.010596,-0.08699,0.102988,0.025574,0.0764219,-0.111726,0.153888,0.21758,0.222144,0.121385,0.0250444,-0.00398795,-0.0818575,-0.162443,0.194865,
-0.144233,0.0732864,-0.106461,0.0569876,0.126154,0.041819,0.0544758,-0.0776181,-0.0152298,-0.0480163,-0.236465,0.0899233,-0.0909509,-0.107963,0.161402,0.182984,
-0.0966234,-0.00448504,0.0251532,0.0441085,0.178987,0.212133,0.00726152,0.238735,0.089204,0.0517541,0.10684,-0.04185,0.157408,-0.0199127,-0.0583092,0.328988,
0.00933558,0.0312162,-0.0495353,0.094887,0.153599,0.166949,0.0549729,0.0272417,0.0932974,0.189949,0.137803,0.160193,0.0324733,-0.11388,-0.113825,-0.0488491,
0.000360678,-0.124824,0.0388214,0.0799408,0.0889647,0.0213348,-0.0695903,0.159035,0.261286,0.103453,0.0372776,0.0491783,-0.0958426,0.160685,-0.0419223,0.162643,
-0.0273132,-0.0594876,0.0412444,0.121863,-0.0573717,0.17791,0.131339,0.165969,0.411074,0.0480111,-0.0162556,0.0908918,0.077947,0.145922,-0.20906,0.0856444,
0.0341962,-0.193584,0.138162,0.181405,-0.0919763,0.0322135,-0.0309375,0.115137,0.151623,-0.134761,-0.182183,-0.117475,0.0590842,0.0647009,-0.00173403,-0.0576916,
-0.0241301,-0.0594877,0.233155,0.192839,-0.074155,0.0637219,0.0100856,0.20634,0.116915,0.0646113,-0.0660792,0.0570065,-0.14489,-0.0234112,-0.0310006,0.051256,
0.0223199,0.021389,0.266115,-0.171052,0.030172,-0.037184,-0.0487102,0.119654,-0.0018144,0.0850462,-0.141804,-0.0698348,-0.157232,-0.0170171,-0.0651041,-0.0292042,
0.101349,-0.19135,0.206197,-0.323031,0.244714,0.0137582,-0.0589927,0.122922,-0.254422,0.0848793,-0.274581,0.0104069,-0.216502,-0.096024,0.066744,-0.0708505,
0.193307,0.00085947,0.077685,-0.100379,-0.0180081,-0.125651,0.211254,-0.17981,0.0205903,0.145184,-0.0738033,-0.11443,-0.289684,-0.171616,-0.0123229,0.154837,
0.198775,-0.0087322,0.0072423,-0.353396,0.147199,0.130076,0.224382,0.130845,-0.0867334,0.118082,-0.0417844,-0.0079732,-0.0343756,-0.0962182,-0.0143574,-0.0424612,
0.13296,-0.0895789,-0.00674507,-0.274716,0.01346,-0.0540733,0.158628,-0.0135337,-0.0326108,0.0910917,-0.266772,-0.0529084,-0.0331835,0.0628845,-0.0391721,0.0177626,
0.107054,-0.0408524,0.0238325,-0.151115,-0.0648302,0.257176,-0.00422861,0.300706,0.11098,0.1217,-0.117707,0.0554229,-0.0501496,-0.00573088,-0.0693674,0.0375641,
-0.0712837,0.15128,-0.0195705,-0.33178,0.0164821,0.141929,0.066542,0.0724659,-0.112488,0.0985763,-0.210585,0.197168,-0.0862391,-0.0450849,0.0481835,0.00378449,
0.114074,-0.231614,0.0638936,0.0442575,0.193426,-0.0581866,-0.0307138,0.0252943,0.0135178,0.0514235,0.0408671,-0.154401,0.0651249,-0.042042,0.0298136,-0.013364,
-0.0959351,-0.0372279,-0.0925805,-0.195313,-0.00210217,-0.00108466,-0.031455,0.205768,-0.086029,-0.121097,-0.0345945,0.0837978,-0.107664,-0.094656,0.0235556,0.125166,
0.0231327,-0.0797159,0.0860275,-0.271668,0.206861,0.0369003,0.201069,0.228878,-0.0238767,-0.0056175,0.0851915,0.141729,-0.18729,0.0978217,-0.11285,0.00149379,
-0.143205,0.0682634,0.113628,-0.127036,0.128913,0.0493871,-0.0418486,0.371205,-0.0824807,-0.0313164,-0.141029,0.0357484,-0.10954,0.123039,-0.0780511,0.0934779,
-0.170756,-0.167138,0.151416,0.0416778,0.155311,0.273884,0.0271217,0.356967,0.044634,-0.182458,-0.146304,0.150991,0.0210449,0.00432754,-0.0779246,-0.0307644,
-0.0205656,0.103935,-0.0497616,0.0554433,0.0815682,0.108664,-0.158561,0.256548,-0.0300512,-0.137301,0.173425,0.129097,-0.181712,0.176014,-0.0544361,0.0132563,
-0.126001,-0.0402112,0.043376,-0.0365553,0.0656532,-0.298011,-0.108493,0.084044,0.121139,-0.00321233,0.0587997,0.0189462,-0.0839993,0.120148,-0.0155847,0.0446452,
0.0827995,0.00976761,-0.119445,0.0287091,0.082676,-0.0572227,0.0228591,0.0529821,-0.106823,-0.0654256,-0.0422606,-0.0770577,0.0361299,-0.131674,0.0799837,-0.072118,
0.0345368,0.0151708,0.0358618,-0.0526824,0.0975776,0.0381986,-0.0791482,0.105413,-0.135017,0.0901511,0.165065,0.071946,0.0260545,-0.0404837,0.131799,-0.111524,
-0.106607,-0.135027,0.0337777,0.169588,0.0670402,0.196016,0.0227029,0.0705583,0.0245705,-0.11215,-0.112882,-0.129215,0.0342221,0.0264986,0.0582982,0.0753379,
0.0100048,-0.0946956,-0.125761,0.0021616,0.110877,0.111164,-0.113013,0.134398,0.0942717,0.10514,0.0403614,-0.13037,0.11131,-0.151838,0.189736,-0.154066,
0.05897,-0.124822,-0.100953,0.150167,-0.165748,0.0401427,0.0726524,0.0397309,-0.0994665,-0.0494862,0.00967719,0.0271731,0.0291508,-0.0713466,-0.0988001,-0.0948836,
0.119379,0.00546086,0.0264644,0.0359047,0.175168,0.0809243,0.0593917,0.195752,-0.0478292,0.0911141,-0.0627637,-0.0978165,-0.0988475,-0.052017,0.0150031,0.112812,
-0.0980062,-0.174162,0.0309436,0.0404725,-0.0790916,0.152034,-0.0624096,0.170089,0.0713864,0.00924601,-0.00456282,-0.149655,-0.0586552,0.0149926,0.154763,0.0687809,
-0.145084,-0.0329488,-0.00758188,0.143495,0.0695122,0.00782995,-0.0404152,0.0830436,-0.0347871,0.0723374,-0.0406108,0.130953,-0.124302,0.256899,-0.0492666,0.183852,
-0.101458,-0.133701,-0.116307,0.0920251,0.119242,0.0658996,0.124001,0.0885713,0.0845235,-0.0613388,0.0962477,-0.129623,0.0408955,0.0297772,-0.0627786,0.309226,
-0.135933,0.0453202,-0.0282941,0.364234,-0.000431647,0.148203,0.0747567,0.160677,0.234289,-0.00228975,0.0378612,0.0338752,0.0378638,0.138741,-0.0270108,0.0612841,
0.0874103,0.0408713,0.266631,0.0658825,-0.100793,0.151426,0.15401,0.229082,0.0601444,0.0163621,0.00242872,0.0175333,0.00252484,0.166192,-0.165937,0.10615,
-0.280513,-0.13419,0.23668,0.26386,0.0858491,0.00704119,0.0271937,0.184369,0.0396429,0.159799,0.0619606,-0.0293025,-0.057464,0.0934236,0.0115652,0.195746,
-0.0955393,0.0367172,0.0525855,0.214997,0.085264,-0.0134911,0.0179419,0.414805,-0.0697907,0.0857366,-0.0409801,0.116785,-0.100015,0.101808,-0.0535631,0.172439,
0.100647,-0.241698,0.154038,-0.00151389,-0.0961898,-0.0148595,-0.27837,0.187473,-0.0819788,-0.0722842,0.0546302,0.0250853,0.0952468,0.00707766,-0.0323075,-0.0285635,
-0.0631734,-0.0285825,0.103239,-0.123295,0.252292,0.0804095,-0.129787,0.187435,-0.266052,-0.11902,-0.0820353,-0.202793,0.0742554,-0.0870883,0.104052,0.0851555,
0.0523668,-0.209615,0.0999243,-0.344564,0.200626,0.0052271,0.0265736,0.128822,-0.140804,-0.0850682,0.0466338,-0.309788,-0.253671,-0.104592,0.0441508,0.039078,
0.0884182,-0.332121,-0.00786732,-0.260719,0.14998,-0.00395317,0.270141,-0.0646693,-0.33171,-0.197833,-0.202326,0.0288751,0.0278245,-0.238086,0.249109,-0.00235306,
0.0914328,-0.0435509,-0.0258258,-0.135381,0.29502,0.0302586,0.143805,0.00580331,-0.0313614,-0.00540477,-0.161021,0.0288964,-0.156766,-0.163486,0.049429,-0.0573129,
0.204418,0.0271868,-0.0248714,-0.187761,0.116482,0.113417,0.243179,0.0291339,-0.0349157,0.126336,0.0115328,-0.00845446,0.0525444,-0.0687954,0.131109,-0.0744992,
0.1839,-0.200886,-0.123427,-0.139705,0.229706,0.00280527,0.0989148,0.0760047,-0.0659238,0.218432,-0.0929467,-0.0496714,0.0690483,-0.0700963,0.0612699,0.103065,
-0.00656634,-0.131413,0.11098,-0.204421,0.20425,0.0658728,0.0375801,0.0455135,-0.114855,0.201411,-0.120988,0.00174008,0.0315095,0.0786745,0.0969908,0.21054,
0.0232682,-0.131704,0.0266171,-0.172474,0.103998,-0.023213,-0.0253952,0.189092,-0.106419,0.233689,-0.113007,0.14018,0.0951331,0.000830581,0.0308053,0.131053,
-0.136828,-0.0448962,0.0502926,0.00647384,0.159101,0.0740652,-0.110663,0.191672,-0.035234,0.079066,-0.0239456,-0.0165839,-0.143743,-0.0592047,0.0221732,0.0951268,
0.0863061,-0.190111,-0.0108295,-0.0469338,0.138542,0.0301528,-0.0701618,0.127282,-0.0543157,0.274045,-0.253828,0.237645,-0.0110009,0.129832,-0.0311144,0.0534237,
-0.102872,-0.0161507,0.196999,0.0141207,0.339683,0.286166,-0.141285,-0.0875608,-0.129959,0.0298994,0.0130325,0.207861,0.0630115,0.0581463,-0.0648183,-0.0962494,
-0.0741697,-0.0385194,0.256194,0.0019197,0.309831,0.00846849,-0.110732,0.398534,-0.255104,-0.220217,-0.215276,0.170685,0.0499513,-0.00315417,-0.122612,-0.282359,
0.17857,0.0815731,0.33948,0.0723895,0.113853,-0.00243817,-0.109546,0.0173509,0.00724536,-0.256696,-0.103236,0.062634,-0.0427967,0.126835,-0.0902942,-0.0596023,
0.171579,0.083087,-0.0473961,0.151713,-0.096826,0.0667363,-0.136766,-0.0551851,-0.115019,-0.175078,0.0765425,0.0537881,-0.0442481,-0.067967,-0.133747,-0.0050227,
0.130697,0.0653557,0.136029,-0.125831,0.00807199,0.180943,-0.181245,-0.149352,0.240777,0.12098,-0.149424,0.0117176,-0.0963422,-0.0253151,0.0264827,0.0266352,
0.189665,-0.0644978,-0.0675894,0.0538887,0.262288,-0.0277325,-0.0129926,-0.185224,-0.00415025,-0.100285,0.0166762,-0.0453512,0.0113715,0.0308034,-0.0347923,0.0394764,
0.0928144,-0.0489798,0.0195619,0.00141382,0.0279892,-0.0184017,-0.00452846,0.0889507,-0.0291892,0.0613581,-0.0123905,-0.00112251,-0.140228,0.0254452,0.0955995,0.0298398,
-0.00409083,-0.114135,0.0999443,-0.0136176,0.0418394,-0.0422449,0.0178059,-0.0121676,0.105486,-0.150402,-0.038107,-0.109812,-0.0498273,-0.0729339,0.0273851,-0.0859763,
0.104606,-0.0303452,-0.0198313,-0.0942633,-0.00586928,-0.216518,-0.0748106,-0.10174,0.125151,0.0534678,-0.0771029,-0.0052717,0.00400451,0.127374,0.0546425,0.124069,
-0.0690899,-0.13662,-0.0181062,-0.0410328,-0.0755423,0.0581672,-0.0871589,0.000842936,-0.154747,0.0641944,-0.114761,0.121001,0.0484993,-0.102937,0.126449,0.194351,
-0.104419,-0.126171,0.164916,-0.0737515,0.0927917,-0.0898352,-0.0841622,-0.204851,-0.0792572,-0.00378017,0.165087,-0.105398,-0.0922683,-0.0265429,0.00201941,0.126267,
-0.106571,0.0135321,0.0352052,0.167894,-0.0783846,0.186521,0.0809439,0.0216129,-0.0182263,0.0904351,-0.157163,-0.0999148,0.0140777,0.00833826,-0.235987,-0.134029,
-0.0903016,-0.104318,0.0146779,0.117571,-0.00540672,0.129977,0.0155176,0.0758762,-0.129538,0.175866,0.071604,-0.0828295,-0.045529,0.0115707,-0.0481772,0.150084,
-0.137531,-0.0700999,0.0743059,0.12459,-0.0903161,0.126197,-0.0933841,0.115401,-0.122509,0.187645,0.0589052,0.0668333,-0.0708464,0.152143,-0.226274,0.132299,
-0.0458656,-0.1134,-0.120305,0.223608,-0.0688587,0.112917,0.0828181,-0.0524992,-0.300418,-0.0529536,-0.0835006,-0.00981653,0.105077,-0.0369548,0.0616443,0.119436,
-0.172498,-0.0491887,0.0825699,0.160152,-0.0628828,0.114375,0.038442,0.155829,-0.463707,-0.0505722,0.125465,0.238101,0.0586921,0.00300904,-0.109441,0.079012,
-0.0324014,0.0399469,0.00654745,0.110309,-0.0814418,0.0869827,-0.177303,0.119167,-0.435821,0.00845447,-0.03194,-0.238152,0.214501,-0.0118719,-0.0286347,0.212859,
0.0299272,-0.208212,0.113495,-0.0159827,0.105144,0.0130145,-0.268158,0.128797,-0.597182,-0.170284,-0.0154304,-0.00756524,0.0476617,-0.087887,0.0983357,0.0378785,
0.171448,-0.178077,0.111369,-0.337435,0.190692,0.0629352,-0.351773,0.202576,-0.503955,-0.233695,-0.0308587,-0.141646,-0.0805396,-0.232044,0.151584,0.0784058,
-0.00585941,-0.199685,0.1698,-0.316123,0.259217,-0.0278078,-0.187298,-0.0425372,-0.296401,-0.227159,-0.143641,-0.2864,-0.167518,-0.175183,0.0298868,0.0481048,
0.0689538,-0.380349,-0.0892507,-0.0595386,0.125594,0.0514053,0.149321,-0.103005,0.131158,-0.175402,-0.181799,-0.00873949,0.055816,0.0210735,0.116591,0.1071,
0.133021,-0.404027,0.027069,0.152471,-0.0255237,-0.0281574,0.086322,-0.0502393,0.0692535,-0.101919,-0.0428659,0.0468533,0.0642194,0.0307341,0.115709,0.132827,
0.053877,-0.16923,0.0138643,0.113399,0.221568,-0.0897679,0.0576715,-0.0943343,-0.103342,0.0935867,-0.184847,0.062007,-0.0908171,-0.178384,-0.101693,-0.0221032,
0.190139,-0.15691,-0.00786126,0.128563,0.194392,0.12823,-0.0607571,0.067568,-0.118876,0.0720596,0.0812154,-0.110095,-0.00509193,-0.0854675,0.103149,0.098969,
0.102357,-0.139927,-0.0476427,-0.0745062,0.0975177,-0.0508753,-0.217826,-0.101125,-0.0841766,0.0594028,-0.0356445,-0.156951,-0.0758057,0.0197981,0.229493,0.146774,
0.019536,-0.0688661,0.0287973,0.039832,0.0981422,0.103617,-0.0243864,-0.186037,-0.176936,0.218208,-0.118677,-0.0847432,-0.13594,-0.283096,-0.0571912,0.0381994,
0.0805063,-0.254217,-0.196659,-0.162511,0.00943375,0.0302619,0.164439,-0.0146993,-0.157832,0.212689,-0.139672,0.0193813,-0.0138176,-0.189125,0.10684,-0.231883,
-0.240938,-0.0780722,0.112152,-0.142546,0.0802364,0.195418,-0.0269335,-0.0881001,0.0234205,-0.0601838,-0.0617305,-0.0897735,-0.107367,-0.197983,-0.100535,-0.11308,
-0.152002,-0.117525,0.0530515,-0.0739141,0.224701,0.0849957,-0.181744,0.0150776,0.0134275,-0.0536654,-0.14861,-0.114583,-0.0196317,0.0676854,0.0138046,-0.041104,
-0.0130537,-0.0628918,0.018703,0.0710066,0.189577,0.188051,-0.0275761,0.141897,-0.0713001,-0.210283,0.084834,0.097523,-0.147835,0.245784,0.0184117,-0.312164,
-0.0672513,0.0382268,0.040717,0.128726,0.0577478,0.140644,-0.139636,0.0244138,-0.0159381,-0.0154365,-0.0519332,-0.0411988,-0.0351427,0.13057,-0.312105,0.0812413,
0.0888665,-0.121173,-0.0437721,-0.184689,0.0643396,-0.200445,-0.163674,0.173614,0.0971508,0.0887891,0.0986288,0.0776921,-0.396921,-0.104265,-0.133847,0.0447671,
0.0822586,0.0519802,0.0814807,-0.0982099,-0.0712457,-0.0223515,-0.0756561,0.129538,0.113726,-0.0530095,-0.0770094,-0.0607269,0.136204,0.0300902,-0.0536414,-0.259126,
-0.0569558,-0.10985,0.0517166,-0.0882491,0.0126457,0.0190824,-0.0643131,-0.0626239,0.0478148,0.065312,-0.0117811,-0.223375,0.0886438,0.225858,0.0655134,0.196607,
-0.101673,0.0271052,-0.0262642,-0.0467423,-0.0866157,-0.029725,0.169671,-0.093961,0.0103992,0.0579116,-0.0799147,0.0393193,0.104386,0.168086,-0.00450098,-0.0456919,
0.0244695,0.0569577,-0.0361912,0.060073,0.0644593,0.0540426,0.148821,0.0316406,0.0384654,-0.0111945,-0.0243099,0.0202738,0.174618,-0.0993144,-0.10069,0.170737,
0.21094,0.0362335,-0.0433155,-0.109737,0.0120253,0.133319,-0.11874,-0.00134738,0.00688086,0.184677,-0.0988211,-0.0282217,-0.0456552,0.116382,0.10614,0.216843,
-0.113572,0.0372202,0.255994,0.00647927,0.13322,0.0491775,0.018429,0.00216184,-0.149196,0.0407122,-0.0893222,-0.0846693,-0.0383328,-0.106681,0.00827848,0.336572,
0.205222,-0.0140757,0.0480326,0.0594681,-0.168998,0.182647,-0.123642,0.115419,-0.110453,0.0234988,0.0104908,0.129411,-0.172556,-0.0688992,0.00218089,0.0745061,
-0.0962425,-0.0782278,0.104452,0.0504377,-0.112268,0.0556196,0.077049,-0.0543384,-0.313066,-0.222606,-0.153552,0.0624994,-0.000126348,-0.172019,-0.0491365,-0.15424,
0.0148737,0.0286421,0.00965075,0.308923,0.0526513,0.227423,0.0343229,0.0174938,-0.330334,-0.0971232,0.0671457,0.166396,0.10684,0.0188253,0.120746,-0.0277684,
-0.106776,-0.0707116,0.0754895,0.158382,-0.124316,-0.170318,0.18424,0.150136,-0.363365,0.0578441,-0.0560348,0.0623835,0.0660953,-0.110455,-0.0561298,0.228308,
-0.0415812,0.146424,-0.185783,0.0659094,-0.0309587,0.0651455,0.0393364,0.00909355,-0.681277,0.131902,0.137292,-0.0320448,0.0475496,-0.0830983,-0.245812,-0.0297164,
0.0747717,-0.107094,-0.0431418,0.231212,-0.0455053,-0.157657,-0.0830901,0.174437,-0.518113,0.114726,0.0836037,0.0768257,0.127703,-0.18225,-0.0385518,-0.010835,
-0.0862709,0.056192,-0.107952,0.0956839,0.0693449,-0.218645,-0.357943,0.110735,-0.542512,-0.037376,0.0593768,0.17459,0.0434068,-0.130642,0.0488568,0.130057,
0.128004,-0.0226527,-0.10637,-0.115802,0.0642834,-0.0500004,-0.305458,-0.0472186,-0.240333,-0.270787,0.0264212,0.307081,0.269353,0.219408,0.250969,-0.0620758,
0.0590032,-0.0832179,0.0688657,-0.202259,0.163174,-0.120842,-0.335316,0.174185,-0.0975835,-0.0445545,0.0725687,0.0450017,0.0570797,0.231517,0.0418211,0.0355717,
-0.0561181,-0.264211,0.0402321,-0.104328,0.278369,-0.0946881,-0.203322,-0.035403,-0.0204667,-0.241764,0.0624358,0.0673754,-0.212174,-0.17062,-0.00311539,0.142012,
0.0335073,-0.103516,0.117182,-0.0443042,0.199213,-0.113925,-0.127775,-0.287541,-0.0816278,-0.228824,0.0264645,0.0543733,-0.00606421,-0.154218,0.0796075,0.12994,
0.150028,-0.139369,0.0136126,-0.0132265,-0.0255619,0.0638353,0.0283873,-0.0376056,0.0222153,0.0514638,0.16404,-0.0329943,-0.0109945,-0.159711,0.201021,0.0873384,
0.0417029,-0.173852,-0.107532,-0.0569615,0.107917,0.0984565,-0.0797991,-0.0574289,0.00870947,0.0479248,-0.0808349,0.0261368,0.0367911,-0.102659,-0.0768292,-0.0259522,
-0.0164599,0.0552929,0.0242608,0.136559,0.0812675,0.0789064,-0.096387,-0.0894678,0.0665515,0.133966,-0.0625695,0.0698871,-0.0708746,-0.212576,0.0377456,0.116244,
0.0956552,-0.155867,0.141924,0.00171461,0.0799253,0.0308074,0.000706524,-0.00652523,0.0638107,0.325591,-0.107907,0.0238607,-0.045601,0.127418,0.126354,-0.00370816,
-0.0839938,-0.0521641,0.00148287,0.0490172,-0.025759,0.00617632,0.0382302,-0.0582188,-0.205759,0.306195,-0.109611,0.137506,-0.299279,0.105102,0.0864279,0.124737,
-0.0303238,-0.206719,-0.166169,0.00967194,-0.0145248,0.133303,0.0132272,-0.333891,0.0463442,0.071888,-0.0299825,-0.039833,-0.0437897,-0.0212706,0.117247,-0.130836,
0.00241642,-0.235738,0.0549878,0.115859,-0.258733,0.0778573,-0.0992709,-0.0632543,-0.0137741,0.133267,0.0290914,-0.0257153,0.280166,0.0944891,0.0349227,-0.111494,
-0.24231,-0.0829856,-0.0367774,-0.0769949,-0.10788,0.3823,-0.169151,-0.123448,-0.196391,0.344933,0.0355615,-0.0471968,0.100162,-0.0645078,-0.0496209,-0.216988,
-0.142714,-0.208019,-0.0233878,-0.0416658,-0.0993588,0.103941,-0.0938066,-0.173787,-0.132839,0.176105,0.0174026,-0.00796447,-0.199255,-0.0120855,-0.0471634,0.0202351,
0.0493604,-0.124897,0.0433013,-0.067981,-0.0809128,0.0605046,-0.0636664,-0.0390701,0.0171997,-0.0423396,-0.0624391,0.147848,-0.0655301,-0.122072,-0.0452533,0.00576467,
0.0495465,0.127493,0.0694712,-0.0916644,-0.0453734,-0.146252,0.0930623,-0.058029,-0.0606885,-0.00284374,-0.0446065,0.0219834,-0.137113,0.0637036,-0.0400666,0.155128,
0.0554947,0.0789758,-0.0233709,0.127087,-0.0365481,0.110451,-0.048818,0.0297383,-0.170152,-0.0566174,0.0185891,-0.131092,-0.0132175,-0.0706848,-0.151053,0.229499,
-0.0200033,-0.0906213,0.0412042,-0.12498,0.0522909,-0.0601045,0.0904531,-0.00983477,0.00464855,-0.0342135,-0.0882974,-0.0177067,0.122561,-0.02991,-0.0272604,0.0194626,
-0.108867,-0.208722,-0.0693597,0.0607021,-0.017412,0.191951,-0.111994,-0.100018,-0.0522455,-0.0965101,-0.156644,-0.0940108,-0.0515837,0.03034,-0.2476,-0.0945833,
0.0749874,0.132479,0.1039,-0.20814,0.188705,0.0410562,0.0820411,-0.14937,-0.0187485,-0.107376,-0.0388637,-0.0277301,-0.0568123,-0.0328718,-0.00181001,0.302669,
0.12973,0.0327714,0.0122588,0.0971241,-0.121062,0.0508202,0.15692,-0.0335502,0.288945,-0.0267853,0.0129974,-0.0652633,-0.108297,-0.187471,0.131115,0.0896924,
-0.000295216,-0.144128,0.0735589,0.0101461,-0.0193284,-0.0256372,-0.0296454,-0.118517,-0.162944,0.0617719,-0.146873,-0.0967454,0.0593069,-0.0887309,0.0670002,-0.0707666,
0.0685176,-0.0985876,0.371546,0.0122231,-0.155312,-0.0506397,-0.0868907,-0.0447013,-0.31567,-0.0478127,-0.111595,-0.0313287,0.0694313,0.0438084,-0.0245046,-0.0380679,
-0.148542,-0.136538,0.0397393,0.0583022,-0.0626006,-0.0131226,-0.191594,0.155537,-0.259065,0.00580809,0.0799393,0.232893,0.0134669,-0.0861247,-0.0883971,-0.185922,
-0.0332291,0.0157852,0.142017,0.0170978,0.0216196,-0.109436,-0.0721561,0.0474054,-0.454275,0.0355576,0.0577915,0.101942,0.198112,-0.0254496,-0.0542083,-0.0531015,
0.0793452,-0.0521284,0.145249,0.112879,0.132358,-0.189458,-0.123976,0.00968433,-0.624334,0.0594102,0.0279945,0.110717,0.0687805,0.00569958,0.110885,-0.0720574,
-0.112736,0.0821468,0.0341967,-0.0196812,-0.0703011,0.036408,-0.237876,0.104451,-0.292699,-0.0133751,0.00882224,0.112074,0.125182,0.0493421,0.110315,0.01583,
-0.181748,0.0610608,0.0616092,-0.101009,0.0228831,-0.222083,-0.303903,0.0813407,-0.0888686,-0.0587777,-0.116183,0.315182,0.111406,-0.0275987,0.0366602,-0.0136848,
0.0534727,-0.145825,-0.0540143,0.0551278,-0.10034,-0.00383997,-0.244412,0.154614,0.0163106,0.0372482,-0.0305855,0.184967,0.166046,0.0959342,0.102011,0.0396766,
-0.0931813,0.136212,0.00167925,-0.281045,0.0750949,-0.165654,-0.0482506,-0.0948878,0.166186,-0.163531,-0.0415214,0.255927,0.301776,0.268989,0.0881477,-0.131155,
0.202093,-0.0219958,0.132086,-0.150009,0.11148,0.0716973,-0.074888,-0.156109,0.168177,-0.165688,0.0214386,0.095361,0.0550883,0.247849,-0.00189424,-0.175443,
-0.0442661,-0.162282,0.242449,-0.204433,0.184604,-0.0358463,-0.0808913,-0.251568,0.209152,-0.119368,0.0263414,-0.0456069,-0.0166077,0.079192,0.149031,0.266522,
0.0424223,-0.156443,0.10212,-0.0170579,-0.0364493,0.0611177,0.000286305,-0.157805,0.00246451,0.0166011,0.187368,0.0316244,0.211678,0.0700698,-0.105729,0.192679,
0.203784,-0.141685,0.0491548,0.0900941,0.00247773,0.143824,-0.107243,-0.154231,-0.000946866,-0.0670698,0.0788043,-0.100522,-0.0528492,0.042922,0.0525833,0.114198,
0.211456,0.0123637,0.0501662,-0.0116738,0.14121,0.0252835,0.244419,-0.321816,0.0421657,0.0256347,0.00627885,-0.0219609,0.0641631,0.0324434,0.0474354,0.0568351,
0.0914649,0.0651565,-0.0323285,0.0413934,0.0308676,-0.0158424,0.0701599,-0.174458,-0.182808,0.133408,-0.0960904,0.00814684,0.0546036,0.0980175,0.151638,0.0472935,
0.10452,-0.0104218,-0.0589132,0.103316,0.00122873,0.160321,-0.321009,-0.358528,-0.00486017,-0.00416646,-0.017028,-0.0602826,-0.0331747,0.0693287,0.0932681,0.145349,
-0.0309268,0.0916562,-0.030916,0.0544881,0.0692793,0.152295,-0.154245,-0.186238,-0.0654431,0.106676,0.0987245,0.032734,-0.00983121,-0.0606861,0.111481,0.0597841,
-0.00540293,0.00332259,0.0969957,0.0564171,-0.00848339,0.151283,-0.20059,-0.324385,0.0746063,0.387471,0.0798693,-0.0511779,0.154809,-0.17653,0.00404144,-0.0879843,
-0.0470169,-0.113635,0.0544397,0.127396,-0.246168,0.0459193,-0.0249508,0.0070855,-0.0358066,0.198652,-0.142891,0.0649528,-0.0546627,-0.023006,-0.00479605,-0.0217443,
-0.182654,-0.0920237,0.0932535,0.104955,-0.159637,0.0026265,0.0146266,-0.127721,-0.0217717,0.134255,0.0645373,-0.0203919,0.103524,-0.0703917,0.26872,-0.231723,
-0.152851,-0.105494,-0.0876911,-0.0935328,0.00703659,-0.113622,-0.13613,0.0398231,0.0952816,-0.0125496,0.0604718,-0.230525,0.121112,0.162135,0.0881351,-0.191202,
0.170487,-0.134,0.0466179,0.118282,-0.0883881,-0.137825,0.00643832,0.0290096,0.0545721,0.0693292,-0.121383,-0.0826086,-0.105122,0.122673,-0.0914111,-0.0821971,
0.0247069,-0.0224039,-0.146457,0.00687636,0.124457,-0.0372015,-0.140558,0.0887069,0.0574632,0.0176866,-0.0436277,-0.0990483,-0.0934447,0.0492018,-0.115331,-0.0323413,
-0.15863,0.0767879,-0.155195,-0.0313859,0.302034,0.0698976,-0.00616448,0.0308319,-0.0346527,-0.14593,-0.134,0.182348,-0.0734445,0.0333766,-0.131436,0.0435935,
-0.153121,-0.0336105,0.113828,-0.124694,-0.0979568,0.0685388,-0.00118549,-0.0140076,0.101997,-0.0589784,-0.0231281,0.0633825,-0.18638,-0.0598292,-0.0854779,0.0371475,
-0.0703281,0.045035,0.0627511,0.0978704,-0.0929386,0.17882,0.0419366,-0.153119,-0.0215818,0.0686492,0.0677183,-0.176181,0.0350097,-0.00388544,-0.0987799,-0.0160214,
0.186814,0.0956313,0.0437765,-0.150337,-0.217938,0.00919903,0.0221626,0.0692855,-0.0158749,0.017132,-0.266429,0.164697,-0.0628848,-0.300427,0.174491,-0.187434,
-0.0978752,0.134804,0.11779,0.0475175,-0.0981672,0.164742,-0.0195783,-0.0179578,-0.0579366,0.02058,0.0939846,-0.106348,0.0782881,-0.0430892,-0.180665,0.0264445,
0.0354219,0.163987,-0.0214227,0.054662,-0.0497186,-0.0573065,-0.207667,-0.0714842,-0.245596,-0.057234,-0.0474799,0.0147824,0.144276,0.0609744,-0.128083,0.0886633,
0.0464205,-0.151644,0.0349763,0.0780152,-0.142544,0.0865072,-0.138494,0.125996,-0.168138,-0.181218,-0.0415353,0.0691474,0.123965,-0.129309,0.0501748,-0.0928281,
0.104707,-0.111412,0.0822445,0.0977149,-0.115671,0.173071,-0.137404,-0.0252043,-0.339789,0.131864,0.00216164,-0.0846621,0.0590235,0.0930518,-0.0638283,-0.0850679,
0.0796533,0.0436646,-0.0248017,0.0872202,0.0290508,-0.0408011,-0.2019,0.300085,-0.136949,0.359605,0.0666457,0.227428,0.0543805,0.00101871,0.00806415,0.0427696,
-0.0677193,0.0196828,0.129719,0.158445,-0.0902646,-0.1585,-0.112146,0.0596132,-0.0532622,0.0446895,0.180236,0.131519,0.136659,0.0534137,-0.0725283,0.10642,
0.0201315,0.115235,0.00749697,0.0962075,-0.129835,-0.0111664,-0.202022,-0.0212067,0.149855,-0.0221465,0.082774,0.15341,0.153541,0.0383941,0.0203482,-0.0530299,
-0.192117,-0.110473,0.00504225,0.0669158,-0.0354323,-0.0486058,-0.217855,-0.0147377,0.164781,0.119875,-0.016722,0.165477,-0.0133842,-0.0526958,0.215745,-0.164633,
-0.147453,-0.0800924,-0.0253778,-0.0558907,0.0234581,0.0374385,-0.0880785,-0.0509629,0.178241,-0.0480766,0.0212611,0.125789,0.215406,0.226699,0.186462,-0.0708874,
-0.0687691,-0.113031,0.0773004,-0.115178,0.120636,0.0787966,-0.0933349,-0.200666,0.161203,-0.0382212,0.0763171,0.230542,0.0582929,0.158781,0.15084,-0.0181759,
-0.148966,-0.215247,0.122423,-0.00689717,0.161491,-0.237703,-0.0868501,-0.0523482,0.197303,-0.00790645,-0.0198931,0.120291,-0.0413287,0.214763,-0.00993528,0.00536438,
-0.0758916,-0.0682418,0.0200005,-0.275596,0.00888858,0.0765788,-0.0381489,0.0048274,0.0283036,-0.0577268,0.115999,0.102068,-0.056222,0.0762313,-0.161956,0.173643,
-0.0806942,0.0558857,0.0394226,0.01249,0.0900901,-0.00840191,-0.119164,-0.143689,0.0859073,-0.0974066,0.231994,0.128964,-0.0597621,-0.0526445,0.0525891,0.0253623,
0.21181,-0.0928918,-0.036932,-0.109206,0.00484583,0.0562913,0.00297797,-0.28597,0.10887,-0.0893426,0.0941953,0.0609168,0.0496834,-0.0543373,0.0888034,0.0634805,
0.195217,-0.201503,-0.0761054,0.0704194,0.00076934,-0.0475518,0.120086,-0.0408887,-0.0774306,0.155206,-0.0571949,0.0377615,0.207217,0.0268045,-0.0240915,0.090029,
-0.0124332,-0.03455,-0.0429627,-0.0393005,0.0956385,-0.0660965,0.0304908,-0.13773,-0.169421,0.224472,0.0903183,-0.12175,0.00758522,-0.140344,0.0815195,0.109627,
0.180837,-0.0291009,-0.142257,-0.00855128,-0.0822811,0.160144,0.0787619,-0.187974,0.0733784,0.0904097,-0.0763576,0.176798,0.088222,0.0378516,0.186386,0.0345693,
0.0928456,-0.00280563,0.0508149,0.0612426,-0.0904465,-0.0140689,0.0637551,-0.140211,0.0253339,0.11182,0.0504962,-0.0148144,0.219628,-0.166104,0.076151,-0.00465873,
-0.0487872,0.0919244,-0.148789,0.0755619,0.136297,0.142686,0.0400972,-0.0162864,0.145447,0.160551,0.126812,0.0565101,0.0491541,-0.110103,0.0899296,-0.0229835,
-0.03992,-0.232352,-0.0128434,0.264107,-0.0927493,0.0649373,-0.0294686,0.0441212,-0.00195979,0.0445652,-0.0418078,0.0937501,0.10201,0.0129522,0.00152646,-0.135445,
-0.0685477,-0.24343,-0.251374,0.177815,-0.148865,0.0439814,0.0495825,0.133597,0.0496257,0.115948,-0.0503759,-0.0133352,0.0471943,-0.155375,0.202361,-0.398666,
-0.0713155,0.0350152,-0.179061,0.0274521,0.150244,-0.0863726,0.0737049,0.169902,-0.0340696,0.0291127,-0.0350981,-0.0381024,-0.063792,0.079909,0.262698,0.0194968,
0.0875643,0.106282,-0.0548586,-0.0420057,0.0101179,-0.219636,0.0347836,-0.0423994,0.0572296,0.111352,-0.0510046,-0.0676476,0.0969885,0.0578502,0.0438827,0.114905,
0.025585,0.0713837,0.24288,-0.00533818,0.0521811,-0.0885796,-0.0943094,0.00994356,0.0525263,-0.0298172,0.0132846,-0.0474888,0.0973006,0.0182161,0.0344563,-0.0548448,
0.104885,-0.0673265,-0.055711,-0.178199,0.043451,-0.0884202,-0.0159994,0.116498,0.0793596,0.0530099,0.175792,-0.0577005,0.0677641,-0.0742008,0.185543,-0.17405,
0.0622766,-0.127114,0.0670552,-0.0284189,0.136568,0.0301277,-0.00829721,-0.03227,0.246638,0.214057,-0.0327035,0.0269358,0.15598,0.00553225,0.0302283,0.0665346,
-0.0216125,0.0616384,0.057743,0.0176388,0.0932021,-0.17507,-0.0611851,-0.0486822,-0.078023,0.0263817,0.0280872,-0.000743638,0.0233378,-0.0194137,0.0622324,0.02571,
-0.0658638,0.0617316,0.102555,-0.0470075,-0.0587346,-0.0176722,-0.0208843,0.0480346,0.00975554,-0.0797259,0.0722262,0.0816454,0.0121064,0.197598,-0.184959,-0.154223,
-0.0715427,-0.0586536,0.0394736,-0.0226747,-0.032851,-0.0119297,0.105232,0.0881931,0.0709364,-0.0803933,0.0630675,-0.00719194,-0.00465505,0.172953,-0.0779225,0.164194,
0.126266,-0.0481805,-0.130732,-0.107821,-0.136829,0.0149573,-0.296058,0.0235215,-0.123588,0.162252,-0.046329,0.0475967,0.0525817,-0.0604974,-0.168691,-0.0554759,
-0.0943005,-0.0864211,0.0127708,-0.0556072,-0.00977097,-0.0805499,-0.196442,-0.0266089,0.103551,0.137489,-0.192621,-0.00929311,0.208421,-0.157043,-0.00555054,-0.158065,
0.0770773,0.0152267,-0.108186,0.257169,-0.0738728,-0.221215,-0.219502,-0.131655,-0.0961044,0.17105,0.0415995,-0.098419,0.133266,-0.0468697,0.182977,0.0392782,
0.0715043,0.0760686,0.116711,0.028414,-0.141529,0.09357,-0.0981959,0.0156888,0.0585418,0.120617,-0.0329866,-0.21529,0.161364,0.0307781,0.0485257,-0.297146,
0.118099,0.00602133,-0.0093777,0.179222,-0.102293,0.0259224,-0.23757,0.0509074,0.21351,0.154299,-0.019357,0.10851,0.185793,0.0768815,-0.0684684,-0.153956,
-0.18989,-0.16645,-0.0292727,-0.030273,-0.118646,-0.0352444,-0.16086,0.0987941,0.260799,0.00409588,0.0181156,0.183722,0.0205961,-0.0089921,0.0270759,-0.30224,
-0.173961,-0.00673855,0.0871611,0.119083,-0.164983,0.0253283,-0.150255,0.000645989,0.216663,0.102863,-0.104628,0.279468,-0.028807,0.0899025,0.0194386,-0.111673,
-0.0812081,-0.10369,0.0636413,-0.0278198,0.00103779,0.0621439,0.0459917,-0.0229655,0.313336,0.0134807,0.0400364,0.173206,0.174978,0.0597907,0.099634,-0.231781,
-0.0192078,-0.0020841,0.0720123,-0.0409224,0.0415872,0.128336,0.0671504,0.0102604,-0.0169435,0.0918884,0.0861159,0.283255,-0.0636156,0.170504,0.0402132,-0.190898,
-0.0145245,-0.0282599,-0.0425345,-0.0811522,-0.009719,-0.0653137,-0.0576012,-0.0924867,0.0288089,-0.137807,0.167338,0.204628,-0.0967173,0.217772,-0.151281,0.0975438,
-0.0128713,-0.137761,-0.0201995,-0.268047,-0.103892,0.0202269,-0.0494549,-0.128867,0.113925,-0.199135,0.431197,0.129686,-0.214027,0.0988403,0.0679132,0.092847,
0.088429,-0.0795162,-0.0286468,0.00256423,-0.0225237,-0.0592335,0.0262149,-0.121021,-0.0572725,0.107418,-0.00615269,0.279762,-0.185251,-0.0361498,0.10882,0.115938,
0.0663847,0.01713,0.00120945,-0.0939683,0.0470519,0.0679588,0.0293564,-0.0337397,0.0205609,0.0579319,0.246126,0.0782514,0.221045,0.111379,0.0799919,0.156993,
0.247706,-0.06535,0.203855,-0.0833978,-0.176874,-0.0687827,-0.088291,-0.131853,0.0296453,0.102106,-0.0956701,0.00820266,0.089177,-0.12482,0.095854,-0.00330516,
0.0334144,-0.0469229,0.152235,-0.00870597,0.125405,0.226006,-0.142481,0.0476616,-0.0601061,0.165312,-0.0837854,0.060704,-0.0541511,0.0620885,0.115905,-0.0358879,
0.0383702,-0.0448893,-0.0911683,0.105675,0.0625014,-0.0583926,0.0951061,0.00364739,0.0575893,0.162154,0.0698126,-0.00156706,0.165576,-0.0600635,-0.00164925,-0.00187534,
0.242898,-0.0261331,0.13145,-0.038586,0.0617431,-0.0616365,0.00454787,0.0170489,0.0272737,0.0237284,-0.117593,-0.137793,0.00624023,-0.127326,0.0859118,-0.0447195,
0.136531,-0.0128559,0.103911,0.0332131,-0.0147623,0.00922943,-0.0609423,-0.12228,0.0157005,0.0957308,-0.0137627,0.00275575,0.0363248,-0.243129,0.231058,-0.16726,
0.235983,-0.00226319,-0.199496,0.0966192,-0.0928228,0.0378119,-0.0402547,-0.0103302,0.110921,0.147678,0.154129,0.112082,0.0549771,-0.0426489,0.155603,0.0379501,
0.273116,0.117601,-0.0535722,0.20832,-0.0667905,-0.232419,-0.0426255,0.135405,-0.0866007,0.0614642,-0.0232982,0.108661,-0.0876159,-0.134967,0.0646081,0.0998417,
0.00888477,0.00197167,-0.220687,-0.0428085,0.00393353,-0.0239378,-0.0173212,0.0664592,0.137582,0.12211,-0.00435271,-0.106147,-0.106874,0.0205003,0.0872251,-0.0796919,
-0.00811007,-0.0959684,0.0301272,-0.0172994,0.040767,-0.16975,-0.000927605,0.00160006,0.147781,0.0465477,-0.0252345,-0.123825,-0.0461816,0.0298647,0.153286,-0.125077,
0.0637347,-0.00506393,-0.161528,0.0733773,0.106386,-0.00866287,-0.034751,-0.0887216,0.201292,-0.0682822,-0.138002,0.0355641,-0.0136444,0.148414,-0.0237478,0.0134167,
0.0366002,-0.0546574,-0.103341,0.0779267,0.0420021,-0.23153,0.0607521,0.0236683,0.154809,0.0664457,0.0118556,0.00507706,-0.0866485,0.0193649,0.159105,-0.0133136,
0.0999449,-0.0830522,0.083936,-0.0377705,0.0717086,-0.0548037,0.220102,-0.00908767,0.0498618,-0.0319451,0.0319734,0.0327411,-0.00346377,0.0690719,0.115037,0.11153,
0.0254162,0.124525,-0.130667,-0.168131,-0.110572,0.0771951,0.149165,0.0671277,-0.131437,-0.0784145,-0.0121133,-0.119896,-0.156302,0.0310011,0.0798975,0.0938443,
-0.104217,0.099949,-0.0728449,0.0762825,0.139251,-0.0306682,0.0759905,-0.0291932,-0.0615145,0.0106836,0.0814338,0.0305887,-0.0682983,-0.0655271,0.149642,-0.0627443,
-0.0862561,0.131926,-0.0609402,-0.0438271,0.099899,-0.122308,-0.0398402,-0.0116815,-0.179077,-0.0425736,0.118864,-0.12579,0.00579357,-0.0093645,0.035859,0.0302166,
0.102169,0.0579879,0.0154642,-0.121403,0.0336929,-0.14763,-0.114709,0.205101,-0.00463202,0.137815,0.0129068,-0.262461,0.00607481,0.123084,-0.0406682,0.0983796,
0.120091,0.211264,0.014031,-0.0818039,-0.0990113,-0.146349,-0.115002,-0.0659166,0.175294,0.123009,0.0996726,-0.0898044,-0.0687478,-0.0286334,0.0890178,-0.0723417,
0.0311951,-0.203891,-0.00248367,-0.0526257,-0.108477,-0.0432841,-0.148328,-0.111929,0.0644347,0.131209,0.0276327,-0.0240554,0.0483588,0.102077,-0.0536597,0.0362508,
0.0901157,-0.223084,0.0290004,0.0592812,-0.167808,-0.0118393,0.00725093,-0.013261,0.125912,0.125503,-0.0292016,-0.14503,0.150796,0.039688,0.211504,-0.0315922,
0.0900679,-0.108339,-0.00556464,0.183401,-0.239838,0.141826,0.151119,-0.121925,-0.07206,0.233172,0.00879836,0.083032,0.102012,-0.0239185,0.000140172,-0.0755147,
-0.0911254,-0.0837571,-0.152754,0.150066,-0.0331791,-0.0124399,-0.0140921,-0.060031,0.0885735,0.0684718,0.0938308,-0.0581982,0.168158,0.0798111,-0.139213,-0.14365,
-0.0471189,-0.137752,0.0853308,0.1621,-0.0558404,0.0473832,0.0451478,-0.141285,0.0447197,0.123883,0.0162935,0.0193824,-0.0709685,0.113632,0.0332242,-0.115631,
0.094263,-0.0265104,-0.00545022,-0.0438419,0.0737817,-0.00407455,-0.00718693,-0.114713,0.0550946,-0.010972,0.108136,-0.0342934,0.106026,0.229432,0.0787795,-0.230441,
-0.126478,-0.00154406,-0.0491672,0.0976474,0.0508086,-0.0231577,0.115986,-0.238218,0.128061,0.112775,0.11168,0.216098,-0.0726456,0.11955,-0.0927285,-0.0848014,
-0.0721628,-0.00739708,-0.0137537,-0.0764971,0.0384413,0.0697301,0.101046,-0.123852,0.122721,-0.0135113,0.0276296,0.319491,-0.141644,0.199197,0.155189,-0.00704878,
0.00957714,-0.0366967,-0.0309608,-0.219001,-0.0358022,0.0290082,-0.19985,-0.121058,0.0329176,-0.0572469,0.293126,0.170337,-0.0817943,0.0991407,0.129383,0.127553,
-0.113302,-0.02827,-0.0051827,0.0552438,-0.287869,-0.13071,-0.050818,-0.012061,0.0127605,0.0656114,-0.0596121,0.211745,-0.0929075,0.0211865,0.146218,0.144855,
0.00357221,-0.251325,-0.059145,-0.152494,-0.0244067,-0.0349034,-0.00287454,-0.047903,-0.0659262,0.136603,-0.0251111,-0.0255624,-0.0110567,0.0945785,0.0152225,0.164806,
0.145738,-0.0685563,0.0066204,-0.196359,-0.0942735,-0.157425,-0.0403242,0.083627,0.00805425,0.0869505,-0.100067,0.178389,0.0682117,0.0189646,0.201252,0.0389464,
0.339579,-0.177135,-0.0688092,0.0916857,0.00903592,-0.142265,-0.000899058,0.0570128,-0.00155285,-0.0402646,-2.98364e-05,-0.0144881,-0.0264223,0.00915635,0.136441,0.158304,
0.18659,0.170191,-0.0786601,0.085028,-0.0855587,-0.0546739,-0.0972998,-0.0562064,0.00652047,0.0339954,0.0742552,-0.197977,0.07701,-0.0659328,0.101692,0.0112667,
-0.0139418,-0.0661165,-0.0464277,0.0427698,0.132379,-0.172322,-0.145809,0.0194339,-0.0221328,0.223981,-0.0848846,0.104337,0.165828,-0.00184135,0.123649,0.0371182,
0.0708424,0.0795706,-0.34913,0.172125,0.0323671,-0.165781,0.0776909,0.0413853,0.0387231,0.0513031,0.213545,-0.0706805,-5.27543e-05,-0.00916763,0.150967,0.11293,
0.188816,0.0114771,-0.0491371,0.113041,0.115181,0.00619238,-0.0126863,0.0638721,-0.0811339,0.0147125,-0.193503,-0.107026,-0.0852545,-0.061487,-0.0518729,-0.103544,
0.117444,-0.0850138,-0.0559959,0.0444189,0.0780812,-0.0255837,-0.111506,-0.00282019,0.233315,0.0853722,0.0883422,-0.00271358,0.0785435,-0.038603,0.0281839,0.0343857,
-0.0491569,0.125609,-0.0705816,0.0583049,-0.0604159,-0.317127,-0.0996096,0.0780785,0.0522248,0.0215501,0.00827522,-0.146107,0.0208307,-0.0205633,0.00571583,-0.122639,
-0.0197379,-0.0178132,-0.151608,-0.182946,0.0701815,0.079652,0.0547641,0.0543002,-0.00719407,0.0896552,0.0875591,-0.127064,-0.142232,0.276313,-0.0503217,0.0459811,
0.00905625,-0.0588825,0.0834785,-0.197343,0.141156,-0.146008,0.0139075,-0.0542312,-0.102607,0.144637,0.135846,-0.191374,-0.00481552,-0.00747285,-0.0311464,0.117703,
-0.0542476,0.171442,0.0509565,0.0977345,-0.0141604,-0.0206826,0.0401172,-0.189351,0.0883249,-0.0138694,0.0733674,0.141163,-0.0506376,0.131509,0.0603725,-0.0874352,
0.066274,0.0382502,-0.0446403,0.0160788,-0.235603,-0.142163,0.00686372,-0.159142,0.143768,-0.0903481,0.0542877,-0.248216,-0.0869553,0.0241669,0.0342935,-0.0232139,
0.0103757,0.0117092,-0.0529946,-0.206405,-0.0515523,0.0454836,-0.126163,0.0306649,-0.0301684,0.0934793,-0.0946149,-0.0232552,-0.186655,-0.0647099,0.0984358,0.0453101,
-0.131086,0.0796144,-0.0416434,0.0419099,-0.0014549,-0.0883697,0.00688292,-0.0370303,-0.0270621,-0.00508205,0.0142842,0.0211071,0.00337989,0.0642436,-0.221996,0.00758981,
-0.0586763,0.101193,0.00760276,0.0440207,0.0439973,-0.0509398,0.0907286,-0.181364,0.0185689,-0.0372205,-0.0826643,-0.0415991,-0.130809,0.12721,0.0421789,-0.102034,
0.142952,0.0912607,-0.0824686,0.0215974,-0.085611,-0.050682,0.0166439,0.100224,0.069289,-0.0698699,-0.0406056,-0.109631,0.000404294,-0.0293502,0.073311,0.195967,
-0.060679,0.0893574,-0.00664738,0.0447717,-0.117721,-0.126743,-0.0768481,-0.00300058,0.0675541,0.0391508,-0.176606,-0.157011,0.0243822,-0.106537,-0.0184097,-0.162239,
0.1622,-0.296991,0.148045,0.145913,-0.081869,-0.116485,-0.0594666,0.242273,0.0351068,0.0500984,0.0626126,-0.190804,0.139846,-0.0239885,-0.0867728,-0.164041,
0.18714,-0.153196,0.0776388,-0.127701,0.0103884,-0.0345241,-0.0919219,-0.0189021,0.0700246,0.064029,0.0952834,-0.144812,0.235479,0.0676635,0.0657214,-0.0886953,
-0.0068986,-0.0983495,0.00607943,0.102257,-0.237881,-0.0261073,-0.0528274,-0.0124483,-0.0145955,0.207036,-0.037287,-0.104149,0.101329,0.165957,-0.0731584,0.03689,
-0.0784079,-0.0993515,-0.076238,-0.0375776,-0.0823477,0.128544,0.0961966,-0.13674,0.0688891,0.0469497,-0.230209,-0.0868031,-0.077207,0.113987,-0.00419819,-0.155934,
0.00859231,-0.103224,0.168527,-0.0263553,-0.205722,0.0108179,0.16122,-0.0144859,0.0592816,0.0465649,-0.0421325,-0.274658,0.107132,0.0944909,0.0349868,-0.0815694,
-0.162266,-0.00174125,-0.121223,0.0353017,-0.16899,0.0851411,0.133992,-0.0712216,0.0117223,0.0562717,0.044933,-0.0103336,-0.0471016,0.161695,-0.160181,-0.146779,
-0.00831229,-0.038229,-0.0864184,0.157149,-0.103084,0.104807,0.0831499,-0.0554111,-0.0634449,0.106166,0.0395811,-0.0840385,-0.0853514,0.132627,-0.144608,-0.0153182,
-0.129209,0.0145528,-0.0353899,-0.348225,-0.0100149,0.134805,0.120573,-0.0678184,0.176856,0.110493,0.236836,0.10983,0.00509991,-0.00797131,0.0661683,0.136334,
0.0677548,-0.162217,0.140411,-0.235721,-0.301829,-0.0784284,-0.0809684,0.152051,0.0954759,-0.163834,0.194214,0.171372,-0.0915138,0.122421,0.30894,0.19707,
0.125508,0.0382906,0.0551269,-0.162758,-0.2335,0.0203682,-0.156349,-0.125791,-0.00697323,-0.0473049,0.00656505,0.0963084,0.0620459,-0.0447377,0.0256218,0.13148,
0.145559,-0.139656,0.106442,-0.0645895,0.0271471,-0.0123131,-0.0259831,0.176833,-0.0952018,0.0739978,-0.0210532,-0.100586,0.0926735,0.0662674,0.0711083,0.0599178,
0.0120513,-0.197294,-0.0814877,0.0346775,0.121314,-0.144003,-0.200602,0.114276,-0.0689819,0.143433,-0.099954,-0.17496,0.278762,-0.120613,0.0268001,-0.0475451,
0.256187,-0.00585345,-0.0709267,0.113693,-0.063513,0.000256329,-0.0191646,-0.0276369,-0.0222457,0.0697428,-0.0851171,-0.145531,0.207161,-0.0727441,0.269713,-0.0585408,
0.285881,-0.0578041,-0.150587,0.0876081,0.135664,-0.138821,-0.109527,-0.0764053,0.0372734,-0.202545,0.0323632,-0.257916,0.0619173,0.00282746,-0.0250122,0.0141896,
0.0258206,0.0343257,-0.0768525,0.227326,-0.0848963,-0.0329245,-0.0238693,0.0528329,-0.18118,0.210884,0.0583985,-0.234673,0.0995363,-0.0382268,-0.00889133,-0.0126828,
0.13848,0.052704,-0.216564,0.0577288,0.039274,-0.0707877,0.0741944,0.0922857,-0.0825649,0.0132228,-0.0139503,0.0820501,0.146104,0.0178307,0.045369,0.0065516,
0.290537,-0.161247,-0.197445,0.154057,0.112247,-0.125054,0.0295645,0.0165244,-0.0367859,0.125576,-0.234477,-0.194301,0.0347383,0.065656,0.141681,-0.0364035,
-0.015658,0.0601623,0.0729895,0.00581424,0.103835,-0.0953449,0.11223,-0.0396865,-0.053525,0.0508193,0.0789004,-0.0899653,0.018976,0.0855913,0.0161285,0.00905515,
0.046865,0.0281223,-0.217922,-0.0258233,-0.200502,-0.185096,0.0628494,-0.0280429,0.0920126,0.115971,-0.185409,0.00949261,0.0125469,-0.0619626,0.099117,0.0801592,
-0.173483,0.154372,-0.00453222,-0.229766,0.0188846,-0.0854274,-0.017126,0.0371261,-0.0792013,0.0932566,-0.00768829,-0.236842,-0.151601,-0.0911782,0.184096,0.0449746,
-0.066511,0.0850961,0.0891893,0.0251296,-0.0567061,-0.00436043,0.0417801,-0.203762,-0.104263,0.150785,-0.0330359,0.108763,0.0947733,0.0421975,0.0843126,0.0497335,
-0.0848062,0.192174,0.25579,0.0635457,-0.152789,0.090145,-0.0245578,-0.00587942,0.0617282,-0.107351,-0.0225445,0.0251501,0.0901618,0.183626,-0.180428,0.0672335,
-0.0785932,-0.10071,0.113685,-0.013105,-0.0678755,0.0457663,-0.0141624,-0.0444598,-0.148325,-0.136148,0.0232432,-0.133951,-0.125775,0.15668,0.168731,-0.0973163,
-0.0630822,-0.0715075,0.0684765,0.105312,0.146946,-0.00971675,0.0433516,-0.102907,0.0969937,-0.111144,-0.122865,-0.0620414,-0.0398198,0.224261,0.0177353,0.00660719,
-0.0211463,-0.0441609,0.0324993,-0.0161505,-0.0164808,0.102278,-0.0191409,-0.075938,0.00797353,0.0503038,-0.00319943,-0.0354172,0.128363,0.0170676,0.0627982,0.262809,
0.0296801,0.16289,-0.0394103,0.0390714,0.124217,-0.161157,-0.0781383,-0.188691,-0.0488516,-0.0907918,-0.13924,0.112681,0.027966,-0.00913652,-0.0618197,0.119022,
0.226486,0.0499653,-0.0199672,-0.0327104,0.106836,-0.136121,-0.100343,0.0879959,0.124083,0.00635854,-0.0738577,-0.0864645,-0.251306,0.0680325,-0.0479885,-0.105508,
0.097206,-0.177125,0.129838,0.00795456,-0.0190466,-0.138659,-0.00376658,-0.100151,-0.0380785,0.0370067,-0.00620823,-0.15888,0.105254,0.259176,0.00214601,-0.10034,
0.122235,-0.0399431,0.142227,-0.169844,0.0925311,-0.144885,-0.207679,-0.0381063,0.0747485,-0.0947777,-0.18267,-0.166733,-0.0232715,0.226538,-0.0599411,-0.0162658,
0.140226,-0.0608817,-0.0670753,0.00546629,-0.107184,0.00127078,0.208655,0.0612237,0.0344882,-0.0449185,-0.0933745,-0.286381,0.23449,0.102945,-0.152717,-0.0147099,
0.173686,-0.23279,0.165594,-0.0128612,-0.0817242,0.00325295,0.166272,-0.071689,0.141083,0.060282,-0.0630397,-0.396034,0.0316318,0.204017,-0.11441,-0.1578,
-0.00699238,-0.268257,-0.0756559,0.0110561,-0.151105,-0.0810269,0.16336,0.0104393,-0.251627,0.0193776,-0.122541,-0.217484,0.205086,0.0639246,0.0866196,0.0626347,
0.0627264,-0.142928,0.116823,-0.0598425,-0.0215728,-0.0802397,-0.0715069,-0.0633788,0.0163376,0.0711404,-0.0535578,-0.305267,0.0643296,0.0726493,-0.209402,-0.109491,
-0.0545021,-0.155709,0.132776,0.00969167,-0.146418,0.14936,0.088538,0.0316782,0.0447885,0.10622,0.158652,-0.0990045,0.00516304,0.0454001,-0.070921,-0.0652451,
0.00665306,-0.308279,0.0475908,-0.013881,-0.225704,-0.0330246,0.130286,-0.131808,0.198379,-0.00698167,-0.0797546,-0.128106,-0.0383062,0.18063,0.0113922,-0.0592074,
0.0487056,-0.247958,0.0860834,-0.264456,-0.015216,0.018713,0.0891063,-0.0916447,0.00963784,-0.0331878,0.0966383,-0.0620333,-0.105447,0.134897,0.207299,0.0450592,
0.109051,-0.106423,0.035952,-0.251836,-0.162663,0.114881,-0.18714,0.069493,-0.0359705,-0.0522417,0.0988832,-0.0103081,-0.0332012,-0.0333857,0.128061,0.112478,
0.134469,-0.169024,0.0068369,-0.0875146,0.0506744,-0.0883955,-0.174519,0.0610254,0.0350781,-0.0128274,-0.0504573,-0.158375,0.00332136,-0.00435706,0.33953,0.174286,
0.0871317,0.00511129,-0.00773977,-0.0541617,-0.025739,-0.10325,-0.0823527,-0.0498408,-0.0199861,0.131125,0.0361869,-0.0375162,0.187392,0.0317164,0.120484,0.0642037,
0.0598198,0.247778,0.214986,0.0873855,0.0551564,-0.0621359,-0.105255,-0.101749,0.259901,0.0557867,0.0794183,-0.154876,0.133966,-0.0266241,-0.0239766,0.0474534,
-0.126355,-0.0516352,0.0652163,0.0394153,-0.0420209,-0.105314,-0.117555,-0.123173,-0.00764905,0.0516669,0.0379708,-0.186268,0.0100044,-0.03977,0.179738,0.0895429,
0.195764,0.121321,0.0889455,0.0564759,-0.01348,-0.0846615,-0.102985,0.148444,0.0882912,0.0682858,0.0796562,-0.187269,0.11882,0.0430442,0.092897,-0.00894916,
0.0191376,-0.102487,0.0786257,0.0772021,0.0659818,-0.00539594,-0.0472656,-0.10406,0.0629502,0.0702451,0.11427,-0.0702141,0.0417376,0.0198066,-0.0817606,0.00199865,
0.0410918,0.00373396,-0.0938803,0.122483,0.037723,-0.122721,0.00654894,-0.051752,0.0319559,0.0360328,0.0105566,-0.210818,-0.176383,-0.045133,0.0922852,0.0147777,
0.0497022,0.0438914,-0.256254,0.0353121,-0.0193676,-0.0539198,-0.0850948,-0.110271,-0.142032,0.0245653,0.136417,-0.0636079,-0.0831939,0.259809,0.0286233,-0.0337604,
-0.035718,-0.0699682,-0.0984836,0.111953,0.207807,-0.0816872,-0.0430266,0.0592496,0.119579,0.102442,-0.020104,-0.185407,-0.118356,0.215646,0.0814567,0.0383025,
-0.0773798,-0.107104,-0.0562452,-0.0519788,-0.00862778,-0.0119824,0.148963,-0.0677868,-0.0150713,-0.0243582,-0.0106409,-0.170297,-0.152588,-0.029818,0.000997436,-0.0360386,
0.0534377,0.131289,-0.199991,-0.0492774,-0.0198736,0.0232671,0.157887,-0.0142973,0.0317167,0.0226634,-0.0790305,-0.0732734,-0.0357395,0.124146,-0.126332,0.0263702,
0.00924665,-0.0120421,0.0715643,-0.20264,0.043388,0.172332,-0.104711,-0.191029,0.0919819,0.154243,-0.126264,0.161531,-0.161954,0.111414,0.151541,-0.077189,
-0.127719,-0.0572048,0.0145548,-0.0397112,0.0556491,-0.0935245,-0.0791767,-0.0954779,-0.0280022,-0.119038,-0.155411,-0.0652212,0.201883,0.0165101,-0.0529533,-0.0771605,
0.073129,-0.0358731,0.116271,0.0191763,0.00618815,0.0213414,-0.0535154,0.212131,-0.135407,-0.0689594,-0.157469,-0.0789627,0.0126646,-0.0488004,0.0423133,0.0317268,
-0.0105809,0.19469,-0.11037,0.114761,0.165177,-0.0300847,-0.171098,0.00418861,-0.109909,0.0963651,-0.0955155,-0.056146,0.0248101,0.178453,0.0604423,0.012782,
-0.000727444,-0.0408615,0.00993182,0.137796,0.111094,-0.138339,0.0336084,-0.0343557,0.0418053,0.00126948,-0.0442476,-0.0552534,-0.128795,-0.099891,-0.0540503,0.145888,
0.142773,0.00806196,-0.0696788,-0.0605019,0.0950314,-0.116514,-0.01059,-0.131674,0.0627181,0.096608,0.130309,-0.00836723,0.0651308,-0.00560643,-0.0980659,0.0779377,
-0.201544,0.218305,-0.0981975,0.0643114,-0.0268129,-0.115122,-0.0780845,0.0541101,0.102544,-0.0746043,-0.0583957,0.00698349,-0.100265,-0.00503819,0.0541334,0.154087,
-0.0148605,0.105795,-0.074339,0.0208573,0.190236,-0.122726,0.0341729,0.0560569,0.00754135,0.10661,-0.0222977,-0.17413,-0.0876759,-0.00158823,-0.159266,-0.0149713,
0.0176242,0.012329,-0.0195118,0.125608,-0.0434817,-0.017964,-0.0669135,0.109624,-0.0383732,0.000800607,-0.0110729,-0.187232,0.0313594,0.0431617,-0.0737567,0.0302777,
0.0581817,0.0745799,0.0308964,-0.10766,-0.122469,-0.115391,0.0752579,0.133852,0.0217372,-0.00837488,-0.014474,-0.375098,0.171947,0.197885,-0.228036,0.0396027,
-0.0242971,0.031296,0.159549,0.0952133,0.0896739,-0.0385572,0.0975411,-0.0634979,0.0359105,0.0183539,-0.136802,-0.128607,0.0198034,0.175753,0.0567036,-0.143479,
0.146387,-0.113036,0.0492159,-0.0318602,0.114301,0.0677733,0.114175,-0.0194114,-0.0516462,0.00306326,-0.0112371,-0.203061,-0.130203,0.307429,0.068413,-0.122418,
0.169489,-0.162377,-0.0127297,-0.0130892,-0.0106486,0.0559919,0.0547167,-0.0429585,0.0577381,-0.0232021,-0.0147746,-0.289005,-0.0541505,0.0960614,-0.0976275,-0.241364,
0.0820826,-0.199879,-0.137071,0.086611,-0.0471829,-0.0534866,0.379709,0.00965493,-0.103122,0.101562,-0.0123914,-0.0787429,0.0929023,0.0978817,-0.136298,-0.257643,
-0.0704615,0.117548,-0.0102325,-0.278246,-0.149971,-0.00469051,0.0682577,-0.0370138,-0.0201381,-0.0538187,0.00127415,-0.273522,-0.0226869,0.0519913,0.200711,-0.240842,
0.229775,0.0395132,0.0441577,-0.199365,0.00284702,0.0464954,0.290124,-0.0958409,-0.0580126,-0.0673584,0.0478709,-0.1102,-0.0308202,0.102896,0.0743688,-0.0612394,
0.0915815,-0.0546905,0.0523227,-0.157267,0.0454067,0.0191504,0.0253276,0.00391836,0.133976,0.0123304,0.141503,-0.0289079,-0.0607698,-0.0864415,0.279077,-0.0747676,
0.113021,-0.0435534,0.0394054,0.00718489,-0.0270753,-0.172871,-0.202274,-0.0500923,-0.0850421,-0.0333853,0.0619315,-0.0161071,-0.113392,-0.013668,0.16507,-0.0638692,
0.172303,0.0595718,0.0846355,0.034084,-0.0383367,-0.215793,-0.106625,0.0449335,0.00354227,-0.183922,0.114347,-0.029221,-0.063965,0.135196,0.132823,0.128307,
-0.0188482,0.106727,-0.0975877,0.0193313,0.184718,0.0108973,-0.0348295,-0.033414,-0.0952345,0.0366052,0.104923,0.0335094,0.192802,0.0581842,0.258217,-0.156471,
0.09889,0.0286842,-0.0491869,0.133828,0.133097,-0.190439,-0.179883,0.0413513,0.0562309,0.0567869,0.111311,-0.151857,0.0900779,0.0592015,0.0668234,0.0774321,
0.0189607,0.0590607,-0.0171313,0.0698371,0.0738992,-0.128299,-0.0139583,-0.102631,-0.106378,-0.112121,0.0367029,-0.21174,0.214241,0.0706242,-0.188746,0.0449282,
0.0445799,0.0130481,-0.0381616,0.0797021,-0.0437626,-0.21069,0.0363579,-0.134907,0.00685112,0.0108434,-0.143098,0.00523582,-0.0270457,0.157599,0.0450748,-0.0393365,
0.172336,0.090232,-0.0618378,0.0343431,-0.066702,-0.113277,-0.137554,-0.139769,0.250435,0.0318811,0.052009,0.058245,0.0291133,-0.0886569,-0.273905,-0.11714,
-0.119468,0.107743,-0.0973684,0.12284,0.153827,0.1084,-0.00460009,-0.194439,-0.0427485,0.176973,0.0269387,-0.0223061,0.115943,0.116738,-0.0850838,-0.178589,
-0.158749,0.035818,-0.162021,-0.0542791,-0.0356414,-0.0623541,-0.162294,0.0832097,0.0761868,-0.0482108,0.146255,-0.0200598,-0.19425,0.2032,-0.000814662,0.0772606,
-0.0693243,0.0631986,-0.0197826,0.016725,-0.264418,-0.162031,0.117589,0.0604242,-0.0670101,-0.0685336,-0.0260681,-0.209166,-0.192517,0.0241243,-0.0958607,-0.119989,
-0.049591,0.0187668,0.120473,-0.0965521,-0.0963682,-0.0308529,-0.0319119,-0.0463686,0.162327,-0.0978659,0.0971286,0.0621382,-0.0818417,0.0175967,0.000694135,0.0623007,
-0.124126,-0.130301,0.170338,-0.131136,-0.0770359,-0.0330573,0.0282562,-0.0780247,0.131399,0.110838,0.0911828,0.199747,0.0610626,-0.16134,0.0615341,-0.0702377,
-0.0316744,-0.00177403,-0.114103,0.168818,0.215301,0.0430282,0.0453993,0.040692,-0.0993181,0.0211887,-0.0586503,-0.108026,-0.132025,0.043393,-0.0840497,0.144105,
-0.0910509,-0.0220954,-0.070488,-0.0893035,-0.00959469,0.137739,0.0558735,-0.0382358,0.0717914,0.0578374,0.0201814,-0.0418597,0.20235,0.0599156,0.186259,0.0834219,
0.12317,-0.0108968,-0.0158844,-0.152428,-0.0605815,0.0763626,0.0739767,-0.0180929,-0.036122,0.0117989,-0.00794171,0.118402,-0.0518881,0.26321,0.00340689,0.0327505,
-0.0319662,0.055076,0.0195995,-0.118523,0.0597448,-0.110427,0.114107,-0.024045,0.159162,0.0347552,0.0743753,-0.108074,0.025435,-0.0910913,0.042956,-0.0359926,
0.0502422,0.028407,-0.0391105,0.101126,-0.0786828,-0.118,0.13997,-0.104706,0.0227514,-0.0384423,0.0962062,-0.039489,-0.0335735,0.0477451,-0.0688131,0.0554305,
-0.0367258,-0.0667637,-0.187751,0.157936,0.0960468,-0.237864,0.0134495,-0.0354553,0.073206,0.158555,-0.132126,-0.0791661,0.0861682,0.0292886,0.0436335,-0.119721,
-0.0447067,0.156984,0.0834752,-0.156708,0.0717632,-0.170823,-0.0813228,0.208735,0.0185994,-0.0205155,-0.193895,-0.0863089,-0.16597,-0.0247467,-0.128206,0.159574,
-0.0928335,0.117258,0.0309824,-0.0505412,0.124487,-0.047074,0.0341992,0.183669,0.115465,-0.0541369,-0.0119026,0.0876994,0.0365069,0.269023,0.0469098,0.00768402,
0.0821236,-0.0529376,-0.0522788,-0.167299,0.149761,-0.138854,-0.136389,0.0289225,-0.0500832,-0.117452,-0.0520145,-0.109466,-0.0363247,0.345173,-0.132548,-0.0879692,
0.145041,0.0405251,-0.0497324,-0.0227255,0.107433,0.0642175,0.142624,0.0198834,0.0240724,0.0450252,0.00411308,-0.131178,-0.0885952,0.0314417,0.07322,-0.0914341,
0.118749,0.0303878,-0.0393543,0.047759,0.182677,-0.0370896,0.0724615,0.148809,-0.068703,-0.138388,0.0430953,-0.129737,-0.154243,0.120793,0.000953473,-0.037209,
0.0401294,0.0191612,-0.0278484,-0.152013,-0.145276,-0.00379545,0.157333,-0.0178819,-0.10878,-0.146135,0.023928,-0.177769,-0.0784851,0.104222,-0.00911686,-0.0972926,
-0.0926632,0.118476,-0.0727451,0.0150118,0.123077,-0.0259469,0.0825013,0.102123,-0.105135,-0.0382417,0.0853132,-0.102508,-0.0564435,0.0129529,0.150565,-0.110054,
0.00358232,0.0578685,-0.0280929,-0.0219744,-0.0711052,0.0527667,0.118001,-0.0204468,-0.101612,0.0168205,0.00605702,-0.135054,-0.0128795,0.105962,0.140786,-0.116233,
-0.0460906,0.12091,-0.0334303,-0.0745114,0.121421,0.0843736,0.0476371,0.0854371,-0.148002,0.00408277,0.0402927,-0.151038,-0.0128985,0.0106926,0.0586929,0.0462211,
-0.0216883,0.0371749,-0.0134908,-0.079514,0.105462,-0.0382414,-0.0827719,-0.00784419,0.00918613,-0.00211248,0.137712,-0.123995,0.14923,-0.0799045,0.211963,0.0415659,
0.0490349,0.265147,0.0467112,0.0654549,0.104437,0.0965893,-0.0742117,0.121208,-0.0278845,0.0571655,0.30037,0.00872923,0.0945355,0.213187,0.158781,0.0475953,
-0.0322685,0.143002,-0.0489687,0.194785,-0.0138983,-0.090148,-0.223598,-0.0688446,0.120617,0.00129914,0.2271,0.0520776,-0.0389126,0.0218394,-0.0936644,0.0659215,
0.0448762,0.139507,-0.0807512,0.112604,-0.17037,0.0142816,-0.188963,0.0289164,0.00183744,-0.163279,0.128354,0.0315908,-0.108245,-0.0656696,-0.11412,-0.0684317,
-0.0825779,0.196821,-0.0055246,0.123634,-0.0513329,-0.299463,-0.152331,-0.0438277,-0.0983133,-0.079791,0.158523,-0.0849001,-0.184133,0.0768374,-0.124229,0.0437493,
-0.029783,-0.00860367,-0.0388216,0.203997,0.144714,-0.0404866,0.0152925,0.0417972,0.124366,0.0615736,0.21684,0.0193751,0.0359127,0.0503294,-0.0715387,0.0280921,
0.049874,0.0929328,-0.0600306,0.156216,0.0753192,-0.111155,-0.0529521,0.0195161,-0.0217964,0.0502202,0.142882,-0.205564,-0.058548,0.184685,-0.00391215,0.045001,
0.0584924,0.0406651,-0.0932211,0.0130404,-0.0292003,-0.0997313,-0.119074,0.0672298,-0.061742,0.00177882,0.0437938,0.0414789,-0.0721409,0.369209,-0.349489,-0.0434365,
-0.0997977,0.0958386,-0.00751711,0.0280834,-0.0615746,-0.162168,-9.09905e-05,0.167455,-0.024166,-0.140351,-0.00293289,0.00473476,-0.218167,0.248199,-0.185999,0.0915849,
-0.176181,0.20017,-0.0488605,0.163612,0.0724061,-0.0772794,-0.0425427,-0.0940353,0.000373073,0.0182849,0.0190295,-0.119144,-0.207978,0.231642,0.0655676,0.000227171,
0.103785,0.146096,0.0576614,0.15097,-0.174186,0.107263,-0.0269424,-0.179715,0.136733,0.0607555,0.0309797,-0.0618034,-0.092839,-0.0111324,0.0431176,0.125207,
0.0200849,0.0793948,0.128867,-0.183848,-0.12003,-0.18738,-0.00387949,-0.0167337,0.0619146,0.0575218,-0.00264942,-0.107098,-0.109,-0.110181,0.0239225,0.0762122,
0.0789756,0.0669483,0.170494,-0.0289262,-0.142068,0.0234988,0.0709324,-0.0645096,-0.127436,-0.108456,-0.153008,0.0339503,0.0180928,0.134054,-0.0711331,-0.0588549,
-0.119418,-0.068106,-0.159986,0.0585948,0.0708801,-0.0937153,-0.00948664,-0.0933867,0.0389508,-0.030518,-0.0164228,0.0275467,-0.183561,-0.0745802,-0.149939,-0.0704439,
0.0714031,-0.096283,0.161403,-0.00821048,0.0351619,0.032512,0.085769,-0.0625416,-0.183635,0.0185655,-0.126403,-0.146079,-0.144936,-0.128038,-0.0275545,-0.146033,
-0.0671661,0.163162,-0.164838,0.133792,-0.104123,-0.135107,-0.205482,0.0855792,-0.0673608,-0.061639,0.0367317,-0.232321,-0.0682041,-0.0505761,-0.0896177,0.0720905,
-0.0450224,0.0284588,-0.0621883,0.123897,-0.0500157,-0.00866482,-0.124193,-0.11541,-0.00702188,-0.0674726,-0.0457238,-0.00154008,-0.208724,0.243867,0.138989,0.0808613,
-0.112595,0.00319302,-0.0561104,0.0276078,0.0996557,-0.116523,-0.064673,-0.112842,0.0635291,-0.0343753,0.00742653,-0.0681742,-0.0536445,0.0831463,-0.266597,-0.0144703,
0.0634882,0.137211,-0.0915709,0.155709,-0.0116852,0.0287988,-0.180366,-0.127414,0.142943,-0.0565753,-0.142041,0.0287008,-0.0891088,-0.056814,-0.0892472,-0.0841349,
-0.195638,-0.0566961,0.137207,0.134973,0.0532023,0.0440963,0.122049,0.00603464,-0.116769,-0.00735127,0.10876,-0.0410768,-0.0861178,0.0509434,0.101466,-0.0615237,
-0.0437473,0.00962695,-0.0905615,-0.0171262,0.156863,0.229224,-0.0347233,0.108092,-0.0055527,0.0529253,0.0863647,0.115796,-0.239776,0.206035,-0.251507,0.0966116,
-0.107428,0.293905,0.0970723,0.0484414,0.0920401,-0.0359896,0.128371,-0.0956422,-0.0716155,-0.0401336,0.00300517,0.214254,-0.152465,0.0749922,-0.0540006,0.0294997,
0.000268014,0.0750148,-0.0580553,-0.0718225,0.061517,0.108511,0.0530402,0.177899,-0.190451,-0.00773885,0.126709,0.0160651,-0.0428076,0.141862,0.0219406,-0.000790242,
-0.116629,0.101037,0.00877559,0.0918144,-0.0199887,-0.0799849,-0.00196504,-0.0661497,0.00286363,0.0327136,0.169559,0.0769181,-0.0419055,-0.00554356,-0.227795,-0.0763011,
-0.0587606,0.119108,-0.0585704,0.127666,0.10046,0.0524885,0.0699596,0.0459823,0.0476871,-0.0261159,0.155431,0.0509204,0.0720907,-0.0287344,-0.0309931,-0.21956,
-0.101186,0.0899041,-0.101703,-0.0847887,0.202956,0.200315,0.0696908,0.0769771,0.102334,-0.0204462,0.0283073,0.0217098,0.0755716,0.154398,-0.0291421,-0.195314,
0.0270662,0.259688,0.052479,-0.058069,0.0828142,0.102994,0.0174733,0.101177,-0.0400896,0.0146754,0.197355,0.0462326,-0.00655974,-0.102485,0.118884,-0.135033,
-0.0192924,0.246685,-0.130285,-0.00526714,0.137612,0.0551632,0.120323,-0.0193723,-0.0145699,-0.00624202,0.293406,-0.0189732,0.0131809,0.109382,-0.11578,-0.096299,
-0.192026,0.112108,-0.0224797,0.119615,0.102792,0.148249,0.0625688,0.0921749,0.0511929,-0.0706729,0.189744,-0.127988,0.0883104,0.109146,0.0513351,0.0573358,
-0.0597469,0.304368,-0.0532589,0.0413603,0.240896,0.170389,0.1761,-0.0463456,-0.179388,-0.0617027,0.131343,-0.0183033,0.162771,-0.0749408,-0.00702826,0.106812,
-0.057898,0.113496,-0.0679454,0.168525,0.0755117,0.0586541,0.0897795,0.0858149,0.00391731,0.0317217,0.267899,-0.0892879,0.0715889,-0.0223022,0.0381672,0.027151,
0.0917988,0.0735973,-0.110996,0.10792,0.0662191,-0.0532946,0.0537229,0.0328167,0.0123641,-0.0135108,0.239801,-0.0903936,0.250116,0.222055,-0.153473,0.00905961,
0.0432249,-0.0262493,0.0556298,0.0300679,0.00193829,-0.0931965,0.0407606,-0.0575232,0.012763,-0.00746553,0.22493,-0.0381223,-0.0746434,0.111017,0.0139106,-0.110485,
0.0118474,0.141579,-0.161,0.0825943,0.0481653,-0.126782,-0.0327297,-0.000225688,-0.143455,0.0070496,0.156282,-0.162918,-0.0537257,0.186958,-0.0965641,-0.0696405,
0.0645078,0.108327,-0.126974,0.0612447,-0.123229,-0.0223298,0.0139746,-0.146209,-0.121348,-0.14243,0.119557,-0.0322931,0.0396456,0.176802,-0.185389,0.0469721,
-0.13507,0.133312,-0.00416993,0.237605,-0.11756,-0.143009,0.146874,-0.0174161,0.0503774,-0.139532,0.0720492,-0.0795103,-0.075918,0.263976,-0.0508044,0.084951,
0.0372352,0.123434,0.0273759,0.0831856,0.105218,0.00134349,-0.100454,0.0491518,0.0541688,-0.127518,0.097466,0.140325,0.0380143,0.124968,0.0119745,-0.0840245,
-0.0386317,0.157824,-0.0679004,-0.00528953,-0.0181673,0.0477828,-0.0508377,-0.0302078,0.188052,-0.0627131,0.0663586,-0.0217065,-0.0415741,0.144136,-0.163054,-0.125418,
-0.0630507,-0.228198,-0.068908,0.242821,-0.104377,0.143735,-0.0313981,0.104703,-0.0317847,0.207642,-0.12194,-0.0736812,-0.0280205,-0.0162184,-0.0234445,-0.0405736,
-0.119744,0.283467,-0.0171927,-0.0886631,0.076291,-0.104671,0.0267871,-0.0530386,-0.149173,-0.00673447,-0.0597061,0.0639834,-0.0442365,0.0506079,-0.0113841,0.147466,
0.0150884,0.0857753,-0.0377836,0.0885803,-0.0882485,0.057132,0.0580582,-0.0432465,0.0821624,0.143386,0.042888,0.0342004,-0.0316897,0.00701384,-0.216464,0.0459837,
0.0292596,-0.0529872,0.0886112,0.218694,-0.0669022,0.0151238,-0.121178,-0.0960089,-0.0567766,0.115849,-0.0224729,0.00960272,0.0310008,-0.153423,0.0558634,0.194525,
0.085902,0.123865,-0.146211,0.0381831,-0.0475486,0.0927466,0.0483648,-0.113432,-0.00275418,0.0722899,-0.136612,0.0615493,-0.133041,0.129186,-0.201429,0.117348,
-0.0500461,-0.0101234,-0.00196408,0.112122,0.0133605,-0.00458161,0.0139579,0.194522,-0.144533,0.0511777,-0.113355,-0.0613635,-0.102625,-0.0442255,-0.0822441,0.0404165,
-0.20091,-0.061415,-0.0387447,-0.0171087,-0.0105678,-0.12856,-0.0438831,0.0449323,0.0569481,0.00608841,-0.111886,0.0195996,-0.122569,-0.00357883,-0.0183448,-0.0748962,
-0.0647132,0.13553,-0.0397679,0.00447864,0.00928632,-0.0924242,0.0617219,0.108305,-0.134818,-0.244023,0.139683,0.0953897,0.0985745,-0.0603092,0.0447508,-0.0456605,
0.0514273,0.102009,-0.0172962,0.0435192,0.166394,0.0312676,-0.0391176,-0.0322443,0.0563157,0.0604523,-0.127304,0.0656231,-0.232605,0.182965,-0.0402562,0.154795,
-0.0404089,0.17928,-0.066161,0.0972666,-0.0541076,-0.0345527,0.167094,-0.0245586,0.0130832,-0.127739,0.0620244,0.0848845,-0.308143,0.130239,0.196051,0.0395558,
0.0196577,0.0913013,-0.158955,0.0184135,0.149226,0.0715906,0.0710644,-0.124668,0.0818789,-0.0119973,-0.184492,-0.0198863,-0.184102,0.0485772,-0.00579049,-0.0106599,
-0.0692174,0.0788138,0.0783499,-0.0638187,0.0967114,0.250341,0.06713,-0.0203124,-0.123808,0.154189,0.0440685,-0.0118732,-0.220302,0.0477538,0.0437128,0.0488245,
0.0371814,0.0555473,-0.015897,-0.0746553,-0.0905864,0.0322327,-0.134369,0.038977,0.166368,-0.09798,0.0615367,0.129688,-0.117795,-0.0141382,-0.150566,-0.13735,
-0.234839,0.103273,0.12649,-0.0638245,0.0784029,-0.0704033,0.034015,0.119012,-0.0371269,0.102621,0.0855069,0.108192,-0.107198,0.0375335,0.050976,-0.0737994,
-0.0601804,0.174613,-0.0347536,-0.171669,-0.275026,0.0974452,-0.103228,0.101995,-0.00981918,-0.0388187,0.217414,0.214087,-0.128755,-0.0339351,0.0153279,-0.0114806,
-0.057571,0.259749,-0.0946423,0.122887,0.0733626,0.084032,-0.02351,-0.0810464,-0.0730153,0.234427,0.13305,0.148847,-0.0417237,0.0444255,-0.0942973,-0.0460177,
-0.249016,0.0548655,0.0349422,-0.171356,0.0553697,0.194737,0.0409064,-0.0394975,-0.0584611,0.136374,-0.0371084,-0.0304362,0.0663694,-0.112482,-0.0475469,-0.107886,
0.134346,0.170723,0.0120017,-0.0304024,0.107886,0.187236,0.0353013,0.129106,-0.0236581,0.0666055,0.042349,-0.0319329,0.22359,0.137411,0.00387013,-0.108185,
-0.0587736,0.196519,0.00802799,0.103829,0.0459307,0.146828,0.133234,-0.0139836,-0.122254,-0.0639226,0.131177,-0.169497,0.0853955,0.0226061,-0.0737152,0.192488,
-0.0524925,0.151852,-0.176397,0.0664794,0.0607648,0.122965,-0.0796594,0.0627709,0.0629704,-0.130985,0.18062,-0.0522973,0.107563,-0.0325602,0.0231864,0.0348179,
-0.103964,0.13057,-0.153406,0.194085,0.0601921,0.103186,-0.0447848,0.0121236,0.044083,0.0366691,0.0745188,0.068127,-0.0173771,0.000769834,-0.0414612,-0.0441081,
-0.14052,0.19315,-0.0937132,0.132311,0.101421,-0.101718,0.0778187,-0.0361516,-0.149228,-0.121156,-0.0204461,-0.0660382,0.0572926,0.083575,-0.0830315,0.0759748,
-0.0304869,0.0908212,-0.178799,0.104852,-0.112035,-0.0307964,-0.0638548,0.154733,0.0590609,-0.133841,-0.0141202,0.003724,0.0171864,0.181446,-0.235243,0.323503,
0.039687,0.179076,-0.0570503,0.0686753,-0.0269932,-0.193282,-0.106429,0.0388591,-0.0473544,-0.0576189,0.286102,-0.152278,-0.058012,-0.0392954,-0.0925377,0.0842771,
0.0706626,0.110233,0.00507111,0.174654,0.0480083,0.119892,-0.0249685,0.0282475,-0.0784572,0.0636081,0.0632634,-0.0949771,0.110741,0.235064,-0.160292,0.164439,
-0.00467257,0.256547,-0.0696077,0.0752234,0.0110857,0.0326065,-0.142415,0.0919828,-0.0159419,0.0378608,0.0856054,0.0209777,-0.0633767,0.153793,-0.179267,0.111345,
-0.0175343,0.188846,0.00424596,-0.0230624,-0.0988855,0.0505012,0.0673973,0.0590156,-0.0419511,0.126627,0.212421,0.0395148,-0.0354501,0.174117,-0.190056,-0.284053,
0.105314,-0.0330244,-0.0332698,0.0434972,0.0357513,-0.104171,-0.0569379,0.192139,-0.149477,0.0464665,-0.074031,-0.199299,-0.0714154,0.0964549,-0.10063,0.0936049,
0.00149698,-0.0256051,0.0728728,-0.185589,-0.0619678,-0.0530393,-0.128324,-0.0211358,0.289242,0.0280939,0.0263206,-0.167848,-0.136714,-0.123328,0.0782391,0.104918,
0.132556,0.128581,-0.0385389,0.147862,0.0235052,-0.0458358,-0.00081371,-0.0885709,-0.0141885,0.0334578,0.0499258,-0.0558193,-0.0141399,-0.0430757,-0.103001,0.0649379,
0.166363,-0.00171633,-0.0465195,-0.018566,-0.207069,0.101074,-0.284718,-0.0434026,-0.0171786,-0.0568557,0.258601,0.0185231,0.097433,-0.0885581,-0.0287014,0.0301149,
-0.0388664,0.0237807,0.146793,0.0609654,-0.154412,0.150829,-0.0608157,0.0132143,0.0292572,-0.0107669,-0.259127,0.138181,0.101967,-0.0558932,0.193723,-0.0970603,
0.056031,0.0794658,-0.114204,-0.245005,0.134594,-0.187204,-0.0825161,0.0679306,-0.129203,0.234743,-0.170104,-0.117178,0.105852,0.0485148,0.0280381,-0.195824,
-0.0470064,-0.0786431,0.268402,0.051434,-0.226606,0.0304982,0.0510708,-0.0111043,-0.00022448,0.0190744,0.167947,-0.144652,0.0822852,0.108714,0.00319876,-0.168474,
-0.0178323,0.0978677,0.00601236,-0.0405979,0.083899,0.040209,0.106076,-0.272451,-0.0116954,0.0675091,-0.106283,-0.0298341,0.0515714,-0.119564,-0.000866336,-0.00728237,
0.0463702,0.053733,-0.0743945,0.095398,0.105533,-0.0739146,-0.0460962,-0.163954,0.00188167,-0.199533,0.101343,-0.155245,-0.0954842,-0.123427,-0.0826864,0.106429,
-0.0172784,-0.0049808,0.115993,-0.092493,0.172583,-0.255492,-0.0352915,-0.0714294,0.04524,0.0504804,0.140342,0.198709,-0.0330267,-0.0163307,-0.0919414,-0.108431,
-0.182825,0.115977,-0.0420854,-0.151424,0.0343831,-0.170822,0.26761,0.0518879,0.103847,-0.0686482,-0.073418,-0.0187965,-0.115254,-0.071107,-0.0137495,-0.0386491,
0.143407,-0.0962527,-0.0872896,0.0721083,0.0710862,0.0726856,0.0451268,0.116122,0.0528313,-0.0320709,0.150893,0.00495712,0.0300389,-0.183071,0.00487331,0.0508805,
0.00453857,-0.0199903,-0.25548,-0.203596,-0.00868133,-0.0302176,0.205636,0.178817,0.143439,0.143474,0.0266553,0.0626681,0.0300011,-0.115758,-0.0990711,0.0891074,
-0.0408618,0.0579042,0.00231301,-0.08425,0.106827,0.208561,-0.133012,-0.00739187,0.113521,0.107235,0.0465032,0.20424,-0.0554379,0.164736,0.0215251,-0.155738,
-0.0519893,0.168623,-0.0727975,-0.0128917,-0.0732319,0.111388,-0.143103,0.118946,0.0732314,-0.0679435,0.0180748,-0.0644168,-0.190666,0.0168259,-0.0820762,-0.0604428,
-0.0350917,0.0793207,-0.195949,-0.153251,0.143229,0.100957,-0.0155625,0.0594984,-0.0617102,0.0527013,-0.154174,0.101298,0.0985757,0.0494658,0.0917747,-0.0184222,
-0.0232725,0.328258,-0.111143,-0.209614,0.25315,0.108177,0.0137539,0.14905,-0.117637,0.00471671,-0.0137119,0.130001,0.0419436,-0.0126703,0.0438856,-0.0281352,
0.1255,0.11067,-0.132491,-0.0449704,0.00563933,0.219207,0.100669,0.100125,-0.0230432,-0.0766005,0.0230594,-0.0435361,0.0661,0.229526,-0.0740187,0.0383421,
-0.00546901,0.11025,-0.168539,0.176387,0.233721,0.234706,0.100539,-0.104176,-0.0966033,0.0459736,0.055202,0.0925924,0.0550489,0.13135,0.0340608,0.0549616,
-0.0331822,0.0795941,0.0255944,-0.0467482,0.137781,0.0950581,0.0684647,0.078865,-0.112615,0.000314986,-0.162963,-0.0128967,0.230035,0.0240232,-0.025625,-0.0761967,
-0.0632025,0.0750795,-0.138705,0.048002,0.0737727,0.146271,-0.0540799,0.0578688,0.0177053,-0.0478681,0.0374335,-0.0885884,0.0882007,0.0893981,-0.0329246,-0.0666952,
0.122851,0.100908,-0.0797456,0.207225,-0.00726178,0.21377,-0.0432771,0.136543,-0.132403,-0.0679474,0.0965832,0.150951,0.0051079,0.258031,-0.0865327,0.201887,
0.02824,0.0617839,-0.0912452,-0.0184914,0.0713624,0.0812919,-0.104782,0.103969,-0.121611,-0.00569688,0.0674196,-0.167871,-0.0288522,-0.0479542,-0.116292,0.159072,
0.12328,-0.0439247,-0.243799,0.113848,-0.0752891,-0.00949927,-0.148066,0.170137,0.016309,-0.0369977,-0.0221401,0.101987,-0.0227082,0.213947,-0.200668,0.153043,
0.0091624,0.187059,-0.0818323,-0.0718187,-0.161695,0.0628186,-0.0903399,0.0618505,0.151553,-0.0341094,0.213056,-0.0358954,0.0252492,0.250831,-0.282365,0.103992,
0.0346889,0.0550507,-0.0728177,0.105098,-0.0260864,-0.141514,-0.0311346,-0.0677834,-0.0629379,-0.0269053,-0.0121498,-0.200817,-0.00321585,0.163843,-0.0136236,0.129387,
-0.127561,-0.0563684,0.0112844,-0.0793138,-0.00501183,0.0237078,-0.0988166,0.0304164,0.11415,0.151995,0.0431005,-0.0446539,0.114878,0.0824435,-0.17569,-0.00324813,
0.110102,0.275422,-0.0208295,0.141413,0.106161,0.053812,0.165721,-0.0526641,-0.0557305,0.0911089,0.0184599,0.026188,0.00232123,0.0958131,-0.136661,0.180784,
-0.0561206,0.218099,0.0894761,-0.0764723,-0.0652249,-0.0834561,-0.185879,0.0286223,-0.0566672,0.146899,-0.156948,0.0491404,0.190351,0.0758519,-0.0277984,-0.0274259,
-0.0264289,0.22834,0.0665445,-0.125328,-0.081324,0.024516,-0.0161652,0.116576,0.217484,0.0224311,-0.0119627,-0.243026,-0.0407135,0.17384,-0.0817213,-0.117775,
-0.0151502,0.103653,0.0537258,-0.0887652,0.0548576,0.137932,-0.111473,0.0905191,-0.00754534,-0.120253,0.0710903,-0.074096,0.0891192,0.150374,0.0241716,-0.0565658,
0.0150359,0.0292042,-0.069171,0.0146473,-0.00212827,-0.126917,0.0392586,-0.0328643,-0.0292017,0.0958045,-0.0931432,0.115244,-0.0402895,0.0735072,0.120899,0.0462463,
-0.0261242,-0.108405,-0.0359811,0.15555,-0.0872478,0.0814489,0.268607,0.166141,-0.0165259,-0.155519,0.179244,0.0791311,0.0828877,-0.040542,-0.105278,0.0434346,
0.0248381,-0.0324617,0.181514,-0.0661663,-0.0320178,-0.00594911,-0.0301533,-0.00356902,0.0273854,-0.204035,-0.12246,0.109325,0.00768663,-0.12286,0.145259,0.0540621,
-0.0958726,0.112731,0.060277,0.103371,0.0602087,-0.122881,0.011268,0.127356,-0.0475583,0.0481598,-0.0272007,0.0365503,0.158368,-0.128657,0.0521957,0.0313885,
0.0591594,-0.132121,0.0449792,-0.194165,-0.127588,-0.0251395,-0.0788035,0.143592,0.138125,-0.047425,-0.0135339,-0.153182,-0.0271978,0.0734915,0.170977,-0.0570714,
-0.0612649,-0.0193159,0.0408365,0.269899,0.0884204,-0.080337,-0.00888616,0.0393706,0.134701,0.152844,0.07304,0.0220483,-0.00662461,-0.135451,0.0273896,-0.0642943,
0.13057,-0.07665,0.021521,-0.0648687,0.092484,-0.0424203,-0.0659167,-0.0748585,-0.0514742,0.0340484,-0.0539381,-0.0491264,-0.0635462,-0.0613491,-0.00230844,-0.0348642,
-0.034304,0.0428183,0.204209,-0.209534,0.0575126,-0.0781965,0.0536666,-0.0674149,-0.0763175,-0.0510748,-0.0611844,-0.0283365,0.0102199,-0.268339,0.146282,0.0491357,
0.210108,-0.0198633,-0.0249073,-0.166745,0.241791,-0.0957633,-0.148926,-0.0392354,0.0366403,0.128449,0.108392,-0.0592078,-0.0728704,0.042741,0.134414,0.0565926,
0.149873,-0.0188109,-0.081974,-0.0554489,0.0865559,0.0437803,-0.0489062,0.0450019,-0.0925328,-0.0323465,-0.0941697,0.0392142,-0.0224434,-0.234878,0.00514023,0.046081,
0.0456074,0.277906,-0.0234534,0.0289613,0.106501,0.205505,0.118091,0.11706,0.0239233,-0.028708,-0.106966,0.146134,-0.0512443,0.00431512,-0.172926,0.173891,
0.130696,0.145383,0.0545583,-0.00738196,0.104403,-0.00942254,-0.039156,-0.0660949,0.131618,0.0448191,0.0394052,0.137336,-0.028864,0.17407,0.0352914,0.0755079,
0.13619,0.000687695,0.181252,-0.0778664,0.110737,0.0489789,-0.122776,-0.0232131,-0.0683314,-0.089738,0.030479,-0.0443293,0.112456,0.0185637,0.00305225,0.0869294,
0.0110255,0.244656,0.0377559,-0.0251455,0.254634,0.0514588,-0.111026,-0.0501314,-0.128919,0.00496501,0.0274337,0.14174,0.0371276,0.199065,0.0569853,0.209049,
0.14334,0.0977418,-0.0332175,0.0654401,0.0834607,0.366992,0.121656,0.0706959,-0.0875805,0.151851,-0.049765,-0.0825144,-0.0171292,0.153308,-0.076506,0.0142324,
0.0871644,0.22012,-0.0154065,0.227015,0.192482,0.191217,-0.0748432,0.124549,-0.0839006,0.12355,-0.0441262,0.0595458,-0.0171552,0.200125,-0.128182,0.072067,
-0.0745427,0.172141,-0.208721,0.107921,0.180299,0.0258528,0.0873419,0.167352,-0.152157,0.0458161,0.0910221,0.0414188,-0.0630246,0.164664,-0.0840234,0.223264,
0.236976,0.126919,0.0541234,0.00426853,0.0303584,0.115899,0.0336536,0.0932258,-0.0921194,0.0631639,-0.260066,-0.0656265,-0.135507,0.185202,-0.168469,0.176021,
0.0624763,0.0820737,-0.118067,0.124137,0.0167376,0.209651,-0.16978,0.078924,-0.135595,0.0605885,0.011707,-0.110388,0.0806187,0.0985974,-0.124394,-0.00139222,
0.0539958,0.133262,0.112851,0.139725,-0.0500368,-0.0119711,-0.223622,0.133846,-0.0284466,-0.0146614,-0.0576396,0.0232061,-0.106092,0.0749638,0.00672243,0.1182,
0.00700375,0.186187,0.140443,0.0038703,0.0515188,-0.0657787,-0.0665929,0.0577422,-0.115285,0.0362187,-0.0209907,-0.193078,0.0919828,0.167757,-0.128266,-0.0653043,
-0.0462365,0.0146946,-0.0210303,0.0482789,-0.124215,0.0660007,-0.0329746,0.106184,-0.101143,-0.000118505,0.0176186,-0.162501,0.0070205,0.108494,-0.244239,0.123125,
0.000988032,-0.0315395,-0.0144687,0.150288,-0.0144493,0.089582,-0.109192,0.174898,-0.173571,-0.0985993,-0.0419028,0.0970277,-0.0509216,-0.050684,-0.132832,0.120599,
0.0482151,0.0057347,0.225192,0.0905734,-0.0768696,-0.0196422,-0.153218,-0.155256,-0.000382852,0.105895,0.00371244,-0.131439,0.220199,0.184558,-0.00690731,0.116335,
-0.0757703,-0.190492,-0.00126655,-0.0664272,-0.120711,0.0398482,-0.080023,-0.0980672,0.047755,0.173959,-0.00626024,-0.182397,-0.0814316,0.104978,0.0528519,-0.109567,
0.0536905,0.0197321,0.112642,0.0686535,-0.103701,0.218439,-0.137742,-0.0485861,-0.0139441,0.0379638,-0.288088,0.032306,-0.12555,0.0798918,0.0360431,0.15683,
0.073705,-0.0420999,0.00886349,-0.0768651,-0.0726932,-0.0844988,-0.0388362,-0.0712081,-0.150251,0.000512234,-0.0425692,0.00469172,-0.097225,0.107107,0.179623,-0.0280508,
-0.0486647,0.00139808,0.0919765,-0.000470766,-0.0454908,0.093195,0.0898891,0.000466085,0.0332329,-0.226983,0.0431321,0.174776,-0.0146771,-0.0399209,-0.151868,0.170943,
0.00345597,-0.0993637,-0.127018,-0.015522,-0.0752562,-0.139013,0.113242,-0.125301,-0.0254493,-0.032004,0.0152421,-0.00928755,0.0573351,0.0573838,0.093277,-0.00306648,
-0.0947433,0.0912246,0.0661604,0.00929615,0.0744658,-0.0322768,0.0803572,-0.170817,-0.229308,-0.0271172,0.106122,0.0554134,-0.00532843,0.0109447,0.102572,0.0960899,
0.013051,0.022571,-0.131308,0.0916546,-0.0528658,-0.0903433,-0.0870225,-0.0301293,-0.159918,-0.0457964,0.096215,0.129166,-0.200017,-0.110593,0.144568,-0.109556,
-0.04754,0.166452,0.114212,-0.115563,0.0495084,0.193311,0.0761902,0.130437,-0.102072,0.132698,-0.00285676,-0.0326972,0.0687986,0.152807,0.124086,0.0567755,
-0.0410713,0.0629258,-0.0134344,-0.0703905,0.0626949,-0.0290662,-0.0655289,0.102377,0.00575034,-0.0101045,0.0144435,-0.100163,-0.064885,0.0612139,0.0116691,0.0459228,
0.0781617,-0.157257,-0.103793,-0.035129,-0.145518,-0.0367702,0.104685,-0.0773994,-0.0546382,-0.0076793,0.0670986,-0.126413,0.13435,-0.0568778,-0.0286204,-0.030373,
0.163377,0.0886433,-0.136793,-0.0801282,-0.08674,-0.0732976,0.048779,0.184679,-0.100744,-0.0993905,0.171001,0.0863061,0.170969,-0.104164,-0.120776,-0.188717,
0.0324814,0.0807091,0.116582,-0.0740504,0.00597842,0.171731,0.0390509,-0.122747,-0.0366765,0.0766569,-0.0417348,-0.0477316,0.153055,-0.0925632,0.0391718,0.0594871,
-0.030167,-0.00627154,0.00357653,0.0259497,0.0842288,-0.0493292,0.0366115,-0.14559,-0.0999342,0.0504729,0.0772114,0.0192283,-0.116959,-0.0519184,0.0573552,-0.00187938,
0.094044,0.110217,0.203118,0.0974674,0.152965,-0.0906806,-0.0766316,0.0452564,0.00979012,0.0934134,0.131236,0.110947,-0.0846777,-0.227954,-0.161363,0.175738,
0.210293,0.0364944,-0.082371,-0.00290951,0.0552977,-0.143365,-0.0590894,-0.209194,0.0609028,0.00527387,-0.139397,0.0380445,-0.249562,-0.246277,-0.199137,0.0474686,
-0.221389,0.0463886,0.135525,0.013919,0.187105,0.0306323,0.100674,-0.0196728,0.0494314,-0.105788,0.181237,0.0409401,-0.285443,-0.0543276,-0.0490113,0.293738,
0.141802,0.142438,-0.0470819,0.0491356,0.074662,-0.0805138,-0.0685138,-0.155213,-0.0490019,0.0567534,-0.105876,0.0110524,-0.0374706,-0.13624,-0.116055,-0.0775782,
-0.0363931,-0.114027,-0.00191343,-0.201288,0.27958,-0.0771716,0.0467958,0.0435566,0.0134919,0.0190378,-0.119411,0.100724,-0.0732273,-0.100869,0.0950012,0.32405,
0.152762,0.26355,-0.00344358,0.097484,0.296271,0.222264,-0.066516,-0.0732427,0.103733,-0.0901479,-0.0615393,0.00590903,0.0120622,-0.0877122,0.00931795,0.111815,
0.0214322,-0.0100233,0.00104027,0.042174,0.129255,-0.0426936,-0.0586295,-0.0122532,0.010891,-0.0388204,-0.193278,-0.0398474,-0.0664038,-0.0736134,-0.10753,-0.0689402,
-0.0223906,0.00900734,0.166671,-0.120133,0.14915,0.0106985,0.043704,0.0379555,-0.0315597,0.204187,-0.119671,0.0866722,0.0162338,-0.103199,-0.158612,-0.0514958,
-0.0145144,-0.1403,-0.0228444,0.00939449,0.191804,0.16503,-0.0137357,0.090426,-0.0788836,-0.0756463,-0.1507,-0.0179445,-0.103171,0.00791537,-0.126438,0.0860772,
-0.0672521,0.121521,0.0414553,0.0794881,0.10795,0.0797318,0.00203682,0.160563,0.163578,-0.0227447,-0.0955948,-0.223102,0.169475,0.0919952,-0.0737813,0.215659,
0.0905595,-0.0358565,0.205826,0.146053,0.102686,0.0948864,0.0332544,0.147847,-0.0948214,-0.0158394,-0.0243067,0.143833,-0.217232,-0.0788918,-0.371538,0.109439,
-0.0400393,-0.0593704,0.107742,0.0373421,0.0122643,0.00361653,-0.10802,-0.0880172,0.0346243,0.152579,-0.0666738,-0.044363,0.0886369,0.0149576,-0.113883,0.162818,
0.0521725,0.0890531,-0.00114974,0.183422,0.11835,0.144063,-0.255149,-0.0158774,-0.159135,-0.157695,-0.299647,-0.160886,0.0841417,-0.124982,-0.268824,0.279812,
0.0952703,0.0930416,0.198177,0.146991,0.0885625,0.0415326,0.0671109,-0.0767336,-0.0589573,-0.0437913,0.0374399,0.035259,0.222028,0.0810173,-0.212525,0.0143254,
-0.0154207,0.0661594,0.124232,0.105445,0.0695076,-0.120695,-0.111551,0.0924445,-0.0442182,0.115435,-0.0241599,-0.144577,-0.00327561,0.00977049,-0.0683067,0.047237,
0.193327,0.115765,0.0663062,0.100965,0.145207,0.0167141,-0.0239844,0.0347819,-0.138372,-0.137379,-0.122939,-0.0336796,0.212127,-0.0886075,0.162509,0.0734327,
0.160402,0.0703858,-0.00886095,0.0537631,0.0762964,0.00509541,-0.0764085,0.037754,-0.0906899,-0.10079,-0.0331087,0.0632903,-0.164523,-0.00277747,-0.0824105,-0.0313936,
0.15847,-0.117334,0.0594668,-0.0644415,0.0374145,-0.0138459,-0.073905,-0.013434,0.0942788,0.0746512,-0.0603682,0.0334149,0.153409,0.211833,0.11135,-0.275513,
-0.0489512,-0.142807,-0.0646795,-0.0965466,-0.167877,0.00793137,-0.0550731,-0.0787588,0.0498205,-0.0738955,-0.0535255,0.0288913,-0.0573918,0.0303544,0.0863919,-0.123697,
0.0684194,-0.0499174,0.134321,-0.11916,-0.26075,0.0661276,-0.0266319,0.0365893,0.131699,-0.0965345,-0.0140339,0.0152001,-0.0813155,0.0486182,0.0639557,0.0728071,
0.156307,0.0725909,0.0930702,0.0108832,0.0611698,-0.0643192,-0.165518,-0.045038,0.0904626,0.126831,-0.0430145,0.0784131,0.0730243,-0.0357712,0.00555376,0.0199103,
0.123026,-0.0107261,-0.0448827,-0.0921201,-0.0872991,-0.0649623,0.0940603,-0.0733275,-0.0674778,0.0858127,0.0533466,0.00248206,-0.0995728,0.0377085,0.00957666,-0.0569065,
0.113764,-0.040374,-0.0195911,0.073586,0.0883591,-0.0781383,-0.00473577,-0.229449,-0.0340324,0.287753,0.0362752,0.014291,0.0351754,-0.0382083,-0.120153,0.225645,
0.100975,0.088231,-0.192703,0.0829103,-0.184783,-0.0403689,-0.120127,0.0516486,-0.0393055,-0.0165052,-0.0744099,0.0923104,0.0686021,0.0619617,0.0625135,0.0829439,
0.0220999,-0.00805794,0.0387707,-0.00476947,-0.25398,0.0164465,-0.0173708,-0.0030693,-0.0678402,-0.13025,0.0501918,-0.0321806,0.00194327,0.135261,0.15082,-0.203028,
0.0161516,-0.026257,-0.0171458,-0.0654055,0.0818081,0.0946134,0.106154,0.111611,0.110034,-0.0986855,-0.0204097,0.156531,-0.116912,0.143598,-0.166924,-0.0746126,
0.141603,-0.109935,-0.040645,0.0145868,-0.100426,0.0932237,0.0491807,-0.0195293,-0.0284059,-0.00873794,0.0822374,0.011061,0.0649143,-0.0612184,-0.132696,-0.071407,
0.0228682,-0.0721281,0.039491,0.258599,0.0768974,-0.0226216,-0.0452395,-0.206921,-0.0993477,0.0284508,0.0511661,0.0106949,-0.171817,-0.170928,0.125875,-0.114906,
-0.0713434,0.0275966,0.0509467,-0.194829,-0.0438109,-0.0738553,0.0160705,-0.121457,-0.00373321,0.0942017,0.080275,-0.103913,-0.162316,0.0407998,0.0372971,-0.105888,
-0.116619,-0.0768633,-0.0409727,-0.153677,0.0875567,0.0813793,-0.0808554,0.0956044,-0.00839254,0.0228169,-0.0547653,0.0749343,0.0595177,-0.08785,0.0239423,0.0820327,
-0.109561,0.00601926,0.0320456,-0.117537,0.178353,0.113337,0.126037,-0.112261,0.0764804,0.157876,0.139359,0.00783142,-0.0509008,-0.0645747,-0.0198236,0.190213,
-0.146489,0.0128891,0.160676,0.137075,-0.00910187,0.0712849,0.143203,-0.0426933,0.140429,-0.0542786,0.0631341,0.162825,0.0902614,-0.134985,-0.0815822,0.0371483,
0.0767322,0.128537,0.28621,0.0011123,0.0841783,0.0942084,-0.107035,-0.0850119,0.118632,-0.0480621,0.109711,-0.18772,0.113402,0.0540754,-0.0399088,0.126068,
0.0744968,0.150998,0.190124,-0.20757,0.0552342,0.0431552,-0.157395,-0.204115,-0.0638948,-0.105408,0.0413311,-0.137146,-0.0422971,-0.157657,-0.113849,-0.0476983,
0.0666508,-0.0302733,-0.0690301,-0.128138,0.12072,0.321566,0.094048,-0.0779692,-0.137186,0.0581448,0.00301762,-0.0341412,-0.0557043,-0.229509,-0.150542,0.064741,
0.0340348,0.0555268,0.0894569,0.108439,-0.0106959,0.111775,0.153719,-0.235544,-0.110254,0.191736,-0.0145464,0.0412152,-0.0262514,-0.132836,-0.1504,0.138392,
0.133064,-0.0113779,0.285018,-0.0324219,0.16817,0.081571,-0.0144176,0.0462804,-0.0394863,0.0355491,0.0293145,0.0273047,0.0259385,-0.0727382,-0.0817709,0.041392,
-0.0730769,0.0377425,0.134686,0.09233,-0.209905,0.00472676,-0.151388,-0.232978,-0.0739767,-0.15286,0.00969316,-0.0435215,-0.16671,-0.167674,-0.123846,-0.010925,
0.101746,-0.114789,-0.144329,-0.0410072,0.177427,0.125386,0.0668984,0.0934758,-0.104359,0.0750056,-0.11613,0.0873974,-0.0796941,-0.125447,-0.276543,0.107953,
-0.0273451,-0.092787,-0.0111126,0.0444132,0.112271,-0.0129499,-0.0653077,-0.128023,-0.00866456,0.0927369,-0.179826,-0.0175629,-0.226713,0.0219891,-0.102227,0.1438,
-0.0668328,-0.0831345,0.0748806,-0.0343242,0.0326582,-0.0108513,0.0663119,-0.00654758,0.148113,-0.0685227,-0.012413,-0.0107288,0.0464051,-0.132419,-0.00939466,0.127524,
-0.225799,-0.0812171,-0.0506974,0.0345568,-0.0155054,0.101181,0.0960458,-0.083111,-0.00866466,-0.141706,0.0251853,-0.137487,0.0667169,-0.0773619,-0.107518,-0.01028,
-0.0570325,0.0464099,0.332851,0.0733993,-0.0777787,-0.0739766,-0.111653,-0.0602244,0.0964035,-0.00783733,0.0684058,0.045302,0.0526011,-0.0147407,-0.262084,0.0949139,
-0.148342,0.146907,0.117042,0.0899433,0.0410983,-0.085389,0.0961522,-0.164652,0.159585,0.197079,-0.169752,-0.169531,0.0525305,-0.0203982,-0.0512988,-0.0315262,
0.00411005,-0.0446954,-0.00635099,-0.120103,0.141481,-0.14272,0.270437,0.0961995,-0.0646709,0.00744137,-0.101547,-0.110862,0.097585,-0.0523887,0.0465832,0.0762647,
-0.0547966,-0.103431,-0.119363,0.0464218,-0.0661771,-0.0538364,0.118329,-0.0432479,0.144003,0.0695812,0.024167,-0.0414487,0.0566905,0.125404,-0.0301092,0.150211,
0.0285923,-0.124969,-0.0192488,-0.12635,0.01728,-0.0898296,0.11811,-0.0845669,0.00455574,-0.1642,-0.127441,-0.17084,0.0623765,-0.0654037,0.0900373,0.119762,
-0.0713863,0.00314993,-0.0352063,0.0849045,0.068304,0.220384,0.031299,-0.173611,0.0928272,-0.0616323,-0.146297,-0.239333,-0.139622,-0.0377169,-0.253361,0.0826519,
0.0396617,-0.198454,0.154604,-0.0219752,-0.0503395,-0.0428974,-0.0359065,-0.107116,0.0330345,-0.15956,0.0413619,0.00622621,-0.126468,-0.111382,0.23819,0.0358881,
-0.0111512,0.0346509,0.0158511,0.0939616,-0.0200272,0.0192101,0.132255,0.0236809,0.0900675,-0.00510044,-0.0271126,-0.0103198,0.0559397,0.0188356,0.140182,-0.0244399,
-0.041675,-0.034789,0.063571,-0.05134,-0.012916,-0.0525553,-0.0272774,0.271097,0.0193102,0.0981206,-0.0548406,0.00797744,-0.0507739,0.0675095,0.0302176,-0.126946,
0.0269427,-0.150161,-0.0230677,0.0369263,0.192822,-0.0577531,-0.117538,-0.00733507,-0.0236336,0.012065,-0.0838415,0.0119667,0.0675943,0.000826694,0.0768676,-0.078683,
-0.124693,-0.0929238,0.0423645,0.0469006,-0.0615273,0.0948792,0.0771264,0.204787,-0.0191012,-0.0402113,0.170358,0.0379731,-0.101442,-0.0983227,-0.143296,-0.0979119,
0.0595947,0.101824,0.0424877,0.19432,0.00286157,-0.0553472,-0.0241646,-0.208389,-0.0847793,-0.0710726,0.0756364,-0.22338,0.0767275,-0.0662121,-0.0491982,-0.163049,
0.218063,0.0453374,-0.109322,-0.103941,-0.0340119,-0.117185,0.0864338,0.0516202,-0.143093,-0.0429561,-0.0211737,0.177211,0.104563,-0.0113735,-0.0676501,-0.138134,
-0.0961421,-0.0580161,-0.0912016,-0.0446252,0.12696,-0.0629119,0.0134068,0.110445,0.084991,-0.141541,0.0695328,0.0959717,0.160543,-0.0849372,-0.0241528,0.0686223,
-0.0895969,0.0102286,0.133097,0.0171494,0.0182361,-0.000728919,-0.111351,0.108103,-0.109622,-0.110892,0.0451884,-0.0275925,0.0316439,-0.173558,0.010196,0.0840785,
-0.141143,-0.0203072,-0.0185946,-0.0851879,-0.127022,-0.190008,0.0677838,-0.0844417,0.0668815,-0.0137663,-0.0846521,-0.163826,-0.00915093,0.0711572,0.0235625,-0.00969472,
-0.0854614,0.0949211,-0.000444402,0.0027751,0.0375848,0.0367837,0.101317,-0.0975739,0.0879831,-0.00212399,-0.101625,-0.000710234,0.205736,0.273789,0.079768,-0.0691232,
0.133885,-0.0308049,0.0083553,0.182759,0.183494,-0.19631,-0.0953217,-0.0169628,-0.0702336,-0.0407874,-0.25889,-0.00882638,-0.00523872,0.0309738,0.156428,0.0712073,
-0.0692432,-0.0789621,-0.000528729,-0.0679763,-0.0962718,0.00395868,0.0633363,-0.0391177,0.141965,-0.0573976,0.095253,0.166099,-0.0535709,-0.0279001,-0.133175,-0.11216,
-0.139997,0.00206681,0.119314,-0.0842336,-0.0566588,-0.0113688,0.0090117,0.0203995,-0.134818,-0.0745132,-0.0859456,0.012142,-0.0153957,-0.0889571,0.148617,0.311519,
-0.0573087,-0.000672672,-0.0639037,-0.0437794,0.0913045,-0.214822,-0.0212583,-0.0536438,0.045743,0.114518,-0.0240618,-0.19712,-0.050612,-0.0194211,-0.11581,0.119826,
0.0479853,0.194809,-0.164893,0.0852255,-0.117181,0.101258,0.0439595,0.0515693,0.0381966,-0.0820401,-0.0686766,-0.0835346,0.0703919,-0.131182,-0.0221792,0.0292318,
-0.00916752,-0.0427644,0.0702788,0.0903442,-0.125639,0.0207899,-0.216636,-0.0491018,0.0660722,-0.105325,0.000426711,0.0957953,0.2111,-0.102242,-0.0631798,0.0857813,
0.12242,-0.2386,0.0280119,0.104701,0.0427148,0.00915361,-0.0484633,0.0440528,0.148286,0.0510906,-0.229747,0.0461563,-0.200788,0.0588405,-0.0147526,0.196035,
0.142127,0.171133,0.0818177,-0.0342401,-0.15182,-0.0381116,-0.0122484,-0.153465,-0.132968,0.0715567,-0.0276713,-0.065108,-0.0714663,0.062486,-0.225419,-0.121778,
0.0807025,-0.201437,0.134314,0.202001,-0.0492337,-0.00864392,0.0222735,0.00367315,0.0990143,0.0681414,-0.0472785,0.0926955,-0.0261971,-0.137609,0.0714578,0.0660128,
0.10434,0.149093,-0.12208,-0.104423,-0.137341,0.0354867,-0.109934,-0.116556,-0.1247,0.13115,0.0192555,0.0492369,0.00816783,0.0755694,-0.0559463,0.0424273,
0.0902637,0.00193872,-0.0492532,-0.0840706,-0.0194365,-0.013023,-0.0735059,-0.0583319,-0.0302803,-0.0654968,-0.0840793,-0.205328,0.00821703,0.106426,-0.0481912,-0.149674,
0.104253,-0.152084,-0.141109,0.156188,-0.125401,0.0822229,-0.104295,0.0699595,-0.083855,0.240985,0.0867926,0.0739867,-0.0343089,-0.0667523,0.0176375,-0.0139961,
-0.0342792,-0.0757225,0.118572,0.217803,-0.101022,-0.0229024,-0.0934075,-0.0554927,-0.204763,0.0869778,0.192681,-0.0424693,-0.0212911,0.136374,0.147769,-0.0672663,
-0.183448,0.144616,0.102894,-0.0476364,0.0482231,-0.0863284,0.231309,0.124021,0.165213,0.183486,-0.01632,-0.0140962,-0.0549711,-0.00913226,-0.0158106,-0.280455,
0.129796,-0.0689982,-0.0979153,-0.0595599,-0.0550501,0.170194,0.0271649,-0.0490979,0.182829,0.0626522,0.0737412,0.0796556,0.00504399,-0.131412,-0.047346,-0.0186133,
-0.0839494,-0.0531967,-0.0286627,0.0490525,0.0895669,-0.141625,-0.0760767,0.193763,-0.149067,0.0592346,-0.0467976,-0.121211,0.0670658,0.0501339,0.0100249,-0.0391543,
0.107739,-0.0247445,-0.0831524,0.208115,-0.0594176,0.140269,0.0185288,0.134426,0.0390742,-0.00496997,-0.10993,-0.118255,0.015166,-0.00793128,0.0807959,0.0749131,
0.131005,-0.0202732,0.123204,-0.040822,0.0603477,0.0808066,0.144611,0.0230091,-0.0886925,-0.0180233,-0.045434,-0.136987,-0.0684957,0.182482,0.0517824,0.0639684,
0.993746,0.628761,1.2054,0.702343,0.850349,1.17835,0.73583,0.793419,0.694407,1.0563,1.26205,1.10031,1.23147,1.07438,0.883554,1.10869,
-0.357353,0.1655,-0.438016,0.336374,-0.269741,0.141761,-0.036976,-0.0141823,-0.141851,0.0368125,0.0692477,0.111074,0.128878,-0.0569131,0.462428,0.12323,
-0.101184,0.624255,0.627828,-0.33886,0.459951,-0.0840321,-0.204353,0.188392,-0.399755,0.640345,0.138436,-0.81554,0.578486,-0.204357,0.187542,-0.0531717,
0.283424,-0.037582,0.0179687,0.512857,0.080674,-0.202729,0.130554,0.559529,0.335117,0.121389,0.365865,-0.270613,0.0853469,-0.695414,0.0599138,0.376204,
0.3161,-0.21637,0.135358,0.194509,-0.150581,0.228413,-0.0749376,0.593591,-0.305922,0.424616,0.349592,0.012742,-0.333206,-0.987316,0.00317052,-0.177967,
-0.375339,-0.0499091,0.357444,0.293058,0.409667,0.0416473,0.444055,-0.285871,-0.401147,0.642337,0.433196,-0.258909,0.0501745,0.110173,0.0278541,-0.365482,
0.486935,-0.459803,0.41418,0.23189,-0.0145686,-0.349817,0.396471,0.247878,0.104236,-0.395464,0.263591,0.216887,0.0290282,-0.0560113,-0.429777,-0.708754,
0.487758,0.586804,0.598641,-0.117692,-0.180351,0.0567431,-0.428575,0.132902,-0.298666,-0.242087,0.150791,0.00107071,-0.573103,0.22074,0.458334,0.237239,
0.198431,-0.121026,0.913292,-0.259944,0.361732,0.4545,-0.435005,0.404829,-0.180647,0.157118,-0.332836,0.105772,0.293911,-0.151869,0.429705,-0.220047,
-0.179128,0.774561,-0.0445265,-0.378736,0.491487,-0.615762,-0.318593,-0.0587925,-0.611273,0.251261,0.475099,-0.102938,0.103252,0.732361,0.738554,0.121589,
-0.276224,-0.18693,-0.248961,-0.306678,0.212517,-0.0105604,0.0324096,-0.0106074,-0.0374854,-0.838768,0.188194,0.277551,0.986352,-0.0151318,0.221591,0.149898,
0.424746,0.236393,-0.168362,-0.287994,-0.229484,0.206343,0.30711,-0.170532,0.197656,0.426812,0.0777419,0.440781,-0.392036,0.489702,-0.37494,0.669743,
-0.179147,-0.155298,-0.6137,0.938867,-0.268919,0.0363634,-0.020312,0.259451,0.205328,0.456748,-0.486101,0.443053,-0.221793,-0.0822801,0.692946,-0.482004,
0.126025,-0.34407,-0.530002,0.088891,-0.168491,0.744333,-0.0473499,0.282415,0.115869,-0.203665,-0.293275,0.466798,0.24463,-0.495955,0.136423,0.0530964,
-0.127576,0.371201,0.538632,0.0101127,-0.0609899,0.335179,0.383044,-0.282138,0.644417,0.398643,-0.720833,-0.127367,0.337955,0.519547,-0.387284,0.313508,
0.440023,0.280015,0.0711644,-0.420168,-0.0368264,0.850655,-0.448173,0.254545,-0.3289,-0.143161,0.0746468,0.113844,-0.130087,-0.0836259,0.0395004,0.536186,
0.0976744,-0.103436,-0.0764602,0.478997,-0.00658797,-0.895402,0.0410676,0.131599,0.0782437,-0.02725,-0.0693906,0.349358,0.0346283,0.643874,0.769794,-0.245285,
1.08041,0.953124,0.868155,1.10212,0.916051,0.998672,1.09064,1.01031,1.1462,0.998394,1.08561,1.00181,1.00103,0.983651,0.979975,1.18831,
-0.222357,0.207443,-0.0810609,-0.955316,-0.146482,-0.142305,0.596354,0.378638,-0.0947646,0.032008,
-0.302382,0.499459,0.604199,0.158516,-0.538262,0.423835,-0.102244,0.33914,-0.639981,-0.494137,
0.58468,0.354947,0.508413,-0.321151,-0.547733,0.408549,0.316741,-0.0127384,0.111315,-1.2093,
-0.549095,0.290566,-0.822954,-0.0591534,0.542894,0.248159,-0.814206,-0.029868,0.200461,0.583144,
0.243277,-0.323053,0.254736,0.363321,-0.684426,0.00248586,-0.0132916,0.168584,0.211314,-0.0147705,
0.889983,-0.566555,-0.0923558,0.146129,0.336244,0.104064,0.605188,-0.385282,-0.198809,-0.983114,
-0.00437875,0.0923314,-0.320598,0.259969,-0.00303056,-0.193257,0.15028,-0.627278,0.80506,0.474307,
0.0974264,-0.12698,-0.284482,-0.53897,-0.0263517,0.429807,0.050898,0.727073,-0.294708,0.241273,
-0.388885,0.0237889,0.35471,-0.527877,0.308929,-0.0585168,-0.160233,-0.778271,0.71163,0.396076,
-0.477921,0.479232,-0.41468,0.688913,-0.548153,0.731629,0.0682305,-0.799636,-0.0209381,0.00613181,
0.160741,0.498685,-0.0773755,0.32788,-1.06537,-0.293315,0.0227278,0.336082,-0.28905,0.329842,
-0.517815,-0.173513,-0.222601,-0.0224482,1.02606,-0.32954,0.317399,0.18816,0.19195,0.0778546,
0.707034,-1.13599,0.492338,0.142047,-0.169597,-0.0406574,-0.202073,-0.260416,0.190316,0.372201,
-0.639561,0.274901,0.806088,0.478845,0.0645433,-1.03457,-0.130829,0.397701,0.45201,-0.57405,
-0.362454,0.106795,0.31241,0.591678,0.178367,0.236412,-0.904646,0.935101,-0.561237,-0.0226128,
-0.449373,0.359409,0.60984,-0.331135,-0.201698,0.124168,0.856892,-0.650831,-0.498716,-0.239704,
1.02057,1.07164,0.984649,0.97951,1.00224,0.918931,0.981355,0.921571,0.943287,1.17627,
